base_id,text,intent,clean_text,emojis,excess_punct_count,label
complaint_002,"Aapki service bohot bekar hai, refund kab milega mera?",complaint,"Aapki service bohot bekar hai, refund kab milega mera?",,0,0
complaint_002,"Arre Aapki service bohot bekar hai, refund kab milega mera? please",complaint,"Arre Aapki service bohot bekar hai, refund kab milega mera? please",,0,0
complaint_002,"Hey, Aapki service bohot bekar hai, refund kab milega mera?!",complaint,"Hey, Aapki service bohot bekar hai, refund kab milega mera?!",,0,0
complaint_002,"Bhai Aapki service bohot bekar hai, refund kab milega mera? jaldi batao",complaint,"Bhai Aapki service bohot bekar hai, refund kab milega mera? jaldi batao",,0,0
complaint_002,"Sir Aapki service bohot bekar hai, refund kab milega mera? kindly confirm",complaint,"Sir Aapki service bohot bekar hai, refund kab milega mera? kindly confirm",,0,0
complaint_002,"Sunna Aapki service bohot bekar hai, refund kab milega mera?...",complaint,"Sunna Aapki service bohot bekar hai, refund kab milega mera?.",,1,0
complaint_002,"Dekho Aapki service bohot bekar hai, refund kab milega mera? actually",complaint,"Dekho Aapki service bohot bekar hai, refund kab milega mera? actually",,0,0
complaint_002,"Hello team, Aapki service bohot bekar hai, refund kab milega mera?",complaint,"Hello team, Aapki service bohot bekar hai, refund kab milega mera?",,0,0
complaint_003,"Item defective nikla hai, replace karwao jaldi please.",complaint,"Item defective nikla hai, replace karwao jaldi please.",,0,0
complaint_003,"Arre Item defective nikla hai, replace karwao jaldi please. please",complaint,"Arre Item defective nikla hai, replace karwao jaldi please. please",,0,0
complaint_003,"Hey, Item defective nikla hai, replace karwao jaldi please.!",complaint,"Hey, Item defective nikla hai, replace karwao jaldi please.!",,0,0
complaint_003,"Bhai Item defective nikla hai, replace karwao jaldi please. jaldi batao",complaint,"Bhai Item defective nikla hai, replace karwao jaldi please. jaldi batao",,0,0
complaint_003,"Sir Item defective nikla hai, replace karwao jaldi please. kindly confirm",complaint,"Sir Item defective nikla hai, replace karwao jaldi please. kindly confirm",,0,0
complaint_003,"Sunna Item defective nikla hai, replace karwao jaldi please....",complaint,"Sunna Item defective nikla hai, replace karwao jaldi please.",,1,0
complaint_003,"Dekho Item defective nikla hai, replace karwao jaldi please. actually",complaint,"Dekho Item defective nikla hai, replace karwao jaldi please. actually",,0,0
complaint_003,"Hello team, Item defective nikla hai, replace karwao jaldi please.",complaint,"Hello team, Item defective nikla hai, replace karwao jaldi please.",,0,0
complaint_007,App bar bar crash ho raha hai aur checkout fail ho raha hai.,complaint,App bar bar crash ho raha hai aur checkout fail ho raha hai.,,0,0
complaint_007,Arre App bar bar crash ho raha hai aur checkout fail ho raha hai. please,complaint,Arre App bar bar crash ho raha hai aur checkout fail ho raha hai. please,,0,0
complaint_007,"Hey, App bar bar crash ho raha hai aur checkout fail ho raha hai.!",complaint,"Hey, App bar bar crash ho raha hai aur checkout fail ho raha hai.!",,0,0
complaint_007,Bhai App bar bar crash ho raha hai aur checkout fail ho raha hai. jaldi batao,complaint,Bhai App bar bar crash ho raha hai aur checkout fail ho raha hai. jaldi batao,,0,0
complaint_007,Sir App bar bar crash ho raha hai aur checkout fail ho raha hai. kindly confirm,complaint,Sir App bar bar crash ho raha hai aur checkout fail ho raha hai. kindly confirm,,0,0
complaint_007,Sunna App bar bar crash ho raha hai aur checkout fail ho raha hai....,complaint,Sunna App bar bar crash ho raha hai aur checkout fail ho raha hai.,,1,0
complaint_007,Dekho App bar bar crash ho raha hai aur checkout fail ho raha hai. actually,complaint,Dekho App bar bar crash ho raha hai aur checkout fail ho raha hai. actually,,0,0
complaint_007,"Hello team, App bar bar crash ho raha hai aur checkout fail ho raha hai.",complaint,"Hello team, App bar bar crash ho raha hai aur checkout fail ho raha hai.",,0,0
complaint_008,"Galat product bhej diya aapne, mujhe ye wala nahi chahiye tha.",complaint,"Galat product bhej diya aapne, mujhe ye wala nahi chahiye tha.",,0,0
complaint_008,"Arre Galat product bhej diya aapne, mujhe ye wala nahi chahiye tha. please",complaint,"Arre Galat product bhej diya aapne, mujhe ye wala nahi chahiye tha. please",,0,0
complaint_008,"Hey, Galat product bhej diya aapne, mujhe ye wala nahi chahiye tha.!",complaint,"Hey, Galat product bhej diya aapne, mujhe ye wala nahi chahiye tha.!",,0,0
complaint_008,"Bhai Galat product bhej diya aapne, mujhe ye wala nahi chahiye tha. jaldi batao",complaint,"Bhai Galat product bhej diya aapne, mujhe ye wala nahi chahiye tha. jaldi batao",,0,0
complaint_008,"Sir Galat product bhej diya aapne, mujhe ye wala nahi chahiye tha. kindly confirm",complaint,"Sir Galat product bhej diya aapne, mujhe ye wala nahi chahiye tha. kindly confirm",,0,0
complaint_008,"Sunna Galat product bhej diya aapne, mujhe ye wala nahi chahiye tha....",complaint,"Sunna Galat product bhej diya aapne, mujhe ye wala nahi chahiye tha.",,1,0
complaint_008,"Dekho Galat product bhej diya aapne, mujhe ye wala nahi chahiye tha. actually",complaint,"Dekho Galat product bhej diya aapne, mujhe ye wala nahi chahiye tha. actually",,0,0
complaint_008,"Hello team, Galat product bhej diya aapne, mujhe ye wala nahi chahiye tha.",complaint,"Hello team, Galat product bhej diya aapne, mujhe ye wala nahi chahiye tha.",,0,0
complaint_009,"Customer support pe koi call receive nahi kar raha, fraud company hai kya?",complaint,"Customer support pe koi call receive nahi kar raha, fraud company hai kya?",,0,0
complaint_009,"Arre Customer support pe koi call receive nahi kar raha, fraud company hai kya? please",complaint,"Arre Customer support pe koi call receive nahi kar raha, fraud company hai kya? please",,0,0
complaint_009,"Hey, Customer support pe koi call receive nahi kar raha, fraud company hai kya?!",complaint,"Hey, Customer support pe koi call receive nahi kar raha, fraud company hai kya?!",,0,0
complaint_009,"Bhai Customer support pe koi call receive nahi kar raha, fraud company hai kya? jaldi batao",complaint,"Bhai Customer support pe koi call receive nahi kar raha, fraud company hai kya? jaldi batao",,0,0
complaint_009,"Sir Customer support pe koi call receive nahi kar raha, fraud company hai kya? kindly confirm",complaint,"Sir Customer support pe koi call receive nahi kar raha, fraud company hai kya? kindly confirm",,0,0
complaint_009,"Sunna Customer support pe koi call receive nahi kar raha, fraud company hai kya?...",complaint,"Sunna Customer support pe koi call receive nahi kar raha, fraud company hai kya?.",,1,0
complaint_009,"Dekho Customer support pe koi call receive nahi kar raha, fraud company hai kya? actually",complaint,"Dekho Customer support pe koi call receive nahi kar raha, fraud company hai kya? actually",,0,0
complaint_009,"Hello team, Customer support pe koi call receive nahi kar raha, fraud company hai kya?",complaint,"Hello team, Customer support pe koi call receive nahi kar raha, fraud company hai kya?",,0,0
complaint_010,Mera subscription bina permission ke auto-renew kaise ho gaya?,complaint,Mera subscription bina permission ke auto-renew kaise ho gaya?,,0,0
complaint_010,Arre Mera subscription bina permission ke auto-renew kaise ho gaya? please,complaint,Arre Mera subscription bina permission ke auto-renew kaise ho gaya? please,,0,0
complaint_010,"Hey, Mera subscription bina permission ke auto-renew kaise ho gaya?!",complaint,"Hey, Mera subscription bina permission ke auto-renew kaise ho gaya?!",,0,0
complaint_010,Bhai Mera subscription bina permission ke auto-renew kaise ho gaya? jaldi batao,complaint,Bhai Mera subscription bina permission ke auto-renew kaise ho gaya? jaldi batao,,0,0
complaint_010,Sir Mera subscription bina permission ke auto-renew kaise ho gaya? kindly confirm,complaint,Sir Mera subscription bina permission ke auto-renew kaise ho gaya? kindly confirm,,0,0
complaint_010,Sunna Mera subscription bina permission ke auto-renew kaise ho gaya?...,complaint,Sunna Mera subscription bina permission ke auto-renew kaise ho gaya?.,,1,0
complaint_010,Dekho Mera subscription bina permission ke auto-renew kaise ho gaya? actually,complaint,Dekho Mera subscription bina permission ke auto-renew kaise ho gaya? actually,,0,0
complaint_010,"Hello team, Mera subscription bina permission ke auto-renew kaise ho gaya?",complaint,"Hello team, Mera subscription bina permission ke auto-renew kaise ho gaya?",,0,0
complaint_011,"Bill me extra charges add kar diye bina bataye, resolve it immediately.",complaint,"Bill me extra charges add kar diye bina bataye, resolve it immediately.",,0,0
complaint_011,"Arre Bill me extra charges add kar diye bina bataye, resolve it immediately. please",complaint,"Arre Bill me extra charges add kar diye bina bataye, resolve it immediately. please",,0,0
complaint_011,"Hey, Bill me extra charges add kar diye bina bataye, resolve it immediately.!",complaint,"Hey, Bill me extra charges add kar diye bina bataye, resolve it immediately.!",,0,0
complaint_011,"Bhai Bill me extra charges add kar diye bina bataye, resolve it immediately. jaldi batao",complaint,"Bhai Bill me extra charges add kar diye bina bataye, resolve it immediately. jaldi batao",,0,0
complaint_011,"Sir Bill me extra charges add kar diye bina bataye, resolve it immediately. kindly confirm",complaint,"Sir Bill me extra charges add kar diye bina bataye, resolve it immediately. kindly confirm",,0,0
complaint_011,"Sunna Bill me extra charges add kar diye bina bataye, resolve it immediately....",complaint,"Sunna Bill me extra charges add kar diye bina bataye, resolve it immediately.",,1,0
complaint_011,"Dekho Bill me extra charges add kar diye bina bataye, resolve it immediately. actually",complaint,"Dekho Bill me extra charges add kar diye bina bataye, resolve it immediately. actually",,0,0
complaint_011,"Hello team, Bill me extra charges add kar diye bina bataye, resolve it immediately.",complaint,"Hello team, Bill me extra charges add kar diye bina bataye, resolve it immediately.",,0,0
complaint_012,"Delivery boy ne package door pe fek ke chala gaya, box damaged hai.",complaint,"Delivery boy ne package door pe fek ke chala gaya, box damaged hai.",,0,0
complaint_012,"Arre Delivery boy ne package door pe fek ke chala gaya, box damaged hai. please",complaint,"Arre Delivery boy ne package door pe fek ke chala gaya, box damaged hai. please",,0,0
complaint_012,"Hey, Delivery boy ne package door pe fek ke chala gaya, box damaged hai.!",complaint,"Hey, Delivery boy ne package door pe fek ke chala gaya, box damaged hai.!",,0,0
complaint_012,"Bhai Delivery boy ne package door pe fek ke chala gaya, box damaged hai. jaldi batao",complaint,"Bhai Delivery boy ne package door pe fek ke chala gaya, box damaged hai. jaldi batao",,0,0
complaint_012,"Sir Delivery boy ne package door pe fek ke chala gaya, box damaged hai. kindly confirm",complaint,"Sir Delivery boy ne package door pe fek ke chala gaya, box damaged hai. kindly confirm",,0,0
complaint_012,"Sunna Delivery boy ne package door pe fek ke chala gaya, box damaged hai....",complaint,"Sunna Delivery boy ne package door pe fek ke chala gaya, box damaged hai.",,1,0
complaint_012,"Dekho Delivery boy ne package door pe fek ke chala gaya, box damaged hai. actually",complaint,"Dekho Delivery boy ne package door pe fek ke chala gaya, box damaged hai. actually",,0,0
complaint_012,"Hello team, Delivery boy ne package door pe fek ke chala gaya, box damaged hai.",complaint,"Hello team, Delivery boy ne package door pe fek ke chala gaya, box damaged hai.",,0,0
complaint_014,Refund initiate huye 10 din ho gaye par bank me credit nahi aaya.,complaint,Refund initiate huye 10 din ho gaye par bank me credit nahi aaya.,,0,0
complaint_014,Arre Refund initiate huye 10 din ho gaye par bank me credit nahi aaya. please,complaint,Arre Refund initiate huye 10 din ho gaye par bank me credit nahi aaya. please,,0,0
complaint_014,"Hey, Refund initiate huye 10 din ho gaye par bank me credit nahi aaya.!",complaint,"Hey, Refund initiate huye 10 din ho gaye par bank me credit nahi aaya.!",,0,0
complaint_014,Bhai Refund initiate huye 10 din ho gaye par bank me credit nahi aaya. jaldi batao,complaint,Bhai Refund initiate huye 10 din ho gaye par bank me credit nahi aaya. jaldi batao,,0,0
complaint_014,Sir Refund initiate huye 10 din ho gaye par bank me credit nahi aaya. kindly confirm,complaint,Sir Refund initiate huye 10 din ho gaye par bank me credit nahi aaya. kindly confirm,,0,0
complaint_014,Sunna Refund initiate huye 10 din ho gaye par bank me credit nahi aaya....,complaint,Sunna Refund initiate huye 10 din ho gaye par bank me credit nahi aaya.,,1,0
complaint_014,Dekho Refund initiate huye 10 din ho gaye par bank me credit nahi aaya. actually,complaint,Dekho Refund initiate huye 10 din ho gaye par bank me credit nahi aaya. actually,,0,0
complaint_014,"Hello team, Refund initiate huye 10 din ho gaye par bank me credit nahi aaya.",complaint,"Hello team, Refund initiate huye 10 din ho gaye par bank me credit nahi aaya.",,0,0
complaint_016,"Product quality ekdum third class hai, return request accept karo.",complaint,"Product quality ekdum third class hai, return request accept karo.",,0,0
complaint_016,"Arre Product quality ekdum third class hai, return request accept karo. please",complaint,"Arre Product quality ekdum third class hai, return request accept karo. please",,0,0
complaint_016,"Hey, Product quality ekdum third class hai, return request accept karo.!",complaint,"Hey, Product quality ekdum third class hai, return request accept karo.!",,0,0
complaint_016,"Bhai Product quality ekdum third class hai, return request accept karo. jaldi batao",complaint,"Bhai Product quality ekdum third class hai, return request accept karo. jaldi batao",,0,0
complaint_016,"Sir Product quality ekdum third class hai, return request accept karo. kindly confirm",complaint,"Sir Product quality ekdum third class hai, return request accept karo. kindly confirm",,0,0
complaint_016,"Sunna Product quality ekdum third class hai, return request accept karo....",complaint,"Sunna Product quality ekdum third class hai, return request accept karo.",,1,0
complaint_016,"Dekho Product quality ekdum third class hai, return request accept karo. actually",complaint,"Dekho Product quality ekdum third class hai, return request accept karo. actually",,0,0
complaint_016,"Hello team, Product quality ekdum third class hai, return request accept karo.",complaint,"Hello team, Product quality ekdum third class hai, return request accept karo.",,0,0
complaint_017,Network connectivity issue solve nahi hua 2 weeks se.,complaint,Network connectivity issue solve nahi hua 2 weeks se.,,0,0
complaint_017,Arre Network connectivity issue solve nahi hua 2 weeks se. please,complaint,Arre Network connectivity issue solve nahi hua 2 weeks se. please,,0,0
complaint_017,"Hey, Network connectivity issue solve nahi hua 2 weeks se.!",complaint,"Hey, Network connectivity issue solve nahi hua 2 weeks se.!",,0,0
complaint_017,Bhai Network connectivity issue solve nahi hua 2 weeks se. jaldi batao,complaint,Bhai Network connectivity issue solve nahi hua 2 weeks se. jaldi batao,,0,0
complaint_017,Sir Network connectivity issue solve nahi hua 2 weeks se. kindly confirm,complaint,Sir Network connectivity issue solve nahi hua 2 weeks se. kindly confirm,,0,0
complaint_017,Sunna Network connectivity issue solve nahi hua 2 weeks se....,complaint,Sunna Network connectivity issue solve nahi hua 2 weeks se.,,1,0
complaint_017,Dekho Network connectivity issue solve nahi hua 2 weeks se. actually,complaint,Dekho Network connectivity issue solve nahi hua 2 weeks se. actually,,0,0
complaint_017,"Hello team, Network connectivity issue solve nahi hua 2 weeks se.",complaint,"Hello team, Network connectivity issue solve nahi hua 2 weeks se.",,0,0
complaint_018,"Mujhe manager se baat karni hai, agent problem resolve nahi kar paa raha.",complaint,"Mujhe manager se baat karni hai, agent problem resolve nahi kar paa raha.",,0,0
complaint_018,"Arre Mujhe manager se baat karni hai, agent problem resolve nahi kar paa raha. please",complaint,"Arre Mujhe manager se baat karni hai, agent problem resolve nahi kar paa raha. please",,0,0
complaint_018,"Hey, Mujhe manager se baat karni hai, agent problem resolve nahi kar paa raha.!",complaint,"Hey, Mujhe manager se baat karni hai, agent problem resolve nahi kar paa raha.!",,0,0
complaint_018,"Bhai Mujhe manager se baat karni hai, agent problem resolve nahi kar paa raha. jaldi batao",complaint,"Bhai Mujhe manager se baat karni hai, agent problem resolve nahi kar paa raha. jaldi batao",,0,0
complaint_018,"Sir Mujhe manager se baat karni hai, agent problem resolve nahi kar paa raha. kindly confirm",complaint,"Sir Mujhe manager se baat karni hai, agent problem resolve nahi kar paa raha. kindly confirm",,0,0
complaint_018,"Sunna Mujhe manager se baat karni hai, agent problem resolve nahi kar paa raha....",complaint,"Sunna Mujhe manager se baat karni hai, agent problem resolve nahi kar paa raha.",,1,0
complaint_018,"Dekho Mujhe manager se baat karni hai, agent problem resolve nahi kar paa raha. actually",complaint,"Dekho Mujhe manager se baat karni hai, agent problem resolve nahi kar paa raha. actually",,0,0
complaint_018,"Hello team, Mujhe manager se baat karni hai, agent problem resolve nahi kar paa raha.",complaint,"Hello team, Mujhe manager se baat karni hai, agent problem resolve nahi kar paa raha.",,0,0
complaint_019,"Account hack ho gaya lagta hai, unauthorized transactions show kar raha hai.",complaint,"Account hack ho gaya lagta hai, unauthorized transactions show kar raha hai.",,0,0
complaint_019,"Arre Account hack ho gaya lagta hai, unauthorized transactions show kar raha hai. please",complaint,"Arre Account hack ho gaya lagta hai, unauthorized transactions show kar raha hai. please",,0,0
complaint_019,"Hey, Account hack ho gaya lagta hai, unauthorized transactions show kar raha hai.!",complaint,"Hey, Account hack ho gaya lagta hai, unauthorized transactions show kar raha hai.!",,0,0
complaint_019,"Bhai Account hack ho gaya lagta hai, unauthorized transactions show kar raha hai. jaldi batao",complaint,"Bhai Account hack ho gaya lagta hai, unauthorized transactions show kar raha hai. jaldi batao",,0,0
complaint_019,"Sir Account hack ho gaya lagta hai, unauthorized transactions show kar raha hai. kindly confirm",complaint,"Sir Account hack ho gaya lagta hai, unauthorized transactions show kar raha hai. kindly confirm",,0,0
complaint_019,"Sunna Account hack ho gaya lagta hai, unauthorized transactions show kar raha hai....",complaint,"Sunna Account hack ho gaya lagta hai, unauthorized transactions show kar raha hai.",,1,0
complaint_019,"Dekho Account hack ho gaya lagta hai, unauthorized transactions show kar raha hai. actually",complaint,"Dekho Account hack ho gaya lagta hai, unauthorized transactions show kar raha hai. actually",,0,0
complaint_019,"Hello team, Account hack ho gaya lagta hai, unauthorized transactions show kar raha hai.",complaint,"Hello team, Account hack ho gaya lagta hai, unauthorized transactions show kar raha hai.",,0,0
complaint_020,Warranty claim karne me itna issue kyu aa raha hai?,complaint,Warranty claim karne me itna issue kyu aa raha hai?,,0,0
complaint_020,Arre Warranty claim karne me itna issue kyu aa raha hai? please,complaint,Arre Warranty claim karne me itna issue kyu aa raha hai? please,,0,0
complaint_020,"Hey, Warranty claim karne me itna issue kyu aa raha hai?!",complaint,"Hey, Warranty claim karne me itna issue kyu aa raha hai?!",,0,0
complaint_020,Bhai Warranty claim karne me itna issue kyu aa raha hai? jaldi batao,complaint,Bhai Warranty claim karne me itna issue kyu aa raha hai? jaldi batao,,0,0
complaint_020,Sir Warranty claim karne me itna issue kyu aa raha hai? kindly confirm,complaint,Sir Warranty claim karne me itna issue kyu aa raha hai? kindly confirm,,0,0
complaint_020,Sunna Warranty claim karne me itna issue kyu aa raha hai?...,complaint,Sunna Warranty claim karne me itna issue kyu aa raha hai?.,,1,0
complaint_020,Dekho Warranty claim karne me itna issue kyu aa raha hai? actually,complaint,Dekho Warranty claim karne me itna issue kyu aa raha hai? actually,,0,0
complaint_020,"Hello team, Warranty claim karne me itna issue kyu aa raha hai?",complaint,"Hello team, Warranty claim karne me itna issue kyu aa raha hai?",,0,0
complaint_021,Booking cancel kar di par cancellation charges kyu kaate mere?,complaint,Booking cancel kar di par cancellation charges kyu kaate mere?,,0,0
complaint_021,Arre Booking cancel kar di par cancellation charges kyu kaate mere? please,complaint,Arre Booking cancel kar di par cancellation charges kyu kaate mere? please,,0,0
complaint_021,"Hey, Booking cancel kar di par cancellation charges kyu kaate mere?!",complaint,"Hey, Booking cancel kar di par cancellation charges kyu kaate mere?!",,0,0
complaint_021,Bhai Booking cancel kar di par cancellation charges kyu kaate mere? jaldi batao,complaint,Bhai Booking cancel kar di par cancellation charges kyu kaate mere? jaldi batao,,0,0
complaint_021,Sir Booking cancel kar di par cancellation charges kyu kaate mere? kindly confirm,complaint,Sir Booking cancel kar di par cancellation charges kyu kaate mere? kindly confirm,,0,0
complaint_021,Sunna Booking cancel kar di par cancellation charges kyu kaate mere?...,complaint,Sunna Booking cancel kar di par cancellation charges kyu kaate mere?.,,1,0
complaint_021,Dekho Booking cancel kar di par cancellation charges kyu kaate mere? actually,complaint,Dekho Booking cancel kar di par cancellation charges kyu kaate mere? actually,,0,0
complaint_021,"Hello team, Booking cancel kar di par cancellation charges kyu kaate mere?",complaint,"Hello team, Booking cancel kar di par cancellation charges kyu kaate mere?",,0,0
complaint_022,Ye product description se match nahi karta bilkul fake item hai.,complaint,Ye product description se match nahi karta bilkul fake item hai.,,0,0
complaint_022,Arre Ye product description se match nahi karta bilkul fake item hai. please,complaint,Arre Ye product description se match nahi karta bilkul fake item hai. please,,0,0
complaint_022,"Hey, Ye product description se match nahi karta bilkul fake item hai.!",complaint,"Hey, Ye product description se match nahi karta bilkul fake item hai.!",,0,0
complaint_022,Bhai Ye product description se match nahi karta bilkul fake item hai. jaldi batao,complaint,Bhai Ye product description se match nahi karta bilkul fake item hai. jaldi batao,,0,0
complaint_022,Sir Ye product description se match nahi karta bilkul fake item hai. kindly confirm,complaint,Sir Ye product description se match nahi karta bilkul fake item hai. kindly confirm,,0,0
complaint_022,Sunna Ye product description se match nahi karta bilkul fake item hai....,complaint,Sunna Ye product description se match nahi karta bilkul fake item hai.,,1,0
complaint_022,Dekho Ye product description se match nahi karta bilkul fake item hai. actually,complaint,Dekho Ye product description se match nahi karta bilkul fake item hai. actually,,0,0
complaint_022,"Hello team, Ye product description se match nahi karta bilkul fake item hai.",complaint,"Hello team, Ye product description se match nahi karta bilkul fake item hai.",,0,0
complaint_024,Technical support team bilkul useless hai koi response nahi deta.,complaint,Technical support team bilkul useless hai koi response nahi deta.,,0,0
complaint_024,Arre Technical support team bilkul useless hai koi response nahi deta. please,complaint,Arre Technical support team bilkul useless hai koi response nahi deta. please,,0,0
complaint_024,"Hey, Technical support team bilkul useless hai koi response nahi deta.!",complaint,"Hey, Technical support team bilkul useless hai koi response nahi deta.!",,0,0
complaint_024,Bhai Technical support team bilkul useless hai koi response nahi deta. jaldi batao,complaint,Bhai Technical support team bilkul useless hai koi response nahi deta. jaldi batao,,0,0
complaint_024,Sir Technical support team bilkul useless hai koi response nahi deta. kindly confirm,complaint,Sir Technical support team bilkul useless hai koi response nahi deta. kindly confirm,,0,0
complaint_024,Sunna Technical support team bilkul useless hai koi response nahi deta....,complaint,Sunna Technical support team bilkul useless hai koi response nahi deta.,,1,0
complaint_024,Dekho Technical support team bilkul useless hai koi response nahi deta. actually,complaint,Dekho Technical support team bilkul useless hai koi response nahi deta. actually,,0,0
complaint_024,"Hello team, Technical support team bilkul useless hai koi response nahi deta.",complaint,"Hello team, Technical support team bilkul useless hai koi response nahi deta.",,0,0
complaint_025,Package open mila mujhe seal already broken thi.,complaint,Package open mila mujhe seal already broken thi.,,0,0
complaint_025,Arre Package open mila mujhe seal already broken thi. please,complaint,Arre Package open mila mujhe seal already broken thi. please,,0,0
complaint_025,"Hey, Package open mila mujhe seal already broken thi.!",complaint,"Hey, Package open mila mujhe seal already broken thi.!",,0,0
complaint_025,Bhai Package open mila mujhe seal already broken thi. jaldi batao,complaint,Bhai Package open mila mujhe seal already broken thi. jaldi batao,,0,0
complaint_025,Sir Package open mila mujhe seal already broken thi. kindly confirm,complaint,Sir Package open mila mujhe seal already broken thi. kindly confirm,,0,0
complaint_025,Sunna Package open mila mujhe seal already broken thi....,complaint,Sunna Package open mila mujhe seal already broken thi.,,1,0
complaint_025,Dekho Package open mila mujhe seal already broken thi. actually,complaint,Dekho Package open mila mujhe seal already broken thi. actually,,0,0
complaint_025,"Hello team, Package open mila mujhe seal already broken thi.",complaint,"Hello team, Package open mila mujhe seal already broken thi.",,0,0
complaint_026,Delivery agent ne OTP bina liye status delivered mark kar diya.,complaint,Delivery agent ne OTP bina liye status delivered mark kar diya.,,0,0
complaint_026,Arre Delivery agent ne OTP bina liye status delivered mark kar diya. please,complaint,Arre Delivery agent ne OTP bina liye status delivered mark kar diya. please,,0,0
complaint_026,"Hey, Delivery agent ne OTP bina liye status delivered mark kar diya.!",complaint,"Hey, Delivery agent ne OTP bina liye status delivered mark kar diya.!",,0,0
complaint_026,Bhai Delivery agent ne OTP bina liye status delivered mark kar diya. jaldi batao,complaint,Bhai Delivery agent ne OTP bina liye status delivered mark kar diya. jaldi batao,,0,0
complaint_026,Sir Delivery agent ne OTP bina liye status delivered mark kar diya. kindly confirm,complaint,Sir Delivery agent ne OTP bina liye status delivered mark kar diya. kindly confirm,,0,0
complaint_026,Sunna Delivery agent ne OTP bina liye status delivered mark kar diya....,complaint,Sunna Delivery agent ne OTP bina liye status delivered mark kar diya.,,1,0
complaint_026,Dekho Delivery agent ne OTP bina liye status delivered mark kar diya. actually,complaint,Dekho Delivery agent ne OTP bina liye status delivered mark kar diya. actually,,0,0
complaint_026,"Hello team, Delivery agent ne OTP bina liye status delivered mark kar diya.",complaint,"Hello team, Delivery agent ne OTP bina liye status delivered mark kar diya.",,0,0
complaint_031,Ek week se complaint pending hai par kisi ne follow up nahi kiya.,complaint,Ek week se complaint pending hai par kisi ne follow up nahi kiya.,,0,0
complaint_031,Arre Ek week se complaint pending hai par kisi ne follow up nahi kiya. please,complaint,Arre Ek week se complaint pending hai par kisi ne follow up nahi kiya. please,,0,0
complaint_031,"Hey, Ek week se complaint pending hai par kisi ne follow up nahi kiya.!",complaint,"Hey, Ek week se complaint pending hai par kisi ne follow up nahi kiya.!",,0,0
complaint_031,Bhai Ek week se complaint pending hai par kisi ne follow up nahi kiya. jaldi batao,complaint,Bhai Ek week se complaint pending hai par kisi ne follow up nahi kiya. jaldi batao,,0,0
complaint_031,Sir Ek week se complaint pending hai par kisi ne follow up nahi kiya. kindly confirm,complaint,Sir Ek week se complaint pending hai par kisi ne follow up nahi kiya. kindly confirm,,0,0
complaint_031,Sunna Ek week se complaint pending hai par kisi ne follow up nahi kiya....,complaint,Sunna Ek week se complaint pending hai par kisi ne follow up nahi kiya.,,1,0
complaint_031,Dekho Ek week se complaint pending hai par kisi ne follow up nahi kiya. actually,complaint,Dekho Ek week se complaint pending hai par kisi ne follow up nahi kiya. actually,,0,0
complaint_031,"Hello team, Ek week se complaint pending hai par kisi ne follow up nahi kiya.",complaint,"Hello team, Ek week se complaint pending hai par kisi ne follow up nahi kiya.",,0,0
complaint_033,SIM card deactivate ho gaya bina kisi warning notification ke.,complaint,SIM card deactivate ho gaya bina kisi warning notification ke.,,0,0
complaint_033,Arre SIM card deactivate ho gaya bina kisi warning notification ke. please,complaint,Arre SIM card deactivate ho gaya bina kisi warning notification ke. please,,0,0
complaint_033,"Hey, SIM card deactivate ho gaya bina kisi warning notification ke.!",complaint,"Hey, SIM card deactivate ho gaya bina kisi warning notification ke.!",,0,0
complaint_033,Bhai SIM card deactivate ho gaya bina kisi warning notification ke. jaldi batao,complaint,Bhai SIM card deactivate ho gaya bina kisi warning notification ke. jaldi batao,,0,0
complaint_033,Sir SIM card deactivate ho gaya bina kisi warning notification ke. kindly confirm,complaint,Sir SIM card deactivate ho gaya bina kisi warning notification ke. kindly confirm,,0,0
complaint_033,Sunna SIM card deactivate ho gaya bina kisi warning notification ke....,complaint,Sunna SIM card deactivate ho gaya bina kisi warning notification ke.,,1,0
complaint_033,Dekho SIM card deactivate ho gaya bina kisi warning notification ke. actually,complaint,Dekho SIM card deactivate ho gaya bina kisi warning notification ke. actually,,0,0
complaint_033,"Hello team, SIM card deactivate ho gaya bina kisi warning notification ke.",complaint,"Hello team, SIM card deactivate ho gaya bina kisi warning notification ke.",,0,0
complaint_034,"AC installation ke baad se leak ho raha hai, technician ko wapas bhejo.",complaint,"AC installation ke baad se leak ho raha hai, technician ko wapas bhejo.",,0,0
complaint_034,"Arre AC installation ke baad se leak ho raha hai, technician ko wapas bhejo. please",complaint,"Arre AC installation ke baad se leak ho raha hai, technician ko wapas bhejo. please",,0,0
complaint_034,"Hey, AC installation ke baad se leak ho raha hai, technician ko wapas bhejo.!",complaint,"Hey, AC installation ke baad se leak ho raha hai, technician ko wapas bhejo.!",,0,0
complaint_034,"Bhai AC installation ke baad se leak ho raha hai, technician ko wapas bhejo. jaldi batao",complaint,"Bhai AC installation ke baad se leak ho raha hai, technician ko wapas bhejo. jaldi batao",,0,0
complaint_034,"Sir AC installation ke baad se leak ho raha hai, technician ko wapas bhejo. kindly confirm",complaint,"Sir AC installation ke baad se leak ho raha hai, technician ko wapas bhejo. kindly confirm",,0,0
complaint_034,"Sunna AC installation ke baad se leak ho raha hai, technician ko wapas bhejo....",complaint,"Sunna AC installation ke baad se leak ho raha hai, technician ko wapas bhejo.",,1,0
complaint_034,"Dekho AC installation ke baad se leak ho raha hai, technician ko wapas bhejo. actually",complaint,"Dekho AC installation ke baad se leak ho raha hai, technician ko wapas bhejo. actually",,0,0
complaint_034,"Hello team, AC installation ke baad se leak ho raha hai, technician ko wapas bhejo.",complaint,"Hello team, AC installation ke baad se leak ho raha hai, technician ko wapas bhejo.",,0,0
complaint_035,Cab driver ne ride cancel kar di aur cancellation fee mere pe charge ho gayi.,complaint,Cab driver ne ride cancel kar di aur cancellation fee mere pe charge ho gayi.,,0,0
complaint_035,Arre Cab driver ne ride cancel kar di aur cancellation fee mere pe charge ho gayi. please,complaint,Arre Cab driver ne ride cancel kar di aur cancellation fee mere pe charge ho gayi. please,,0,0
complaint_035,"Hey, Cab driver ne ride cancel kar di aur cancellation fee mere pe charge ho gayi.!",complaint,"Hey, Cab driver ne ride cancel kar di aur cancellation fee mere pe charge ho gayi.!",,0,0
complaint_035,Bhai Cab driver ne ride cancel kar di aur cancellation fee mere pe charge ho gayi. jaldi batao,complaint,Bhai Cab driver ne ride cancel kar di aur cancellation fee mere pe charge ho gayi. jaldi batao,,0,0
complaint_035,Sir Cab driver ne ride cancel kar di aur cancellation fee mere pe charge ho gayi. kindly confirm,complaint,Sir Cab driver ne ride cancel kar di aur cancellation fee mere pe charge ho gayi. kindly confirm,,0,0
complaint_035,Sunna Cab driver ne ride cancel kar di aur cancellation fee mere pe charge ho gayi....,complaint,Sunna Cab driver ne ride cancel kar di aur cancellation fee mere pe charge ho gayi.,,1,0
complaint_035,Dekho Cab driver ne ride cancel kar di aur cancellation fee mere pe charge ho gayi. actually,complaint,Dekho Cab driver ne ride cancel kar di aur cancellation fee mere pe charge ho gayi. actually,,0,0
complaint_035,"Hello team, Cab driver ne ride cancel kar di aur cancellation fee mere pe charge ho gayi.",complaint,"Hello team, Cab driver ne ride cancel kar di aur cancellation fee mere pe charge ho gayi.",,0,0
complaint_037,Return pickup boy aaya nahi aur status me customer not available daal diya.,complaint,Return pickup boy aaya nahi aur status me customer not available daal diya.,,0,0
complaint_037,Arre Return pickup boy aaya nahi aur status me customer not available daal diya. please,complaint,Arre Return pickup boy aaya nahi aur status me customer not available daal diya. please,,0,0
complaint_037,"Hey, Return pickup boy aaya nahi aur status me customer not available daal diya.!",complaint,"Hey, Return pickup boy aaya nahi aur status me customer not available daal diya.!",,0,0
complaint_037,Bhai Return pickup boy aaya nahi aur status me customer not available daal diya. jaldi batao,complaint,Bhai Return pickup boy aaya nahi aur status me customer not available daal diya. jaldi batao,,0,0
complaint_037,Sir Return pickup boy aaya nahi aur status me customer not available daal diya. kindly confirm,complaint,Sir Return pickup boy aaya nahi aur status me customer not available daal diya. kindly confirm,,0,0
complaint_037,Sunna Return pickup boy aaya nahi aur status me customer not available daal diya....,complaint,Sunna Return pickup boy aaya nahi aur status me customer not available daal diya.,,1,0
complaint_037,Dekho Return pickup boy aaya nahi aur status me customer not available daal diya. actually,complaint,Dekho Return pickup boy aaya nahi aur status me customer not available daal diya. actually,,0,0
complaint_037,"Hello team, Return pickup boy aaya nahi aur status me customer not available daal diya.",complaint,"Hello team, Return pickup boy aaya nahi aur status me customer not available daal diya.",,0,0
complaint_038,Doctor ne prescription galat upload kiya hai portal par.,complaint,Doctor ne prescription galat upload kiya hai portal par.,,0,0
complaint_038,Arre Doctor ne prescription galat upload kiya hai portal par. please,complaint,Arre Doctor ne prescription galat upload kiya hai portal par. please,,0,0
complaint_038,"Hey, Doctor ne prescription galat upload kiya hai portal par.!",complaint,"Hey, Doctor ne prescription galat upload kiya hai portal par.!",,0,0
complaint_038,Bhai Doctor ne prescription galat upload kiya hai portal par. jaldi batao,complaint,Bhai Doctor ne prescription galat upload kiya hai portal par. jaldi batao,,0,0
complaint_038,Sir Doctor ne prescription galat upload kiya hai portal par. kindly confirm,complaint,Sir Doctor ne prescription galat upload kiya hai portal par. kindly confirm,,0,0
complaint_038,Sunna Doctor ne prescription galat upload kiya hai portal par....,complaint,Sunna Doctor ne prescription galat upload kiya hai portal par.,,1,0
complaint_038,Dekho Doctor ne prescription galat upload kiya hai portal par. actually,complaint,Dekho Doctor ne prescription galat upload kiya hai portal par. actually,,0,0
complaint_038,"Hello team, Doctor ne prescription galat upload kiya hai portal par.",complaint,"Hello team, Doctor ne prescription galat upload kiya hai portal par.",,0,0
complaint_039,Mere wallet se balance gayab ho gaya without any reason.,complaint,Mere wallet se balance gayab ho gaya without any reason.,,0,0
complaint_039,Arre Mere wallet se balance gayab ho gaya without any reason. please,complaint,Arre Mere wallet se balance gayab ho gaya without any reason. please,,0,0
complaint_039,"Hey, Mere wallet se balance gayab ho gaya without any reason.!",complaint,"Hey, Mere wallet se balance gayab ho gaya without any reason.!",,0,0
complaint_039,Bhai Mere wallet se balance gayab ho gaya without any reason. jaldi batao,complaint,Bhai Mere wallet se balance gayab ho gaya without any reason. jaldi batao,,0,0
complaint_039,Sir Mere wallet se balance gayab ho gaya without any reason. kindly confirm,complaint,Sir Mere wallet se balance gayab ho gaya without any reason. kindly confirm,,0,0
complaint_039,Sunna Mere wallet se balance gayab ho gaya without any reason....,complaint,Sunna Mere wallet se balance gayab ho gaya without any reason.,,1,0
complaint_039,Dekho Mere wallet se balance gayab ho gaya without any reason. actually,complaint,Dekho Mere wallet se balance gayab ho gaya without any reason. actually,,0,0
complaint_039,"Hello team, Mere wallet se balance gayab ho gaya without any reason.",complaint,"Hello team, Mere wallet se balance gayab ho gaya without any reason.",,0,0
complaint_040,Water purifier repair ke do din baad fir kharab ho gaya.,complaint,Water purifier repair ke do din baad fir kharab ho gaya.,,0,0
complaint_040,Arre Water purifier repair ke do din baad fir kharab ho gaya. please,complaint,Arre Water purifier repair ke do din baad fir kharab ho gaya. please,,0,0
complaint_040,"Hey, Water purifier repair ke do din baad fir kharab ho gaya.!",complaint,"Hey, Water purifier repair ke do din baad fir kharab ho gaya.!",,0,0
complaint_040,Bhai Water purifier repair ke do din baad fir kharab ho gaya. jaldi batao,complaint,Bhai Water purifier repair ke do din baad fir kharab ho gaya. jaldi batao,,0,0
complaint_040,Sir Water purifier repair ke do din baad fir kharab ho gaya. kindly confirm,complaint,Sir Water purifier repair ke do din baad fir kharab ho gaya. kindly confirm,,0,0
complaint_040,Sunna Water purifier repair ke do din baad fir kharab ho gaya....,complaint,Sunna Water purifier repair ke do din baad fir kharab ho gaya.,,1,0
complaint_040,Dekho Water purifier repair ke do din baad fir kharab ho gaya. actually,complaint,Dekho Water purifier repair ke do din baad fir kharab ho gaya. actually,,0,0
complaint_040,"Hello team, Water purifier repair ke do din baad fir kharab ho gaya.",complaint,"Hello team, Water purifier repair ke do din baad fir kharab ho gaya.",,0,0
complaint_041,"Broadband router power on nahi ho raha, technician kab bhejoge?",complaint,"Broadband router power on nahi ho raha, technician kab bhejoge?",,0,0
complaint_041,"Arre Broadband router power on nahi ho raha, technician kab bhejoge? please",complaint,"Arre Broadband router power on nahi ho raha, technician kab bhejoge? please",,0,0
complaint_041,"Hey, Broadband router power on nahi ho raha, technician kab bhejoge?!",complaint,"Hey, Broadband router power on nahi ho raha, technician kab bhejoge?!",,0,0
complaint_041,"Bhai Broadband router power on nahi ho raha, technician kab bhejoge? jaldi batao",complaint,"Bhai Broadband router power on nahi ho raha, technician kab bhejoge? jaldi batao",,0,0
complaint_041,"Sir Broadband router power on nahi ho raha, technician kab bhejoge? kindly confirm",complaint,"Sir Broadband router power on nahi ho raha, technician kab bhejoge? kindly confirm",,0,0
complaint_041,"Sunna Broadband router power on nahi ho raha, technician kab bhejoge?...",complaint,"Sunna Broadband router power on nahi ho raha, technician kab bhejoge?.",,1,0
complaint_041,"Dekho Broadband router power on nahi ho raha, technician kab bhejoge? actually",complaint,"Dekho Broadband router power on nahi ho raha, technician kab bhejoge? actually",,0,0
complaint_041,"Hello team, Broadband router power on nahi ho raha, technician kab bhejoge?",complaint,"Hello team, Broadband router power on nahi ho raha, technician kab bhejoge?",,0,0
complaint_046,Hotel room bohot dirty tha aur AC work nahi kar raha tha.,complaint,Hotel room bohot dirty tha aur AC work nahi kar raha tha.,,0,0
complaint_046,Arre Hotel room bohot dirty tha aur AC work nahi kar raha tha. please,complaint,Arre Hotel room bohot dirty tha aur AC work nahi kar raha tha. please,,0,0
complaint_046,"Hey, Hotel room bohot dirty tha aur AC work nahi kar raha tha.!",complaint,"Hey, Hotel room bohot dirty tha aur AC work nahi kar raha tha.!",,0,0
complaint_046,Bhai Hotel room bohot dirty tha aur AC work nahi kar raha tha. jaldi batao,complaint,Bhai Hotel room bohot dirty tha aur AC work nahi kar raha tha. jaldi batao,,0,0
complaint_046,Sir Hotel room bohot dirty tha aur AC work nahi kar raha tha. kindly confirm,complaint,Sir Hotel room bohot dirty tha aur AC work nahi kar raha tha. kindly confirm,,0,0
complaint_046,Sunna Hotel room bohot dirty tha aur AC work nahi kar raha tha....,complaint,Sunna Hotel room bohot dirty tha aur AC work nahi kar raha tha.,,1,0
complaint_046,Dekho Hotel room bohot dirty tha aur AC work nahi kar raha tha. actually,complaint,Dekho Hotel room bohot dirty tha aur AC work nahi kar raha tha. actually,,0,0
complaint_046,"Hello team, Hotel room bohot dirty tha aur AC work nahi kar raha tha.",complaint,"Hello team, Hotel room bohot dirty tha aur AC work nahi kar raha tha.",,0,0
complaint_047,Aapke IVR system pe call fas jati hai koi human agent connect nahi hota.,complaint,Aapke IVR system pe call fas jati hai koi human agent connect nahi hota.,,0,0
complaint_047,Arre Aapke IVR system pe call fas jati hai koi human agent connect nahi hota. please,complaint,Arre Aapke IVR system pe call fas jati hai koi human agent connect nahi hota. please,,0,0
complaint_047,"Hey, Aapke IVR system pe call fas jati hai koi human agent connect nahi hota.!",complaint,"Hey, Aapke IVR system pe call fas jati hai koi human agent connect nahi hota.!",,0,0
complaint_047,Bhai Aapke IVR system pe call fas jati hai koi human agent connect nahi hota. jaldi batao,complaint,Bhai Aapke IVR system pe call fas jati hai koi human agent connect nahi hota. jaldi batao,,0,0
complaint_047,Sir Aapke IVR system pe call fas jati hai koi human agent connect nahi hota. kindly confirm,complaint,Sir Aapke IVR system pe call fas jati hai koi human agent connect nahi hota. kindly confirm,,0,0
complaint_047,Sunna Aapke IVR system pe call fas jati hai koi human agent connect nahi hota....,complaint,Sunna Aapke IVR system pe call fas jati hai koi human agent connect nahi hota.,,1,0
complaint_047,Dekho Aapke IVR system pe call fas jati hai koi human agent connect nahi hota. actually,complaint,Dekho Aapke IVR system pe call fas jati hai koi human agent connect nahi hota. actually,,0,0
complaint_047,"Hello team, Aapke IVR system pe call fas jati hai koi human agent connect nahi hota.",complaint,"Hello team, Aapke IVR system pe call fas jati hai koi human agent connect nahi hota.",,0,0
complaint_048,Courier tracking status update nahi ho raha 4 din se.,complaint,Courier tracking status update nahi ho raha 4 din se.,,0,0
complaint_048,Arre Courier tracking status update nahi ho raha 4 din se. please,complaint,Arre Courier tracking status update nahi ho raha 4 din se. please,,0,0
complaint_048,"Hey, Courier tracking status update nahi ho raha 4 din se.!",complaint,"Hey, Courier tracking status update nahi ho raha 4 din se.!",,0,0
complaint_048,Bhai Courier tracking status update nahi ho raha 4 din se. jaldi batao,complaint,Bhai Courier tracking status update nahi ho raha 4 din se. jaldi batao,,0,0
complaint_048,Sir Courier tracking status update nahi ho raha 4 din se. kindly confirm,complaint,Sir Courier tracking status update nahi ho raha 4 din se. kindly confirm,,0,0
complaint_048,Sunna Courier tracking status update nahi ho raha 4 din se....,complaint,Sunna Courier tracking status update nahi ho raha 4 din se.,,1,0
complaint_048,Dekho Courier tracking status update nahi ho raha 4 din se. actually,complaint,Dekho Courier tracking status update nahi ho raha 4 din se. actually,,0,0
complaint_048,"Hello team, Courier tracking status update nahi ho raha 4 din se.",complaint,"Hello team, Courier tracking status update nahi ho raha 4 din se.",,0,0
complaint_049,"Battery backup bilkul zero hai, phone 2 ghante me switch off ho jata hai.",complaint,"Battery backup bilkul zero hai, phone 2 ghante me switch off ho jata hai.",,0,0
complaint_049,"Arre Battery backup bilkul zero hai, phone 2 ghante me switch off ho jata hai. please",complaint,"Arre Battery backup bilkul zero hai, phone 2 ghante me switch off ho jata hai. please",,0,0
complaint_049,"Hey, Battery backup bilkul zero hai, phone 2 ghante me switch off ho jata hai.!",complaint,"Hey, Battery backup bilkul zero hai, phone 2 ghante me switch off ho jata hai.!",,0,0
complaint_049,"Bhai Battery backup bilkul zero hai, phone 2 ghante me switch off ho jata hai. jaldi batao",complaint,"Bhai Battery backup bilkul zero hai, phone 2 ghante me switch off ho jata hai. jaldi batao",,0,0
complaint_049,"Sir Battery backup bilkul zero hai, phone 2 ghante me switch off ho jata hai. kindly confirm",complaint,"Sir Battery backup bilkul zero hai, phone 2 ghante me switch off ho jata hai. kindly confirm",,0,0
complaint_049,"Sunna Battery backup bilkul zero hai, phone 2 ghante me switch off ho jata hai....",complaint,"Sunna Battery backup bilkul zero hai, phone 2 ghante me switch off ho jata hai.",,1,0
complaint_049,"Dekho Battery backup bilkul zero hai, phone 2 ghante me switch off ho jata hai. actually",complaint,"Dekho Battery backup bilkul zero hai, phone 2 ghante me switch off ho jata hai. actually",,0,0
complaint_049,"Hello team, Battery backup bilkul zero hai, phone 2 ghante me switch off ho jata hai.",complaint,"Hello team, Battery backup bilkul zero hai, phone 2 ghante me switch off ho jata hai.",,0,0
complaint_050,Gas cylinder delivery boy ne extra tip demand kiya forcefully.,complaint,Gas cylinder delivery boy ne extra tip demand kiya forcefully.,,0,0
complaint_050,Arre Gas cylinder delivery boy ne extra tip demand kiya forcefully. please,complaint,Arre Gas cylinder delivery boy ne extra tip demand kiya forcefully. please,,0,0
complaint_050,"Hey, Gas cylinder delivery boy ne extra tip demand kiya forcefully.!",complaint,"Hey, Gas cylinder delivery boy ne extra tip demand kiya forcefully.!",,0,0
complaint_050,Bhai Gas cylinder delivery boy ne extra tip demand kiya forcefully. jaldi batao,complaint,Bhai Gas cylinder delivery boy ne extra tip demand kiya forcefully. jaldi batao,,0,0
complaint_050,Sir Gas cylinder delivery boy ne extra tip demand kiya forcefully. kindly confirm,complaint,Sir Gas cylinder delivery boy ne extra tip demand kiya forcefully. kindly confirm,,0,0
complaint_050,Sunna Gas cylinder delivery boy ne extra tip demand kiya forcefully....,complaint,Sunna Gas cylinder delivery boy ne extra tip demand kiya forcefully.,,1,0
complaint_050,Dekho Gas cylinder delivery boy ne extra tip demand kiya forcefully. actually,complaint,Dekho Gas cylinder delivery boy ne extra tip demand kiya forcefully. actually,,0,0
complaint_050,"Hello team, Gas cylinder delivery boy ne extra tip demand kiya forcefully.",complaint,"Hello team, Gas cylinder delivery boy ne extra tip demand kiya forcefully.",,0,0
complaint_051,"Medicine expired delivery ki hai aapne, patient ki jaan ka sawal hai.",complaint,"Medicine expired delivery ki hai aapne, patient ki jaan ka sawal hai.",,0,0
complaint_051,"Arre Medicine expired delivery ki hai aapne, patient ki jaan ka sawal hai. please",complaint,"Arre Medicine expired delivery ki hai aapne, patient ki jaan ka sawal hai. please",,0,0
complaint_051,"Hey, Medicine expired delivery ki hai aapne, patient ki jaan ka sawal hai.!",complaint,"Hey, Medicine expired delivery ki hai aapne, patient ki jaan ka sawal hai.!",,0,0
complaint_051,"Bhai Medicine expired delivery ki hai aapne, patient ki jaan ka sawal hai. jaldi batao",complaint,"Bhai Medicine expired delivery ki hai aapne, patient ki jaan ka sawal hai. jaldi batao",,0,0
complaint_051,"Sir Medicine expired delivery ki hai aapne, patient ki jaan ka sawal hai. kindly confirm",complaint,"Sir Medicine expired delivery ki hai aapne, patient ki jaan ka sawal hai. kindly confirm",,0,0
complaint_051,"Sunna Medicine expired delivery ki hai aapne, patient ki jaan ka sawal hai....",complaint,"Sunna Medicine expired delivery ki hai aapne, patient ki jaan ka sawal hai.",,1,0
complaint_051,"Dekho Medicine expired delivery ki hai aapne, patient ki jaan ka sawal hai. actually",complaint,"Dekho Medicine expired delivery ki hai aapne, patient ki jaan ka sawal hai. actually",,0,0
complaint_051,"Hello team, Medicine expired delivery ki hai aapne, patient ki jaan ka sawal hai.",complaint,"Hello team, Medicine expired delivery ki hai aapne, patient ki jaan ka sawal hai.",,0,0
complaint_053,Laptop keyboard ke kuch buttons kaam nahi kar rahe replacement chahiye.,complaint,Laptop keyboard ke kuch buttons kaam nahi kar rahe replacement chahiye.,,0,0
complaint_053,Arre Laptop keyboard ke kuch buttons kaam nahi kar rahe replacement chahiye. please,complaint,Arre Laptop keyboard ke kuch buttons kaam nahi kar rahe replacement chahiye. please,,0,0
complaint_053,"Hey, Laptop keyboard ke kuch buttons kaam nahi kar rahe replacement chahiye.!",complaint,"Hey, Laptop keyboard ke kuch buttons kaam nahi kar rahe replacement chahiye.!",,0,0
complaint_053,Bhai Laptop keyboard ke kuch buttons kaam nahi kar rahe replacement chahiye. jaldi batao,complaint,Bhai Laptop keyboard ke kuch buttons kaam nahi kar rahe replacement chahiye. jaldi batao,,0,0
complaint_053,Sir Laptop keyboard ke kuch buttons kaam nahi kar rahe replacement chahiye. kindly confirm,complaint,Sir Laptop keyboard ke kuch buttons kaam nahi kar rahe replacement chahiye. kindly confirm,,0,0
complaint_053,Sunna Laptop keyboard ke kuch buttons kaam nahi kar rahe replacement chahiye....,complaint,Sunna Laptop keyboard ke kuch buttons kaam nahi kar rahe replacement chahiye.,,1,0
complaint_053,Dekho Laptop keyboard ke kuch buttons kaam nahi kar rahe replacement chahiye. actually,complaint,Dekho Laptop keyboard ke kuch buttons kaam nahi kar rahe replacement chahiye. actually,,0,0
complaint_053,"Hello team, Laptop keyboard ke kuch buttons kaam nahi kar rahe replacement chahiye.",complaint,"Hello team, Laptop keyboard ke kuch buttons kaam nahi kar rahe replacement chahiye.",,0,0
complaint_054,Washing machine se ajeeb sound aa rahi hai installation ke baad.,complaint,Washing machine se ajeeb sound aa rahi hai installation ke baad.,,0,0
complaint_054,Arre Washing machine se ajeeb sound aa rahi hai installation ke baad. please,complaint,Arre Washing machine se ajeeb sound aa rahi hai installation ke baad. please,,0,0
complaint_054,"Hey, Washing machine se ajeeb sound aa rahi hai installation ke baad.!",complaint,"Hey, Washing machine se ajeeb sound aa rahi hai installation ke baad.!",,0,0
complaint_054,Bhai Washing machine se ajeeb sound aa rahi hai installation ke baad. jaldi batao,complaint,Bhai Washing machine se ajeeb sound aa rahi hai installation ke baad. jaldi batao,,0,0
complaint_054,Sir Washing machine se ajeeb sound aa rahi hai installation ke baad. kindly confirm,complaint,Sir Washing machine se ajeeb sound aa rahi hai installation ke baad. kindly confirm,,0,0
complaint_054,Sunna Washing machine se ajeeb sound aa rahi hai installation ke baad....,complaint,Sunna Washing machine se ajeeb sound aa rahi hai installation ke baad.,,1,0
complaint_054,Dekho Washing machine se ajeeb sound aa rahi hai installation ke baad. actually,complaint,Dekho Washing machine se ajeeb sound aa rahi hai installation ke baad. actually,,0,0
complaint_054,"Hello team, Washing machine se ajeeb sound aa rahi hai installation ke baad.",complaint,"Hello team, Washing machine se ajeeb sound aa rahi hai installation ke baad.",,0,0
complaint_055,Grocery packet torn tha aur dal zameen pe bikhar gayi.,complaint,Grocery packet torn tha aur dal zameen pe bikhar gayi.,,0,0
complaint_055,Arre Grocery packet torn tha aur dal zameen pe bikhar gayi. please,complaint,Arre Grocery packet torn tha aur dal zameen pe bikhar gayi. please,,0,0
complaint_055,"Hey, Grocery packet torn tha aur dal zameen pe bikhar gayi.!",complaint,"Hey, Grocery packet torn tha aur dal zameen pe bikhar gayi.!",,0,0
complaint_055,Bhai Grocery packet torn tha aur dal zameen pe bikhar gayi. jaldi batao,complaint,Bhai Grocery packet torn tha aur dal zameen pe bikhar gayi. jaldi batao,,0,0
complaint_055,Sir Grocery packet torn tha aur dal zameen pe bikhar gayi. kindly confirm,complaint,Sir Grocery packet torn tha aur dal zameen pe bikhar gayi. kindly confirm,,0,0
complaint_055,Sunna Grocery packet torn tha aur dal zameen pe bikhar gayi....,complaint,Sunna Grocery packet torn tha aur dal zameen pe bikhar gayi.,,1,0
complaint_055,Dekho Grocery packet torn tha aur dal zameen pe bikhar gayi. actually,complaint,Dekho Grocery packet torn tha aur dal zameen pe bikhar gayi. actually,,0,0
complaint_055,"Hello team, Grocery packet torn tha aur dal zameen pe bikhar gayi.",complaint,"Hello team, Grocery packet torn tha aur dal zameen pe bikhar gayi.",,0,0
complaint_056,Aapki delivery speed super slow hai 10 din me bhi delivery nahi hui.,complaint,Aapki delivery speed super slow hai 10 din me bhi delivery nahi hui.,,0,0
complaint_056,Arre Aapki delivery speed super slow hai 10 din me bhi delivery nahi hui. please,complaint,Arre Aapki delivery speed super slow hai 10 din me bhi delivery nahi hui. please,,0,0
complaint_056,"Hey, Aapki delivery speed super slow hai 10 din me bhi delivery nahi hui.!",complaint,"Hey, Aapki delivery speed super slow hai 10 din me bhi delivery nahi hui.!",,0,0
complaint_056,Bhai Aapki delivery speed super slow hai 10 din me bhi delivery nahi hui. jaldi batao,complaint,Bhai Aapki delivery speed super slow hai 10 din me bhi delivery nahi hui. jaldi batao,,0,0
complaint_056,Sir Aapki delivery speed super slow hai 10 din me bhi delivery nahi hui. kindly confirm,complaint,Sir Aapki delivery speed super slow hai 10 din me bhi delivery nahi hui. kindly confirm,,0,0
complaint_056,Sunna Aapki delivery speed super slow hai 10 din me bhi delivery nahi hui....,complaint,Sunna Aapki delivery speed super slow hai 10 din me bhi delivery nahi hui.,,1,0
complaint_056,Dekho Aapki delivery speed super slow hai 10 din me bhi delivery nahi hui. actually,complaint,Dekho Aapki delivery speed super slow hai 10 din me bhi delivery nahi hui. actually,,0,0
complaint_056,"Hello team, Aapki delivery speed super slow hai 10 din me bhi delivery nahi hui.",complaint,"Hello team, Aapki delivery speed super slow hai 10 din me bhi delivery nahi hui.",,0,0
complaint_058,Aapka app payment page pe hang ho jata hai bar bar.,complaint,Aapka app payment page pe hang ho jata hai bar bar.,,0,0
complaint_058,Arre Aapka app payment page pe hang ho jata hai bar bar. please,complaint,Arre Aapka app payment page pe hang ho jata hai bar bar. please,,0,0
complaint_058,"Hey, Aapka app payment page pe hang ho jata hai bar bar.!",complaint,"Hey, Aapka app payment page pe hang ho jata hai bar bar.!",,0,0
complaint_058,Bhai Aapka app payment page pe hang ho jata hai bar bar. jaldi batao,complaint,Bhai Aapka app payment page pe hang ho jata hai bar bar. jaldi batao,,0,0
complaint_058,Sir Aapka app payment page pe hang ho jata hai bar bar. kindly confirm,complaint,Sir Aapka app payment page pe hang ho jata hai bar bar. kindly confirm,,0,0
complaint_058,Sunna Aapka app payment page pe hang ho jata hai bar bar....,complaint,Sunna Aapka app payment page pe hang ho jata hai bar bar.,,1,0
complaint_058,Dekho Aapka app payment page pe hang ho jata hai bar bar. actually,complaint,Dekho Aapka app payment page pe hang ho jata hai bar bar. actually,,0,0
complaint_058,"Hello team, Aapka app payment page pe hang ho jata hai bar bar.",complaint,"Hello team, Aapka app payment page pe hang ho jata hai bar bar.",,0,0
complaint_060,Shoes ka size galat aaya hai 8 number manga tha 6 number bhej diya.,complaint,Shoes ka size galat aaya hai 8 number manga tha 6 number bhej diya.,,0,0
complaint_060,Arre Shoes ka size galat aaya hai 8 number manga tha 6 number bhej diya. please,complaint,Arre Shoes ka size galat aaya hai 8 number manga tha 6 number bhej diya. please,,0,0
complaint_060,"Hey, Shoes ka size galat aaya hai 8 number manga tha 6 number bhej diya.!",complaint,"Hey, Shoes ka size galat aaya hai 8 number manga tha 6 number bhej diya.!",,0,0
complaint_060,Bhai Shoes ka size galat aaya hai 8 number manga tha 6 number bhej diya. jaldi batao,complaint,Bhai Shoes ka size galat aaya hai 8 number manga tha 6 number bhej diya. jaldi batao,,0,0
complaint_060,Sir Shoes ka size galat aaya hai 8 number manga tha 6 number bhej diya. kindly confirm,complaint,Sir Shoes ka size galat aaya hai 8 number manga tha 6 number bhej diya. kindly confirm,,0,0
complaint_060,Sunna Shoes ka size galat aaya hai 8 number manga tha 6 number bhej diya....,complaint,Sunna Shoes ka size galat aaya hai 8 number manga tha 6 number bhej diya.,,1,0
complaint_060,Dekho Shoes ka size galat aaya hai 8 number manga tha 6 number bhej diya. actually,complaint,Dekho Shoes ka size galat aaya hai 8 number manga tha 6 number bhej diya. actually,,0,0
complaint_060,"Hello team, Shoes ka size galat aaya hai 8 number manga tha 6 number bhej diya.",complaint,"Hello team, Shoes ka size galat aaya hai 8 number manga tha 6 number bhej diya.",,0,0
complaint_061,"Fabric color wash karte hi fade ho gaya, poor quality product.",complaint,"Fabric color wash karte hi fade ho gaya, poor quality product.",,0,0
complaint_061,"Arre Fabric color wash karte hi fade ho gaya, poor quality product. please",complaint,"Arre Fabric color wash karte hi fade ho gaya, poor quality product. please",,0,0
complaint_061,"Hey, Fabric color wash karte hi fade ho gaya, poor quality product.!",complaint,"Hey, Fabric color wash karte hi fade ho gaya, poor quality product.!",,0,0
complaint_061,"Bhai Fabric color wash karte hi fade ho gaya, poor quality product. jaldi batao",complaint,"Bhai Fabric color wash karte hi fade ho gaya, poor quality product. jaldi batao",,0,0
complaint_061,"Sir Fabric color wash karte hi fade ho gaya, poor quality product. kindly confirm",complaint,"Sir Fabric color wash karte hi fade ho gaya, poor quality product. kindly confirm",,0,0
complaint_061,"Sunna Fabric color wash karte hi fade ho gaya, poor quality product....",complaint,"Sunna Fabric color wash karte hi fade ho gaya, poor quality product.",,1,0
complaint_061,"Dekho Fabric color wash karte hi fade ho gaya, poor quality product. actually",complaint,"Dekho Fabric color wash karte hi fade ho gaya, poor quality product. actually",,0,0
complaint_061,"Hello team, Fabric color wash karte hi fade ho gaya, poor quality product.",complaint,"Hello team, Fabric color wash karte hi fade ho gaya, poor quality product.",,0,0
complaint_064,Bike servicing ke baad engine oil leak hone laga hai.,complaint,Bike servicing ke baad engine oil leak hone laga hai.,,0,0
complaint_064,Arre Bike servicing ke baad engine oil leak hone laga hai. please,complaint,Arre Bike servicing ke baad engine oil leak hone laga hai. please,,0,0
complaint_064,"Hey, Bike servicing ke baad engine oil leak hone laga hai.!",complaint,"Hey, Bike servicing ke baad engine oil leak hone laga hai.!",,0,0
complaint_064,Bhai Bike servicing ke baad engine oil leak hone laga hai. jaldi batao,complaint,Bhai Bike servicing ke baad engine oil leak hone laga hai. jaldi batao,,0,0
complaint_064,Sir Bike servicing ke baad engine oil leak hone laga hai. kindly confirm,complaint,Sir Bike servicing ke baad engine oil leak hone laga hai. kindly confirm,,0,0
complaint_064,Sunna Bike servicing ke baad engine oil leak hone laga hai....,complaint,Sunna Bike servicing ke baad engine oil leak hone laga hai.,,1,0
complaint_064,Dekho Bike servicing ke baad engine oil leak hone laga hai. actually,complaint,Dekho Bike servicing ke baad engine oil leak hone laga hai. actually,,0,0
complaint_064,"Hello team, Bike servicing ke baad engine oil leak hone laga hai.",complaint,"Hello team, Bike servicing ke baad engine oil leak hone laga hai.",,0,0
complaint_065,Train seat booking confirm hone ke baad waitlist me kaise chali gayi?,complaint,Train seat booking confirm hone ke baad waitlist me kaise chali gayi?,,0,0
complaint_065,Arre Train seat booking confirm hone ke baad waitlist me kaise chali gayi? please,complaint,Arre Train seat booking confirm hone ke baad waitlist me kaise chali gayi? please,,0,0
complaint_065,"Hey, Train seat booking confirm hone ke baad waitlist me kaise chali gayi?!",complaint,"Hey, Train seat booking confirm hone ke baad waitlist me kaise chali gayi?!",,0,0
complaint_065,Bhai Train seat booking confirm hone ke baad waitlist me kaise chali gayi? jaldi batao,complaint,Bhai Train seat booking confirm hone ke baad waitlist me kaise chali gayi? jaldi batao,,0,0
complaint_065,Sir Train seat booking confirm hone ke baad waitlist me kaise chali gayi? kindly confirm,complaint,Sir Train seat booking confirm hone ke baad waitlist me kaise chali gayi? kindly confirm,,0,0
complaint_065,Sunna Train seat booking confirm hone ke baad waitlist me kaise chali gayi?...,complaint,Sunna Train seat booking confirm hone ke baad waitlist me kaise chali gayi?.,,1,0
complaint_065,Dekho Train seat booking confirm hone ke baad waitlist me kaise chali gayi? actually,complaint,Dekho Train seat booking confirm hone ke baad waitlist me kaise chali gayi? actually,,0,0
complaint_065,"Hello team, Train seat booking confirm hone ke baad waitlist me kaise chali gayi?",complaint,"Hello team, Train seat booking confirm hone ke baad waitlist me kaise chali gayi?",,0,0
complaint_067,Online streaming app me video lag ho rahi hai 5G connection pe bhi.,complaint,Online streaming app me video lag ho rahi hai 5G connection pe bhi.,,0,0
complaint_067,Arre Online streaming app me video lag ho rahi hai 5G connection pe bhi. please,complaint,Arre Online streaming app me video lag ho rahi hai 5G connection pe bhi. please,,0,0
complaint_067,"Hey, Online streaming app me video lag ho rahi hai 5G connection pe bhi.!",complaint,"Hey, Online streaming app me video lag ho rahi hai 5G connection pe bhi.!",,0,0
complaint_067,Bhai Online streaming app me video lag ho rahi hai 5G connection pe bhi. jaldi batao,complaint,Bhai Online streaming app me video lag ho rahi hai 5G connection pe bhi. jaldi batao,,0,0
complaint_067,Sir Online streaming app me video lag ho rahi hai 5G connection pe bhi. kindly confirm,complaint,Sir Online streaming app me video lag ho rahi hai 5G connection pe bhi. kindly confirm,,0,0
complaint_067,Sunna Online streaming app me video lag ho rahi hai 5G connection pe bhi....,complaint,Sunna Online streaming app me video lag ho rahi hai 5G connection pe bhi.,,1,0
complaint_067,Dekho Online streaming app me video lag ho rahi hai 5G connection pe bhi. actually,complaint,Dekho Online streaming app me video lag ho rahi hai 5G connection pe bhi. actually,,0,0
complaint_067,"Hello team, Online streaming app me video lag ho rahi hai 5G connection pe bhi.",complaint,"Hello team, Online streaming app me video lag ho rahi hai 5G connection pe bhi.",,0,0
complaint_068,Car wash ke time bumper pe scratch maar diya service center ne.,complaint,Car wash ke time bumper pe scratch maar diya service center ne.,,0,0
complaint_068,Arre Car wash ke time bumper pe scratch maar diya service center ne. please,complaint,Arre Car wash ke time bumper pe scratch maar diya service center ne. please,,0,0
complaint_068,"Hey, Car wash ke time bumper pe scratch maar diya service center ne.!",complaint,"Hey, Car wash ke time bumper pe scratch maar diya service center ne.!",,0,0
complaint_068,Bhai Car wash ke time bumper pe scratch maar diya service center ne. jaldi batao,complaint,Bhai Car wash ke time bumper pe scratch maar diya service center ne. jaldi batao,,0,0
complaint_068,Sir Car wash ke time bumper pe scratch maar diya service center ne. kindly confirm,complaint,Sir Car wash ke time bumper pe scratch maar diya service center ne. kindly confirm,,0,0
complaint_068,Sunna Car wash ke time bumper pe scratch maar diya service center ne....,complaint,Sunna Car wash ke time bumper pe scratch maar diya service center ne.,,1,0
complaint_068,Dekho Car wash ke time bumper pe scratch maar diya service center ne. actually,complaint,Dekho Car wash ke time bumper pe scratch maar diya service center ne. actually,,0,0
complaint_068,"Hello team, Car wash ke time bumper pe scratch maar diya service center ne.",complaint,"Hello team, Car wash ke time bumper pe scratch maar diya service center ne.",,0,0
complaint_069,Gift voucher coupon code apply nahi ho raha error throw kar raha hai.,complaint,Gift voucher coupon code apply nahi ho raha error throw kar raha hai.,,0,0
complaint_069,Arre Gift voucher coupon code apply nahi ho raha error throw kar raha hai. please,complaint,Arre Gift voucher coupon code apply nahi ho raha error throw kar raha hai. please,,0,0
complaint_069,"Hey, Gift voucher coupon code apply nahi ho raha error throw kar raha hai.!",complaint,"Hey, Gift voucher coupon code apply nahi ho raha error throw kar raha hai.!",,0,0
complaint_069,Bhai Gift voucher coupon code apply nahi ho raha error throw kar raha hai. jaldi batao,complaint,Bhai Gift voucher coupon code apply nahi ho raha error throw kar raha hai. jaldi batao,,0,0
complaint_069,Sir Gift voucher coupon code apply nahi ho raha error throw kar raha hai. kindly confirm,complaint,Sir Gift voucher coupon code apply nahi ho raha error throw kar raha hai. kindly confirm,,0,0
complaint_069,Sunna Gift voucher coupon code apply nahi ho raha error throw kar raha hai....,complaint,Sunna Gift voucher coupon code apply nahi ho raha error throw kar raha hai.,,1,0
complaint_069,Dekho Gift voucher coupon code apply nahi ho raha error throw kar raha hai. actually,complaint,Dekho Gift voucher coupon code apply nahi ho raha error throw kar raha hai. actually,,0,0
complaint_069,"Hello team, Gift voucher coupon code apply nahi ho raha error throw kar raha hai.",complaint,"Hello team, Gift voucher coupon code apply nahi ho raha error throw kar raha hai.",,0,0
complaint_070,Smart watch step count bilkul wrong show kar rahi hai.,complaint,Smart watch step count bilkul wrong show kar rahi hai.,,0,0
complaint_070,Arre Smart watch step count bilkul wrong show kar rahi hai. please,complaint,Arre Smart watch step count bilkul wrong show kar rahi hai. please,,0,0
complaint_070,"Hey, Smart watch step count bilkul wrong show kar rahi hai.!",complaint,"Hey, Smart watch step count bilkul wrong show kar rahi hai.!",,0,0
complaint_070,Bhai Smart watch step count bilkul wrong show kar rahi hai. jaldi batao,complaint,Bhai Smart watch step count bilkul wrong show kar rahi hai. jaldi batao,,0,0
complaint_070,Sir Smart watch step count bilkul wrong show kar rahi hai. kindly confirm,complaint,Sir Smart watch step count bilkul wrong show kar rahi hai. kindly confirm,,0,0
complaint_070,Sunna Smart watch step count bilkul wrong show kar rahi hai....,complaint,Sunna Smart watch step count bilkul wrong show kar rahi hai.,,1,0
complaint_070,Dekho Smart watch step count bilkul wrong show kar rahi hai. actually,complaint,Dekho Smart watch step count bilkul wrong show kar rahi hai. actually,,0,0
complaint_070,"Hello team, Smart watch step count bilkul wrong show kar rahi hai.",complaint,"Hello team, Smart watch step count bilkul wrong show kar rahi hai.",,0,0
complaint_072,Dine in restaurant me staff ka behavior bohot arrogant tha.,complaint,Dine in restaurant me staff ka behavior bohot arrogant tha.,,0,0
complaint_072,Arre Dine in restaurant me staff ka behavior bohot arrogant tha. please,complaint,Arre Dine in restaurant me staff ka behavior bohot arrogant tha. please,,0,0
complaint_072,"Hey, Dine in restaurant me staff ka behavior bohot arrogant tha.!",complaint,"Hey, Dine in restaurant me staff ka behavior bohot arrogant tha.!",,0,0
complaint_072,Bhai Dine in restaurant me staff ka behavior bohot arrogant tha. jaldi batao,complaint,Bhai Dine in restaurant me staff ka behavior bohot arrogant tha. jaldi batao,,0,0
complaint_072,Sir Dine in restaurant me staff ka behavior bohot arrogant tha. kindly confirm,complaint,Sir Dine in restaurant me staff ka behavior bohot arrogant tha. kindly confirm,,0,0
complaint_072,Sunna Dine in restaurant me staff ka behavior bohot arrogant tha....,complaint,Sunna Dine in restaurant me staff ka behavior bohot arrogant tha.,,1,0
complaint_072,Dekho Dine in restaurant me staff ka behavior bohot arrogant tha. actually,complaint,Dekho Dine in restaurant me staff ka behavior bohot arrogant tha. actually,,0,0
complaint_072,"Hello team, Dine in restaurant me staff ka behavior bohot arrogant tha.",complaint,"Hello team, Dine in restaurant me staff ka behavior bohot arrogant tha.",,0,0
complaint_073,Aapki return policy fake hai koi pickup karne nahi aata.,complaint,Aapki return policy fake hai koi pickup karne nahi aata.,,0,0
complaint_073,Arre Aapki return policy fake hai koi pickup karne nahi aata. please,complaint,Arre Aapki return policy fake hai koi pickup karne nahi aata. please,,0,0
complaint_073,"Hey, Aapki return policy fake hai koi pickup karne nahi aata.!",complaint,"Hey, Aapki return policy fake hai koi pickup karne nahi aata.!",,0,0
complaint_073,Bhai Aapki return policy fake hai koi pickup karne nahi aata. jaldi batao,complaint,Bhai Aapki return policy fake hai koi pickup karne nahi aata. jaldi batao,,0,0
complaint_073,Sir Aapki return policy fake hai koi pickup karne nahi aata. kindly confirm,complaint,Sir Aapki return policy fake hai koi pickup karne nahi aata. kindly confirm,,0,0
complaint_073,Sunna Aapki return policy fake hai koi pickup karne nahi aata....,complaint,Sunna Aapki return policy fake hai koi pickup karne nahi aata.,,1,0
complaint_073,Dekho Aapki return policy fake hai koi pickup karne nahi aata. actually,complaint,Dekho Aapki return policy fake hai koi pickup karne nahi aata. actually,,0,0
complaint_073,"Hello team, Aapki return policy fake hai koi pickup karne nahi aata.",complaint,"Hello team, Aapki return policy fake hai koi pickup karne nahi aata.",,0,0
complaint_074,Earbuds ka left side bilkul mute hai sound nahi aa raha.,complaint,Earbuds ka left side bilkul mute hai sound nahi aa raha.,,0,0
complaint_074,Arre Earbuds ka left side bilkul mute hai sound nahi aa raha. please,complaint,Arre Earbuds ka left side bilkul mute hai sound nahi aa raha. please,,0,0
complaint_074,"Hey, Earbuds ka left side bilkul mute hai sound nahi aa raha.!",complaint,"Hey, Earbuds ka left side bilkul mute hai sound nahi aa raha.!",,0,0
complaint_074,Bhai Earbuds ka left side bilkul mute hai sound nahi aa raha. jaldi batao,complaint,Bhai Earbuds ka left side bilkul mute hai sound nahi aa raha. jaldi batao,,0,0
complaint_074,Sir Earbuds ka left side bilkul mute hai sound nahi aa raha. kindly confirm,complaint,Sir Earbuds ka left side bilkul mute hai sound nahi aa raha. kindly confirm,,0,0
complaint_074,Sunna Earbuds ka left side bilkul mute hai sound nahi aa raha....,complaint,Sunna Earbuds ka left side bilkul mute hai sound nahi aa raha.,,1,0
complaint_074,Dekho Earbuds ka left side bilkul mute hai sound nahi aa raha. actually,complaint,Dekho Earbuds ka left side bilkul mute hai sound nahi aa raha. actually,,0,0
complaint_074,"Hello team, Earbuds ka left side bilkul mute hai sound nahi aa raha.",complaint,"Hello team, Earbuds ka left side bilkul mute hai sound nahi aa raha.",,0,0
complaint_075,Water tanker time par deliver nahi hua festival ke din.,complaint,Water tanker time par deliver nahi hua festival ke din.,,0,0
complaint_075,Arre Water tanker time par deliver nahi hua festival ke din. please,complaint,Arre Water tanker time par deliver nahi hua festival ke din. please,,0,0
complaint_075,"Hey, Water tanker time par deliver nahi hua festival ke din.!",complaint,"Hey, Water tanker time par deliver nahi hua festival ke din.!",,0,0
complaint_075,Bhai Water tanker time par deliver nahi hua festival ke din. jaldi batao,complaint,Bhai Water tanker time par deliver nahi hua festival ke din. jaldi batao,,0,0
complaint_075,Sir Water tanker time par deliver nahi hua festival ke din. kindly confirm,complaint,Sir Water tanker time par deliver nahi hua festival ke din. kindly confirm,,0,0
complaint_075,Sunna Water tanker time par deliver nahi hua festival ke din....,complaint,Sunna Water tanker time par deliver nahi hua festival ke din.,,1,0
complaint_075,Dekho Water tanker time par deliver nahi hua festival ke din. actually,complaint,Dekho Water tanker time par deliver nahi hua festival ke din. actually,,0,0
complaint_075,"Hello team, Water tanker time par deliver nahi hua festival ke din.",complaint,"Hello team, Water tanker time par deliver nahi hua festival ke din.",,0,0
complaint_076,Tiffin service me khana daily late delivery hota hai.,complaint,Tiffin service me khana daily late delivery hota hai.,,0,0
complaint_076,Arre Tiffin service me khana daily late delivery hota hai. please,complaint,Arre Tiffin service me khana daily late delivery hota hai. please,,0,0
complaint_076,"Hey, Tiffin service me khana daily late delivery hota hai.!",complaint,"Hey, Tiffin service me khana daily late delivery hota hai.!",,0,0
complaint_076,Bhai Tiffin service me khana daily late delivery hota hai. jaldi batao,complaint,Bhai Tiffin service me khana daily late delivery hota hai. jaldi batao,,0,0
complaint_076,Sir Tiffin service me khana daily late delivery hota hai. kindly confirm,complaint,Sir Tiffin service me khana daily late delivery hota hai. kindly confirm,,0,0
complaint_076,Sunna Tiffin service me khana daily late delivery hota hai....,complaint,Sunna Tiffin service me khana daily late delivery hota hai.,,1,0
complaint_076,Dekho Tiffin service me khana daily late delivery hota hai. actually,complaint,Dekho Tiffin service me khana daily late delivery hota hai. actually,,0,0
complaint_076,"Hello team, Tiffin service me khana daily late delivery hota hai.",complaint,"Hello team, Tiffin service me khana daily late delivery hota hai.",,0,0
complaint_077,Recharge successful hone ke baad bhi data pack activate nahi hua.,complaint,Recharge successful hone ke baad bhi data pack activate nahi hua.,,0,0
complaint_077,Arre Recharge successful hone ke baad bhi data pack activate nahi hua. please,complaint,Arre Recharge successful hone ke baad bhi data pack activate nahi hua. please,,0,0
complaint_077,"Hey, Recharge successful hone ke baad bhi data pack activate nahi hua.!",complaint,"Hey, Recharge successful hone ke baad bhi data pack activate nahi hua.!",,0,0
complaint_077,Bhai Recharge successful hone ke baad bhi data pack activate nahi hua. jaldi batao,complaint,Bhai Recharge successful hone ke baad bhi data pack activate nahi hua. jaldi batao,,0,0
complaint_077,Sir Recharge successful hone ke baad bhi data pack activate nahi hua. kindly confirm,complaint,Sir Recharge successful hone ke baad bhi data pack activate nahi hua. kindly confirm,,0,0
complaint_077,Sunna Recharge successful hone ke baad bhi data pack activate nahi hua....,complaint,Sunna Recharge successful hone ke baad bhi data pack activate nahi hua.,,1,0
complaint_077,Dekho Recharge successful hone ke baad bhi data pack activate nahi hua. actually,complaint,Dekho Recharge successful hone ke baad bhi data pack activate nahi hua. actually,,0,0
complaint_077,"Hello team, Recharge successful hone ke baad bhi data pack activate nahi hua.",complaint,"Hello team, Recharge successful hone ke baad bhi data pack activate nahi hua.",,0,0
complaint_078,Suitcase ka zip first travel me hi break ho gaya quality third rate hai.,complaint,Suitcase ka zip first travel me hi break ho gaya quality third rate hai.,,0,0
complaint_078,Arre Suitcase ka zip first travel me hi break ho gaya quality third rate hai. please,complaint,Arre Suitcase ka zip first travel me hi break ho gaya quality third rate hai. please,,0,0
complaint_078,"Hey, Suitcase ka zip first travel me hi break ho gaya quality third rate hai.!",complaint,"Hey, Suitcase ka zip first travel me hi break ho gaya quality third rate hai.!",,0,0
complaint_078,Bhai Suitcase ka zip first travel me hi break ho gaya quality third rate hai. jaldi batao,complaint,Bhai Suitcase ka zip first travel me hi break ho gaya quality third rate hai. jaldi batao,,0,0
complaint_078,Sir Suitcase ka zip first travel me hi break ho gaya quality third rate hai. kindly confirm,complaint,Sir Suitcase ka zip first travel me hi break ho gaya quality third rate hai. kindly confirm,,0,0
complaint_078,Sunna Suitcase ka zip first travel me hi break ho gaya quality third rate hai....,complaint,Sunna Suitcase ka zip first travel me hi break ho gaya quality third rate hai.,,1,0
complaint_078,Dekho Suitcase ka zip first travel me hi break ho gaya quality third rate hai. actually,complaint,Dekho Suitcase ka zip first travel me hi break ho gaya quality third rate hai. actually,,0,0
complaint_078,"Hello team, Suitcase ka zip first travel me hi break ho gaya quality third rate hai.",complaint,"Hello team, Suitcase ka zip first travel me hi break ho gaya quality third rate hai.",,0,0
complaint_079,Aapki policy me likha tha 24hr resolution but 5 din ho gaye.,complaint,Aapki policy me likha tha 24hr resolution but 5 din ho gaye.,,0,0
complaint_079,Arre Aapki policy me likha tha 24hr resolution but 5 din ho gaye. please,complaint,Arre Aapki policy me likha tha 24hr resolution but 5 din ho gaye. please,,0,0
complaint_079,"Hey, Aapki policy me likha tha 24hr resolution but 5 din ho gaye.!",complaint,"Hey, Aapki policy me likha tha 24hr resolution but 5 din ho gaye.!",,0,0
complaint_079,Bhai Aapki policy me likha tha 24hr resolution but 5 din ho gaye. jaldi batao,complaint,Bhai Aapki policy me likha tha 24hr resolution but 5 din ho gaye. jaldi batao,,0,0
complaint_079,Sir Aapki policy me likha tha 24hr resolution but 5 din ho gaye. kindly confirm,complaint,Sir Aapki policy me likha tha 24hr resolution but 5 din ho gaye. kindly confirm,,0,0
complaint_079,Sunna Aapki policy me likha tha 24hr resolution but 5 din ho gaye....,complaint,Sunna Aapki policy me likha tha 24hr resolution but 5 din ho gaye.,,1,0
complaint_079,Dekho Aapki policy me likha tha 24hr resolution but 5 din ho gaye. actually,complaint,Dekho Aapki policy me likha tha 24hr resolution but 5 din ho gaye. actually,,0,0
complaint_079,"Hello team, Aapki policy me likha tha 24hr resolution but 5 din ho gaye.",complaint,"Hello team, Aapki policy me likha tha 24hr resolution but 5 din ho gaye.",,0,0
complaint_080,Security guard ne parking me entry allow nahi ki pass hone ke bawajood.,complaint,Security guard ne parking me entry allow nahi ki pass hone ke bawajood.,,0,0
complaint_080,Arre Security guard ne parking me entry allow nahi ki pass hone ke bawajood. please,complaint,Arre Security guard ne parking me entry allow nahi ki pass hone ke bawajood. please,,0,0
complaint_080,"Hey, Security guard ne parking me entry allow nahi ki pass hone ke bawajood.!",complaint,"Hey, Security guard ne parking me entry allow nahi ki pass hone ke bawajood.!",,0,0
complaint_080,Bhai Security guard ne parking me entry allow nahi ki pass hone ke bawajood. jaldi batao,complaint,Bhai Security guard ne parking me entry allow nahi ki pass hone ke bawajood. jaldi batao,,0,0
complaint_080,Sir Security guard ne parking me entry allow nahi ki pass hone ke bawajood. kindly confirm,complaint,Sir Security guard ne parking me entry allow nahi ki pass hone ke bawajood. kindly confirm,,0,0
complaint_080,Sunna Security guard ne parking me entry allow nahi ki pass hone ke bawajood....,complaint,Sunna Security guard ne parking me entry allow nahi ki pass hone ke bawajood.,,1,0
complaint_080,Dekho Security guard ne parking me entry allow nahi ki pass hone ke bawajood. actually,complaint,Dekho Security guard ne parking me entry allow nahi ki pass hone ke bawajood. actually,,0,0
complaint_080,"Hello team, Security guard ne parking me entry allow nahi ki pass hone ke bawajood.",complaint,"Hello team, Security guard ne parking me entry allow nahi ki pass hone ke bawajood.",,0,0
complaint_081,Furniture delivered but legs broken the sofa ke.,complaint,Furniture delivered but legs broken the sofa ke.,,0,0
complaint_081,Arre Furniture delivered but legs broken the sofa ke. please,complaint,Arre Furniture delivered but legs broken the sofa ke. please,,0,0
complaint_081,"Hey, Furniture delivered but legs broken the sofa ke.!",complaint,"Hey, Furniture delivered but legs broken the sofa ke.!",,0,0
complaint_081,Bhai Furniture delivered but legs broken the sofa ke. jaldi batao,complaint,Bhai Furniture delivered but legs broken the sofa ke. jaldi batao,,0,0
complaint_081,Sir Furniture delivered but legs broken the sofa ke. kindly confirm,complaint,Sir Furniture delivered but legs broken the sofa ke. kindly confirm,,0,0
complaint_081,Sunna Furniture delivered but legs broken the sofa ke....,complaint,Sunna Furniture delivered but legs broken the sofa ke.,,1,0
complaint_081,Dekho Furniture delivered but legs broken the sofa ke. actually,complaint,Dekho Furniture delivered but legs broken the sofa ke. actually,,0,0
complaint_081,"Hello team, Furniture delivered but legs broken the sofa ke.",complaint,"Hello team, Furniture delivered but legs broken the sofa ke.",,0,0
complaint_082,Cinema hall me AC band tha pura movie ruin ho gaya.,complaint,Cinema hall me AC band tha pura movie ruin ho gaya.,,0,0
complaint_082,Arre Cinema hall me AC band tha pura movie ruin ho gaya. please,complaint,Arre Cinema hall me AC band tha pura movie ruin ho gaya. please,,0,0
complaint_082,"Hey, Cinema hall me AC band tha pura movie ruin ho gaya.!",complaint,"Hey, Cinema hall me AC band tha pura movie ruin ho gaya.!",,0,0
complaint_082,Bhai Cinema hall me AC band tha pura movie ruin ho gaya. jaldi batao,complaint,Bhai Cinema hall me AC band tha pura movie ruin ho gaya. jaldi batao,,0,0
complaint_082,Sir Cinema hall me AC band tha pura movie ruin ho gaya. kindly confirm,complaint,Sir Cinema hall me AC band tha pura movie ruin ho gaya. kindly confirm,,0,0
complaint_082,Sunna Cinema hall me AC band tha pura movie ruin ho gaya....,complaint,Sunna Cinema hall me AC band tha pura movie ruin ho gaya.,,1,0
complaint_082,Dekho Cinema hall me AC band tha pura movie ruin ho gaya. actually,complaint,Dekho Cinema hall me AC band tha pura movie ruin ho gaya. actually,,0,0
complaint_082,"Hello team, Cinema hall me AC band tha pura movie ruin ho gaya.",complaint,"Hello team, Cinema hall me AC band tha pura movie ruin ho gaya.",,0,0
complaint_083,School bus pick up point pe 30 minutes late aayi.,complaint,School bus pick up point pe 30 minutes late aayi.,,0,0
complaint_083,Arre School bus pick up point pe 30 minutes late aayi. please,complaint,Arre School bus pick up point pe 30 minutes late aayi. please,,0,0
complaint_083,"Hey, School bus pick up point pe 30 minutes late aayi.!",complaint,"Hey, School bus pick up point pe 30 minutes late aayi.!",,0,0
complaint_083,Bhai School bus pick up point pe 30 minutes late aayi. jaldi batao,complaint,Bhai School bus pick up point pe 30 minutes late aayi. jaldi batao,,0,0
complaint_083,Sir School bus pick up point pe 30 minutes late aayi. kindly confirm,complaint,Sir School bus pick up point pe 30 minutes late aayi. kindly confirm,,0,0
complaint_083,Sunna School bus pick up point pe 30 minutes late aayi....,complaint,Sunna School bus pick up point pe 30 minutes late aayi.,,1,0
complaint_083,Dekho School bus pick up point pe 30 minutes late aayi. actually,complaint,Dekho School bus pick up point pe 30 minutes late aayi. actually,,0,0
complaint_083,"Hello team, School bus pick up point pe 30 minutes late aayi.",complaint,"Hello team, School bus pick up point pe 30 minutes late aayi.",,0,0
complaint_085,Aapka delivery partner drunk lag raha tha parcel deliver karte time.,complaint,Aapka delivery partner drunk lag raha tha parcel deliver karte time.,,0,0
complaint_085,Arre Aapka delivery partner drunk lag raha tha parcel deliver karte time. please,complaint,Arre Aapka delivery partner drunk lag raha tha parcel deliver karte time. please,,0,0
complaint_085,"Hey, Aapka delivery partner drunk lag raha tha parcel deliver karte time.!",complaint,"Hey, Aapka delivery partner drunk lag raha tha parcel deliver karte time.!",,0,0
complaint_085,Bhai Aapka delivery partner drunk lag raha tha parcel deliver karte time. jaldi batao,complaint,Bhai Aapka delivery partner drunk lag raha tha parcel deliver karte time. jaldi batao,,0,0
complaint_085,Sir Aapka delivery partner drunk lag raha tha parcel deliver karte time. kindly confirm,complaint,Sir Aapka delivery partner drunk lag raha tha parcel deliver karte time. kindly confirm,,0,0
complaint_085,Sunna Aapka delivery partner drunk lag raha tha parcel deliver karte time....,complaint,Sunna Aapka delivery partner drunk lag raha tha parcel deliver karte time.,,1,0
complaint_085,Dekho Aapka delivery partner drunk lag raha tha parcel deliver karte time. actually,complaint,Dekho Aapka delivery partner drunk lag raha tha parcel deliver karte time. actually,,0,0
complaint_085,"Hello team, Aapka delivery partner drunk lag raha tha parcel deliver karte time.",complaint,"Hello team, Aapka delivery partner drunk lag raha tha parcel deliver karte time.",,0,0
complaint_087,Fridge ka freezer cooling nahi kar raha ice melt ho gayi sari.,complaint,Fridge ka freezer cooling nahi kar raha ice melt ho gayi sari.,,0,0
complaint_087,Arre Fridge ka freezer cooling nahi kar raha ice melt ho gayi sari. please,complaint,Arre Fridge ka freezer cooling nahi kar raha ice melt ho gayi sari. please,,0,0
complaint_087,"Hey, Fridge ka freezer cooling nahi kar raha ice melt ho gayi sari.!",complaint,"Hey, Fridge ka freezer cooling nahi kar raha ice melt ho gayi sari.!",,0,0
complaint_087,Bhai Fridge ka freezer cooling nahi kar raha ice melt ho gayi sari. jaldi batao,complaint,Bhai Fridge ka freezer cooling nahi kar raha ice melt ho gayi sari. jaldi batao,,0,0
complaint_087,Sir Fridge ka freezer cooling nahi kar raha ice melt ho gayi sari. kindly confirm,complaint,Sir Fridge ka freezer cooling nahi kar raha ice melt ho gayi sari. kindly confirm,,0,0
complaint_087,Sunna Fridge ka freezer cooling nahi kar raha ice melt ho gayi sari....,complaint,Sunna Fridge ka freezer cooling nahi kar raha ice melt ho gayi sari.,,1,0
complaint_087,Dekho Fridge ka freezer cooling nahi kar raha ice melt ho gayi sari. actually,complaint,Dekho Fridge ka freezer cooling nahi kar raha ice melt ho gayi sari. actually,,0,0
complaint_087,"Hello team, Fridge ka freezer cooling nahi kar raha ice melt ho gayi sari.",complaint,"Hello team, Fridge ka freezer cooling nahi kar raha ice melt ho gayi sari.",,0,0
complaint_088,Aap log fake promise karte ho 10 minute delivery ka 1 ghanta lagaya.,complaint,Aap log fake promise karte ho 10 minute delivery ka 1 ghanta lagaya.,,0,0
complaint_088,Arre Aap log fake promise karte ho 10 minute delivery ka 1 ghanta lagaya. please,complaint,Arre Aap log fake promise karte ho 10 minute delivery ka 1 ghanta lagaya. please,,0,0
complaint_088,"Hey, Aap log fake promise karte ho 10 minute delivery ka 1 ghanta lagaya.!",complaint,"Hey, Aap log fake promise karte ho 10 minute delivery ka 1 ghanta lagaya.!",,0,0
complaint_088,Bhai Aap log fake promise karte ho 10 minute delivery ka 1 ghanta lagaya. jaldi batao,complaint,Bhai Aap log fake promise karte ho 10 minute delivery ka 1 ghanta lagaya. jaldi batao,,0,0
complaint_088,Sir Aap log fake promise karte ho 10 minute delivery ka 1 ghanta lagaya. kindly confirm,complaint,Sir Aap log fake promise karte ho 10 minute delivery ka 1 ghanta lagaya. kindly confirm,,0,0
complaint_088,Sunna Aap log fake promise karte ho 10 minute delivery ka 1 ghanta lagaya....,complaint,Sunna Aap log fake promise karte ho 10 minute delivery ka 1 ghanta lagaya.,,1,0
complaint_088,Dekho Aap log fake promise karte ho 10 minute delivery ka 1 ghanta lagaya. actually,complaint,Dekho Aap log fake promise karte ho 10 minute delivery ka 1 ghanta lagaya. actually,,0,0
complaint_088,"Hello team, Aap log fake promise karte ho 10 minute delivery ka 1 ghanta lagaya.",complaint,"Hello team, Aap log fake promise karte ho 10 minute delivery ka 1 ghanta lagaya.",,0,0
complaint_089,Solar panel installation wiring ekdum unsafe tarike se chhod di.,complaint,Solar panel installation wiring ekdum unsafe tarike se chhod di.,,0,0
complaint_089,Arre Solar panel installation wiring ekdum unsafe tarike se chhod di. please,complaint,Arre Solar panel installation wiring ekdum unsafe tarike se chhod di. please,,0,0
complaint_089,"Hey, Solar panel installation wiring ekdum unsafe tarike se chhod di.!",complaint,"Hey, Solar panel installation wiring ekdum unsafe tarike se chhod di.!",,0,0
complaint_089,Bhai Solar panel installation wiring ekdum unsafe tarike se chhod di. jaldi batao,complaint,Bhai Solar panel installation wiring ekdum unsafe tarike se chhod di. jaldi batao,,0,0
complaint_089,Sir Solar panel installation wiring ekdum unsafe tarike se chhod di. kindly confirm,complaint,Sir Solar panel installation wiring ekdum unsafe tarike se chhod di. kindly confirm,,0,0
complaint_089,Sunna Solar panel installation wiring ekdum unsafe tarike se chhod di....,complaint,Sunna Solar panel installation wiring ekdum unsafe tarike se chhod di.,,1,0
complaint_089,Dekho Solar panel installation wiring ekdum unsafe tarike se chhod di. actually,complaint,Dekho Solar panel installation wiring ekdum unsafe tarike se chhod di. actually,,0,0
complaint_089,"Hello team, Solar panel installation wiring ekdum unsafe tarike se chhod di.",complaint,"Hello team, Solar panel installation wiring ekdum unsafe tarike se chhod di.",,0,0
complaint_091,Aapke software update ke baad phone over heat hone laga hai.,complaint,Aapke software update ke baad phone over heat hone laga hai.,,0,0
complaint_091,Arre Aapke software update ke baad phone over heat hone laga hai. please,complaint,Arre Aapke software update ke baad phone over heat hone laga hai. please,,0,0
complaint_091,"Hey, Aapke software update ke baad phone over heat hone laga hai.!",complaint,"Hey, Aapke software update ke baad phone over heat hone laga hai.!",,0,0
complaint_091,Bhai Aapke software update ke baad phone over heat hone laga hai. jaldi batao,complaint,Bhai Aapke software update ke baad phone over heat hone laga hai. jaldi batao,,0,0
complaint_091,Sir Aapke software update ke baad phone over heat hone laga hai. kindly confirm,complaint,Sir Aapke software update ke baad phone over heat hone laga hai. kindly confirm,,0,0
complaint_091,Sunna Aapke software update ke baad phone over heat hone laga hai....,complaint,Sunna Aapke software update ke baad phone over heat hone laga hai.,,1,0
complaint_091,Dekho Aapke software update ke baad phone over heat hone laga hai. actually,complaint,Dekho Aapke software update ke baad phone over heat hone laga hai. actually,,0,0
complaint_091,"Hello team, Aapke software update ke baad phone over heat hone laga hai.",complaint,"Hello team, Aapke software update ke baad phone over heat hone laga hai.",,0,0
complaint_092,Toll tax do baar deduct ho gaya fastag account se.,complaint,Toll tax do baar deduct ho gaya fastag account se.,,0,0
complaint_092,Arre Toll tax do baar deduct ho gaya fastag account se. please,complaint,Arre Toll tax do baar deduct ho gaya fastag account se. please,,0,0
complaint_092,"Hey, Toll tax do baar deduct ho gaya fastag account se.!",complaint,"Hey, Toll tax do baar deduct ho gaya fastag account se.!",,0,0
complaint_092,Bhai Toll tax do baar deduct ho gaya fastag account se. jaldi batao,complaint,Bhai Toll tax do baar deduct ho gaya fastag account se. jaldi batao,,0,0
complaint_092,Sir Toll tax do baar deduct ho gaya fastag account se. kindly confirm,complaint,Sir Toll tax do baar deduct ho gaya fastag account se. kindly confirm,,0,0
complaint_092,Sunna Toll tax do baar deduct ho gaya fastag account se....,complaint,Sunna Toll tax do baar deduct ho gaya fastag account se.,,1,0
complaint_092,Dekho Toll tax do baar deduct ho gaya fastag account se. actually,complaint,Dekho Toll tax do baar deduct ho gaya fastag account se. actually,,0,0
complaint_092,"Hello team, Toll tax do baar deduct ho gaya fastag account se.",complaint,"Hello team, Toll tax do baar deduct ho gaya fastag account se.",,0,0
complaint_093,Flight me luggage damage mila wheel tut gaya suitcase ka.,complaint,Flight me luggage damage mila wheel tut gaya suitcase ka.,,0,0
complaint_093,Arre Flight me luggage damage mila wheel tut gaya suitcase ka. please,complaint,Arre Flight me luggage damage mila wheel tut gaya suitcase ka. please,,0,0
complaint_093,"Hey, Flight me luggage damage mila wheel tut gaya suitcase ka.!",complaint,"Hey, Flight me luggage damage mila wheel tut gaya suitcase ka.!",,0,0
complaint_093,Bhai Flight me luggage damage mila wheel tut gaya suitcase ka. jaldi batao,complaint,Bhai Flight me luggage damage mila wheel tut gaya suitcase ka. jaldi batao,,0,0
complaint_093,Sir Flight me luggage damage mila wheel tut gaya suitcase ka. kindly confirm,complaint,Sir Flight me luggage damage mila wheel tut gaya suitcase ka. kindly confirm,,0,0
complaint_093,Sunna Flight me luggage damage mila wheel tut gaya suitcase ka....,complaint,Sunna Flight me luggage damage mila wheel tut gaya suitcase ka.,,1,0
complaint_093,Dekho Flight me luggage damage mila wheel tut gaya suitcase ka. actually,complaint,Dekho Flight me luggage damage mila wheel tut gaya suitcase ka. actually,,0,0
complaint_093,"Hello team, Flight me luggage damage mila wheel tut gaya suitcase ka.",complaint,"Hello team, Flight me luggage damage mila wheel tut gaya suitcase ka.",,0,0
complaint_095,Blood test report 3 din me bhi generate nahi hui urgent tha.,complaint,Blood test report 3 din me bhi generate nahi hui urgent tha.,,0,0
complaint_095,Arre Blood test report 3 din me bhi generate nahi hui urgent tha. please,complaint,Arre Blood test report 3 din me bhi generate nahi hui urgent tha. please,,0,0
complaint_095,"Hey, Blood test report 3 din me bhi generate nahi hui urgent tha.!",complaint,"Hey, Blood test report 3 din me bhi generate nahi hui urgent tha.!",,0,0
complaint_095,Bhai Blood test report 3 din me bhi generate nahi hui urgent tha. jaldi batao,complaint,Bhai Blood test report 3 din me bhi generate nahi hui urgent tha. jaldi batao,,0,0
complaint_095,Sir Blood test report 3 din me bhi generate nahi hui urgent tha. kindly confirm,complaint,Sir Blood test report 3 din me bhi generate nahi hui urgent tha. kindly confirm,,0,0
complaint_095,Sunna Blood test report 3 din me bhi generate nahi hui urgent tha....,complaint,Sunna Blood test report 3 din me bhi generate nahi hui urgent tha.,,1,0
complaint_095,Dekho Blood test report 3 din me bhi generate nahi hui urgent tha. actually,complaint,Dekho Blood test report 3 din me bhi generate nahi hui urgent tha. actually,,0,0
complaint_095,"Hello team, Blood test report 3 din me bhi generate nahi hui urgent tha.",complaint,"Hello team, Blood test report 3 din me bhi generate nahi hui urgent tha.",,0,0
complaint_097,Apartment maintenance staff water leakage fix nahi kar raha 1 mahine se.,complaint,Apartment maintenance staff water leakage fix nahi kar raha 1 mahine se.,,0,0
complaint_097,Arre Apartment maintenance staff water leakage fix nahi kar raha 1 mahine se. please,complaint,Arre Apartment maintenance staff water leakage fix nahi kar raha 1 mahine se. please,,0,0
complaint_097,"Hey, Apartment maintenance staff water leakage fix nahi kar raha 1 mahine se.!",complaint,"Hey, Apartment maintenance staff water leakage fix nahi kar raha 1 mahine se.!",,0,0
complaint_097,Bhai Apartment maintenance staff water leakage fix nahi kar raha 1 mahine se. jaldi batao,complaint,Bhai Apartment maintenance staff water leakage fix nahi kar raha 1 mahine se. jaldi batao,,0,0
complaint_097,Sir Apartment maintenance staff water leakage fix nahi kar raha 1 mahine se. kindly confirm,complaint,Sir Apartment maintenance staff water leakage fix nahi kar raha 1 mahine se. kindly confirm,,0,0
complaint_097,Sunna Apartment maintenance staff water leakage fix nahi kar raha 1 mahine se....,complaint,Sunna Apartment maintenance staff water leakage fix nahi kar raha 1 mahine se.,,1,0
complaint_097,Dekho Apartment maintenance staff water leakage fix nahi kar raha 1 mahine se. actually,complaint,Dekho Apartment maintenance staff water leakage fix nahi kar raha 1 mahine se. actually,,0,0
complaint_097,"Hello team, Apartment maintenance staff water leakage fix nahi kar raha 1 mahine se.",complaint,"Hello team, Apartment maintenance staff water leakage fix nahi kar raha 1 mahine se.",,0,0
complaint_098,Print quality t-shirt pe blurred aayi hai return request dalo.,complaint,Print quality t-shirt pe blurred aayi hai return request dalo.,,0,0
complaint_098,Arre Print quality t-shirt pe blurred aayi hai return request dalo. please,complaint,Arre Print quality t-shirt pe blurred aayi hai return request dalo. please,,0,0
complaint_098,"Hey, Print quality t-shirt pe blurred aayi hai return request dalo.!",complaint,"Hey, Print quality t-shirt pe blurred aayi hai return request dalo.!",,0,0
complaint_098,Bhai Print quality t-shirt pe blurred aayi hai return request dalo. jaldi batao,complaint,Bhai Print quality t-shirt pe blurred aayi hai return request dalo. jaldi batao,,0,0
complaint_098,Sir Print quality t-shirt pe blurred aayi hai return request dalo. kindly confirm,complaint,Sir Print quality t-shirt pe blurred aayi hai return request dalo. kindly confirm,,0,0
complaint_098,Sunna Print quality t-shirt pe blurred aayi hai return request dalo....,complaint,Sunna Print quality t-shirt pe blurred aayi hai return request dalo.,,1,0
complaint_098,Dekho Print quality t-shirt pe blurred aayi hai return request dalo. actually,complaint,Dekho Print quality t-shirt pe blurred aayi hai return request dalo. actually,,0,0
complaint_098,"Hello team, Print quality t-shirt pe blurred aayi hai return request dalo.",complaint,"Hello team, Print quality t-shirt pe blurred aayi hai return request dalo.",,0,0
complaint_099,Aapke executive ne inappropriate comments pass kiye call par.,complaint,Aapke executive ne inappropriate comments pass kiye call par.,,0,0
complaint_099,Arre Aapke executive ne inappropriate comments pass kiye call par. please,complaint,Arre Aapke executive ne inappropriate comments pass kiye call par. please,,0,0
complaint_099,"Hey, Aapke executive ne inappropriate comments pass kiye call par.!",complaint,"Hey, Aapke executive ne inappropriate comments pass kiye call par.!",,0,0
complaint_099,Bhai Aapke executive ne inappropriate comments pass kiye call par. jaldi batao,complaint,Bhai Aapke executive ne inappropriate comments pass kiye call par. jaldi batao,,0,0
complaint_099,Sir Aapke executive ne inappropriate comments pass kiye call par. kindly confirm,complaint,Sir Aapke executive ne inappropriate comments pass kiye call par. kindly confirm,,0,0
complaint_099,Sunna Aapke executive ne inappropriate comments pass kiye call par....,complaint,Sunna Aapke executive ne inappropriate comments pass kiye call par.,,1,0
complaint_099,Dekho Aapke executive ne inappropriate comments pass kiye call par. actually,complaint,Dekho Aapke executive ne inappropriate comments pass kiye call par. actually,,0,0
complaint_099,"Hello team, Aapke executive ne inappropriate comments pass kiye call par.",complaint,"Hello team, Aapke executive ne inappropriate comments pass kiye call par.",,0,0
complaint_100,Wifi password reset nahi ho raha router portal login fail ho raha hai.,complaint,Wifi password reset nahi ho raha router portal login fail ho raha hai.,,0,0
complaint_100,Arre Wifi password reset nahi ho raha router portal login fail ho raha hai. please,complaint,Arre Wifi password reset nahi ho raha router portal login fail ho raha hai. please,,0,0
complaint_100,"Hey, Wifi password reset nahi ho raha router portal login fail ho raha hai.!",complaint,"Hey, Wifi password reset nahi ho raha router portal login fail ho raha hai.!",,0,0
complaint_100,Bhai Wifi password reset nahi ho raha router portal login fail ho raha hai. jaldi batao,complaint,Bhai Wifi password reset nahi ho raha router portal login fail ho raha hai. jaldi batao,,0,0
complaint_100,Sir Wifi password reset nahi ho raha router portal login fail ho raha hai. kindly confirm,complaint,Sir Wifi password reset nahi ho raha router portal login fail ho raha hai. kindly confirm,,0,0
complaint_100,Sunna Wifi password reset nahi ho raha router portal login fail ho raha hai....,complaint,Sunna Wifi password reset nahi ho raha router portal login fail ho raha hai.,,1,0
complaint_100,Dekho Wifi password reset nahi ho raha router portal login fail ho raha hai. actually,complaint,Dekho Wifi password reset nahi ho raha router portal login fail ho raha hai. actually,,0,0
complaint_100,"Hello team, Wifi password reset nahi ho raha router portal login fail ho raha hai.",complaint,"Hello team, Wifi password reset nahi ho raha router portal login fail ho raha hai.",,0,0
complaint_102,Microwave turntable rotate nahi ho raha heating band ho gayi.,complaint,Microwave turntable rotate nahi ho raha heating band ho gayi.,,0,0
complaint_102,Arre Microwave turntable rotate nahi ho raha heating band ho gayi. please,complaint,Arre Microwave turntable rotate nahi ho raha heating band ho gayi. please,,0,0
complaint_102,"Hey, Microwave turntable rotate nahi ho raha heating band ho gayi.!",complaint,"Hey, Microwave turntable rotate nahi ho raha heating band ho gayi.!",,0,0
complaint_102,Bhai Microwave turntable rotate nahi ho raha heating band ho gayi. jaldi batao,complaint,Bhai Microwave turntable rotate nahi ho raha heating band ho gayi. jaldi batao,,0,0
complaint_102,Sir Microwave turntable rotate nahi ho raha heating band ho gayi. kindly confirm,complaint,Sir Microwave turntable rotate nahi ho raha heating band ho gayi. kindly confirm,,0,0
complaint_102,Sunna Microwave turntable rotate nahi ho raha heating band ho gayi....,complaint,Sunna Microwave turntable rotate nahi ho raha heating band ho gayi.,,1,0
complaint_102,Dekho Microwave turntable rotate nahi ho raha heating band ho gayi. actually,complaint,Dekho Microwave turntable rotate nahi ho raha heating band ho gayi. actually,,0,0
complaint_102,"Hello team, Microwave turntable rotate nahi ho raha heating band ho gayi.",complaint,"Hello team, Microwave turntable rotate nahi ho raha heating band ho gayi.",,0,0
complaint_105,ATM machine ne cash dispense nahi kiya par balance debit ho gaya.,complaint,ATM machine ne cash dispense nahi kiya par balance debit ho gaya.,,0,0
complaint_105,Arre ATM machine ne cash dispense nahi kiya par balance debit ho gaya. please,complaint,Arre ATM machine ne cash dispense nahi kiya par balance debit ho gaya. please,,0,0
complaint_105,"Hey, ATM machine ne cash dispense nahi kiya par balance debit ho gaya.!",complaint,"Hey, ATM machine ne cash dispense nahi kiya par balance debit ho gaya.!",,0,0
complaint_105,Bhai ATM machine ne cash dispense nahi kiya par balance debit ho gaya. jaldi batao,complaint,Bhai ATM machine ne cash dispense nahi kiya par balance debit ho gaya. jaldi batao,,0,0
complaint_105,Sir ATM machine ne cash dispense nahi kiya par balance debit ho gaya. kindly confirm,complaint,Sir ATM machine ne cash dispense nahi kiya par balance debit ho gaya. kindly confirm,,0,0
complaint_105,Sunna ATM machine ne cash dispense nahi kiya par balance debit ho gaya....,complaint,Sunna ATM machine ne cash dispense nahi kiya par balance debit ho gaya.,,1,0
complaint_105,Dekho ATM machine ne cash dispense nahi kiya par balance debit ho gaya. actually,complaint,Dekho ATM machine ne cash dispense nahi kiya par balance debit ho gaya. actually,,0,0
complaint_105,"Hello team, ATM machine ne cash dispense nahi kiya par balance debit ho gaya.",complaint,"Hello team, ATM machine ne cash dispense nahi kiya par balance debit ho gaya.",,0,0
complaint_106,Dry cleaning ke baad blazer pe stains lag gaye aur color fade ho gaya.,complaint,Dry cleaning ke baad blazer pe stains lag gaye aur color fade ho gaya.,,0,0
complaint_106,Arre Dry cleaning ke baad blazer pe stains lag gaye aur color fade ho gaya. please,complaint,Arre Dry cleaning ke baad blazer pe stains lag gaye aur color fade ho gaya. please,,0,0
complaint_106,"Hey, Dry cleaning ke baad blazer pe stains lag gaye aur color fade ho gaya.!",complaint,"Hey, Dry cleaning ke baad blazer pe stains lag gaye aur color fade ho gaya.!",,0,0
complaint_106,Bhai Dry cleaning ke baad blazer pe stains lag gaye aur color fade ho gaya. jaldi batao,complaint,Bhai Dry cleaning ke baad blazer pe stains lag gaye aur color fade ho gaya. jaldi batao,,0,0
complaint_106,Sir Dry cleaning ke baad blazer pe stains lag gaye aur color fade ho gaya. kindly confirm,complaint,Sir Dry cleaning ke baad blazer pe stains lag gaye aur color fade ho gaya. kindly confirm,,0,0
complaint_106,Sunna Dry cleaning ke baad blazer pe stains lag gaye aur color fade ho gaya....,complaint,Sunna Dry cleaning ke baad blazer pe stains lag gaye aur color fade ho gaya.,,1,0
complaint_106,Dekho Dry cleaning ke baad blazer pe stains lag gaye aur color fade ho gaya. actually,complaint,Dekho Dry cleaning ke baad blazer pe stains lag gaye aur color fade ho gaya. actually,,0,0
complaint_106,"Hello team, Dry cleaning ke baad blazer pe stains lag gaye aur color fade ho gaya.",complaint,"Hello team, Dry cleaning ke baad blazer pe stains lag gaye aur color fade ho gaya.",,0,0
complaint_108,Aapka portal security OTP send nahi kar raha login impossible hai.,complaint,Aapka portal security OTP send nahi kar raha login impossible hai.,,0,0
complaint_108,Arre Aapka portal security OTP send nahi kar raha login impossible hai. please,complaint,Arre Aapka portal security OTP send nahi kar raha login impossible hai. please,,0,0
complaint_108,"Hey, Aapka portal security OTP send nahi kar raha login impossible hai.!",complaint,"Hey, Aapka portal security OTP send nahi kar raha login impossible hai.!",,0,0
complaint_108,Bhai Aapka portal security OTP send nahi kar raha login impossible hai. jaldi batao,complaint,Bhai Aapka portal security OTP send nahi kar raha login impossible hai. jaldi batao,,0,0
complaint_108,Sir Aapka portal security OTP send nahi kar raha login impossible hai. kindly confirm,complaint,Sir Aapka portal security OTP send nahi kar raha login impossible hai. kindly confirm,,0,0
complaint_108,Sunna Aapka portal security OTP send nahi kar raha login impossible hai....,complaint,Sunna Aapka portal security OTP send nahi kar raha login impossible hai.,,1,0
complaint_108,Dekho Aapka portal security OTP send nahi kar raha login impossible hai. actually,complaint,Dekho Aapka portal security OTP send nahi kar raha login impossible hai. actually,,0,0
complaint_108,"Hello team, Aapka portal security OTP send nahi kar raha login impossible hai.",complaint,"Hello team, Aapka portal security OTP send nahi kar raha login impossible hai.",,0,0
complaint_110,Pest control treatment ke baad bhi cockroaches kam nahi hue.,complaint,Pest control treatment ke baad bhi cockroaches kam nahi hue.,,0,0
complaint_110,Arre Pest control treatment ke baad bhi cockroaches kam nahi hue. please,complaint,Arre Pest control treatment ke baad bhi cockroaches kam nahi hue. please,,0,0
complaint_110,"Hey, Pest control treatment ke baad bhi cockroaches kam nahi hue.!",complaint,"Hey, Pest control treatment ke baad bhi cockroaches kam nahi hue.!",,0,0
complaint_110,Bhai Pest control treatment ke baad bhi cockroaches kam nahi hue. jaldi batao,complaint,Bhai Pest control treatment ke baad bhi cockroaches kam nahi hue. jaldi batao,,0,0
complaint_110,Sir Pest control treatment ke baad bhi cockroaches kam nahi hue. kindly confirm,complaint,Sir Pest control treatment ke baad bhi cockroaches kam nahi hue. kindly confirm,,0,0
complaint_110,Sunna Pest control treatment ke baad bhi cockroaches kam nahi hue....,complaint,Sunna Pest control treatment ke baad bhi cockroaches kam nahi hue.,,1,0
complaint_110,Dekho Pest control treatment ke baad bhi cockroaches kam nahi hue. actually,complaint,Dekho Pest control treatment ke baad bhi cockroaches kam nahi hue. actually,,0,0
complaint_110,"Hello team, Pest control treatment ke baad bhi cockroaches kam nahi hue.",complaint,"Hello team, Pest control treatment ke baad bhi cockroaches kam nahi hue.",,0,0
complaint_112,College admissions team ne original documents misplace kar diye.,complaint,College admissions team ne original documents misplace kar diye.,,0,0
complaint_112,Arre College admissions team ne original documents misplace kar diye. please,complaint,Arre College admissions team ne original documents misplace kar diye. please,,0,0
complaint_112,"Hey, College admissions team ne original documents misplace kar diye.!",complaint,"Hey, College admissions team ne original documents misplace kar diye.!",,0,0
complaint_112,Bhai College admissions team ne original documents misplace kar diye. jaldi batao,complaint,Bhai College admissions team ne original documents misplace kar diye. jaldi batao,,0,0
complaint_112,Sir College admissions team ne original documents misplace kar diye. kindly confirm,complaint,Sir College admissions team ne original documents misplace kar diye. kindly confirm,,0,0
complaint_112,Sunna College admissions team ne original documents misplace kar diye....,complaint,Sunna College admissions team ne original documents misplace kar diye.,,1,0
complaint_112,Dekho College admissions team ne original documents misplace kar diye. actually,complaint,Dekho College admissions team ne original documents misplace kar diye. actually,,0,0
complaint_112,"Hello team, College admissions team ne original documents misplace kar diye.",complaint,"Hello team, College admissions team ne original documents misplace kar diye.",,0,0
complaint_113,Aapka subscription cancel karne ka button intentionally hide kar rakha hai.,complaint,Aapka subscription cancel karne ka button intentionally hide kar rakha hai.,,0,0
complaint_113,Arre Aapka subscription cancel karne ka button intentionally hide kar rakha hai. please,complaint,Arre Aapka subscription cancel karne ka button intentionally hide kar rakha hai. please,,0,0
complaint_113,"Hey, Aapka subscription cancel karne ka button intentionally hide kar rakha hai.!",complaint,"Hey, Aapka subscription cancel karne ka button intentionally hide kar rakha hai.!",,0,0
complaint_113,Bhai Aapka subscription cancel karne ka button intentionally hide kar rakha hai. jaldi batao,complaint,Bhai Aapka subscription cancel karne ka button intentionally hide kar rakha hai. jaldi batao,,0,0
complaint_113,Sir Aapka subscription cancel karne ka button intentionally hide kar rakha hai. kindly confirm,complaint,Sir Aapka subscription cancel karne ka button intentionally hide kar rakha hai. kindly confirm,,0,0
complaint_113,Sunna Aapka subscription cancel karne ka button intentionally hide kar rakha hai....,complaint,Sunna Aapka subscription cancel karne ka button intentionally hide kar rakha hai.,,1,0
complaint_113,Dekho Aapka subscription cancel karne ka button intentionally hide kar rakha hai. actually,complaint,Dekho Aapka subscription cancel karne ka button intentionally hide kar rakha hai. actually,,0,0
complaint_113,"Hello team, Aapka subscription cancel karne ka button intentionally hide kar rakha hai.",complaint,"Hello team, Aapka subscription cancel karne ka button intentionally hide kar rakha hai.",,0,0
complaint_114,Electric scooter range 20 km bhi nahi de raha company promise 80 km tha.,complaint,Electric scooter range 20 km bhi nahi de raha company promise 80 km tha.,,0,0
complaint_114,Arre Electric scooter range 20 km bhi nahi de raha company promise 80 km tha. please,complaint,Arre Electric scooter range 20 km bhi nahi de raha company promise 80 km tha. please,,0,0
complaint_114,"Hey, Electric scooter range 20 km bhi nahi de raha company promise 80 km tha.!",complaint,"Hey, Electric scooter range 20 km bhi nahi de raha company promise 80 km tha.!",,0,0
complaint_114,Bhai Electric scooter range 20 km bhi nahi de raha company promise 80 km tha. jaldi batao,complaint,Bhai Electric scooter range 20 km bhi nahi de raha company promise 80 km tha. jaldi batao,,0,0
complaint_114,Sir Electric scooter range 20 km bhi nahi de raha company promise 80 km tha. kindly confirm,complaint,Sir Electric scooter range 20 km bhi nahi de raha company promise 80 km tha. kindly confirm,,0,0
complaint_114,Sunna Electric scooter range 20 km bhi nahi de raha company promise 80 km tha....,complaint,Sunna Electric scooter range 20 km bhi nahi de raha company promise 80 km tha.,,1,0
complaint_114,Dekho Electric scooter range 20 km bhi nahi de raha company promise 80 km tha. actually,complaint,Dekho Electric scooter range 20 km bhi nahi de raha company promise 80 km tha. actually,,0,0
complaint_114,"Hello team, Electric scooter range 20 km bhi nahi de raha company promise 80 km tha.",complaint,"Hello team, Electric scooter range 20 km bhi nahi de raha company promise 80 km tha.",,0,0
complaint_115,Hotel booking non-refundable bata kar pura amount forfeit kar liya.,complaint,Hotel booking non-refundable bata kar pura amount forfeit kar liya.,,0,0
complaint_115,Arre Hotel booking non-refundable bata kar pura amount forfeit kar liya. please,complaint,Arre Hotel booking non-refundable bata kar pura amount forfeit kar liya. please,,0,0
complaint_115,"Hey, Hotel booking non-refundable bata kar pura amount forfeit kar liya.!",complaint,"Hey, Hotel booking non-refundable bata kar pura amount forfeit kar liya.!",,0,0
complaint_115,Bhai Hotel booking non-refundable bata kar pura amount forfeit kar liya. jaldi batao,complaint,Bhai Hotel booking non-refundable bata kar pura amount forfeit kar liya. jaldi batao,,0,0
complaint_115,Sir Hotel booking non-refundable bata kar pura amount forfeit kar liya. kindly confirm,complaint,Sir Hotel booking non-refundable bata kar pura amount forfeit kar liya. kindly confirm,,0,0
complaint_115,Sunna Hotel booking non-refundable bata kar pura amount forfeit kar liya....,complaint,Sunna Hotel booking non-refundable bata kar pura amount forfeit kar liya.,,1,0
complaint_115,Dekho Hotel booking non-refundable bata kar pura amount forfeit kar liya. actually,complaint,Dekho Hotel booking non-refundable bata kar pura amount forfeit kar liya. actually,,0,0
complaint_115,"Hello team, Hotel booking non-refundable bata kar pura amount forfeit kar liya.",complaint,"Hello team, Hotel booking non-refundable bata kar pura amount forfeit kar liya.",,0,0
complaint_116,Water tank cleaning team ne roof pipe tod diya.,complaint,Water tank cleaning team ne roof pipe tod diya.,,0,0
complaint_116,Arre Water tank cleaning team ne roof pipe tod diya. please,complaint,Arre Water tank cleaning team ne roof pipe tod diya. please,,0,0
complaint_116,"Hey, Water tank cleaning team ne roof pipe tod diya.!",complaint,"Hey, Water tank cleaning team ne roof pipe tod diya.!",,0,0
complaint_116,Bhai Water tank cleaning team ne roof pipe tod diya. jaldi batao,complaint,Bhai Water tank cleaning team ne roof pipe tod diya. jaldi batao,,0,0
complaint_116,Sir Water tank cleaning team ne roof pipe tod diya. kindly confirm,complaint,Sir Water tank cleaning team ne roof pipe tod diya. kindly confirm,,0,0
complaint_116,Sunna Water tank cleaning team ne roof pipe tod diya....,complaint,Sunna Water tank cleaning team ne roof pipe tod diya.,,1,0
complaint_116,Dekho Water tank cleaning team ne roof pipe tod diya. actually,complaint,Dekho Water tank cleaning team ne roof pipe tod diya. actually,,0,0
complaint_116,"Hello team, Water tank cleaning team ne roof pipe tod diya.",complaint,"Hello team, Water tank cleaning team ne roof pipe tod diya.",,0,0
complaint_117,Aapki delivery app location galat map karti hai driver bhatak jata hai.,complaint,Aapki delivery app location galat map karti hai driver bhatak jata hai.,,0,0
complaint_117,Arre Aapki delivery app location galat map karti hai driver bhatak jata hai. please,complaint,Arre Aapki delivery app location galat map karti hai driver bhatak jata hai. please,,0,0
complaint_117,"Hey, Aapki delivery app location galat map karti hai driver bhatak jata hai.!",complaint,"Hey, Aapki delivery app location galat map karti hai driver bhatak jata hai.!",,0,0
complaint_117,Bhai Aapki delivery app location galat map karti hai driver bhatak jata hai. jaldi batao,complaint,Bhai Aapki delivery app location galat map karti hai driver bhatak jata hai. jaldi batao,,0,0
complaint_117,Sir Aapki delivery app location galat map karti hai driver bhatak jata hai. kindly confirm,complaint,Sir Aapki delivery app location galat map karti hai driver bhatak jata hai. kindly confirm,,0,0
complaint_117,Sunna Aapki delivery app location galat map karti hai driver bhatak jata hai....,complaint,Sunna Aapki delivery app location galat map karti hai driver bhatak jata hai.,,1,0
complaint_117,Dekho Aapki delivery app location galat map karti hai driver bhatak jata hai. actually,complaint,Dekho Aapki delivery app location galat map karti hai driver bhatak jata hai. actually,,0,0
complaint_117,"Hello team, Aapki delivery app location galat map karti hai driver bhatak jata hai.",complaint,"Hello team, Aapki delivery app location galat map karti hai driver bhatak jata hai.",,0,0
complaint_118,Eyeglasses ka power wrong banaya hai headache ho raha hai.,complaint,Eyeglasses ka power wrong banaya hai headache ho raha hai.,,0,0
complaint_118,Arre Eyeglasses ka power wrong banaya hai headache ho raha hai. please,complaint,Arre Eyeglasses ka power wrong banaya hai headache ho raha hai. please,,0,0
complaint_118,"Hey, Eyeglasses ka power wrong banaya hai headache ho raha hai.!",complaint,"Hey, Eyeglasses ka power wrong banaya hai headache ho raha hai.!",,0,0
complaint_118,Bhai Eyeglasses ka power wrong banaya hai headache ho raha hai. jaldi batao,complaint,Bhai Eyeglasses ka power wrong banaya hai headache ho raha hai. jaldi batao,,0,0
complaint_118,Sir Eyeglasses ka power wrong banaya hai headache ho raha hai. kindly confirm,complaint,Sir Eyeglasses ka power wrong banaya hai headache ho raha hai. kindly confirm,,0,0
complaint_118,Sunna Eyeglasses ka power wrong banaya hai headache ho raha hai....,complaint,Sunna Eyeglasses ka power wrong banaya hai headache ho raha hai.,,1,0
complaint_118,Dekho Eyeglasses ka power wrong banaya hai headache ho raha hai. actually,complaint,Dekho Eyeglasses ka power wrong banaya hai headache ho raha hai. actually,,0,0
complaint_118,"Hello team, Eyeglasses ka power wrong banaya hai headache ho raha hai.",complaint,"Hello team, Eyeglasses ka power wrong banaya hai headache ho raha hai.",,0,0
complaint_119,Loan agent ne processing fee cash me li aur receipt nahi di.,complaint,Loan agent ne processing fee cash me li aur receipt nahi di.,,0,0
complaint_119,Arre Loan agent ne processing fee cash me li aur receipt nahi di. please,complaint,Arre Loan agent ne processing fee cash me li aur receipt nahi di. please,,0,0
complaint_119,"Hey, Loan agent ne processing fee cash me li aur receipt nahi di.!",complaint,"Hey, Loan agent ne processing fee cash me li aur receipt nahi di.!",,0,0
complaint_119,Bhai Loan agent ne processing fee cash me li aur receipt nahi di. jaldi batao,complaint,Bhai Loan agent ne processing fee cash me li aur receipt nahi di. jaldi batao,,0,0
complaint_119,Sir Loan agent ne processing fee cash me li aur receipt nahi di. kindly confirm,complaint,Sir Loan agent ne processing fee cash me li aur receipt nahi di. kindly confirm,,0,0
complaint_119,Sunna Loan agent ne processing fee cash me li aur receipt nahi di....,complaint,Sunna Loan agent ne processing fee cash me li aur receipt nahi di.,,1,0
complaint_119,Dekho Loan agent ne processing fee cash me li aur receipt nahi di. actually,complaint,Dekho Loan agent ne processing fee cash me li aur receipt nahi di. actually,,0,0
complaint_119,"Hello team, Loan agent ne processing fee cash me li aur receipt nahi di.",complaint,"Hello team, Loan agent ne processing fee cash me li aur receipt nahi di.",,0,0
complaint_120,Aapke customer service department se koi callback nahi aaya promised time par.,complaint,Aapke customer service department se koi callback nahi aaya promised time par.,,0,0
complaint_120,Arre Aapke customer service department se koi callback nahi aaya promised time par. please,complaint,Arre Aapke customer service department se koi callback nahi aaya promised time par. please,,0,0
complaint_120,"Hey, Aapke customer service department se koi callback nahi aaya promised time par.!",complaint,"Hey, Aapke customer service department se koi callback nahi aaya promised time par.!",,0,0
complaint_120,Bhai Aapke customer service department se koi callback nahi aaya promised time par. jaldi batao,complaint,Bhai Aapke customer service department se koi callback nahi aaya promised time par. jaldi batao,,0,0
complaint_120,Sir Aapke customer service department se koi callback nahi aaya promised time par. kindly confirm,complaint,Sir Aapke customer service department se koi callback nahi aaya promised time par. kindly confirm,,0,0
complaint_120,Sunna Aapke customer service department se koi callback nahi aaya promised time par....,complaint,Sunna Aapke customer service department se koi callback nahi aaya promised time par.,,1,0
complaint_120,Dekho Aapke customer service department se koi callback nahi aaya promised time par. actually,complaint,Dekho Aapke customer service department se koi callback nahi aaya promised time par. actually,,0,0
complaint_120,"Hello team, Aapke customer service department se koi callback nahi aaya promised time par.",complaint,"Hello team, Aapke customer service department se koi callback nahi aaya promised time par.",,0,0
complaint_121,Induction stove pe error code aa raha hai chal nahi raha.,complaint,Induction stove pe error code aa raha hai chal nahi raha.,,0,0
complaint_121,Arre Induction stove pe error code aa raha hai chal nahi raha. please,complaint,Arre Induction stove pe error code aa raha hai chal nahi raha. please,,0,0
complaint_121,"Hey, Induction stove pe error code aa raha hai chal nahi raha.!",complaint,"Hey, Induction stove pe error code aa raha hai chal nahi raha.!",,0,0
complaint_121,Bhai Induction stove pe error code aa raha hai chal nahi raha. jaldi batao,complaint,Bhai Induction stove pe error code aa raha hai chal nahi raha. jaldi batao,,0,0
complaint_121,Sir Induction stove pe error code aa raha hai chal nahi raha. kindly confirm,complaint,Sir Induction stove pe error code aa raha hai chal nahi raha. kindly confirm,,0,0
complaint_121,Sunna Induction stove pe error code aa raha hai chal nahi raha....,complaint,Sunna Induction stove pe error code aa raha hai chal nahi raha.,,1,0
complaint_121,Dekho Induction stove pe error code aa raha hai chal nahi raha. actually,complaint,Dekho Induction stove pe error code aa raha hai chal nahi raha. actually,,0,0
complaint_121,"Hello team, Induction stove pe error code aa raha hai chal nahi raha.",complaint,"Hello team, Induction stove pe error code aa raha hai chal nahi raha.",,0,0
complaint_122,Shoe sole pehle hafte me hi peel off ho gaya fake brand hai.,complaint,Shoe sole pehle hafte me hi peel off ho gaya fake brand hai.,,0,0
complaint_122,Arre Shoe sole pehle hafte me hi peel off ho gaya fake brand hai. please,complaint,Arre Shoe sole pehle hafte me hi peel off ho gaya fake brand hai. please,,0,0
complaint_122,"Hey, Shoe sole pehle hafte me hi peel off ho gaya fake brand hai.!",complaint,"Hey, Shoe sole pehle hafte me hi peel off ho gaya fake brand hai.!",,0,0
complaint_122,Bhai Shoe sole pehle hafte me hi peel off ho gaya fake brand hai. jaldi batao,complaint,Bhai Shoe sole pehle hafte me hi peel off ho gaya fake brand hai. jaldi batao,,0,0
complaint_122,Sir Shoe sole pehle hafte me hi peel off ho gaya fake brand hai. kindly confirm,complaint,Sir Shoe sole pehle hafte me hi peel off ho gaya fake brand hai. kindly confirm,,0,0
complaint_122,Sunna Shoe sole pehle hafte me hi peel off ho gaya fake brand hai....,complaint,Sunna Shoe sole pehle hafte me hi peel off ho gaya fake brand hai.,,1,0
complaint_122,Dekho Shoe sole pehle hafte me hi peel off ho gaya fake brand hai. actually,complaint,Dekho Shoe sole pehle hafte me hi peel off ho gaya fake brand hai. actually,,0,0
complaint_122,"Hello team, Shoe sole pehle hafte me hi peel off ho gaya fake brand hai.",complaint,"Hello team, Shoe sole pehle hafte me hi peel off ho gaya fake brand hai.",,0,0
complaint_123,Aapka billing software wrong tax percentage calculate kar raha hai.,complaint,Aapka billing software wrong tax percentage calculate kar raha hai.,,0,0
complaint_123,Arre Aapka billing software wrong tax percentage calculate kar raha hai. please,complaint,Arre Aapka billing software wrong tax percentage calculate kar raha hai. please,,0,0
complaint_123,"Hey, Aapka billing software wrong tax percentage calculate kar raha hai.!",complaint,"Hey, Aapka billing software wrong tax percentage calculate kar raha hai.!",,0,0
complaint_123,Bhai Aapka billing software wrong tax percentage calculate kar raha hai. jaldi batao,complaint,Bhai Aapka billing software wrong tax percentage calculate kar raha hai. jaldi batao,,0,0
complaint_123,Sir Aapka billing software wrong tax percentage calculate kar raha hai. kindly confirm,complaint,Sir Aapka billing software wrong tax percentage calculate kar raha hai. kindly confirm,,0,0
complaint_123,Sunna Aapka billing software wrong tax percentage calculate kar raha hai....,complaint,Sunna Aapka billing software wrong tax percentage calculate kar raha hai.,,1,0
complaint_123,Dekho Aapka billing software wrong tax percentage calculate kar raha hai. actually,complaint,Dekho Aapka billing software wrong tax percentage calculate kar raha hai. actually,,0,0
complaint_123,"Hello team, Aapka billing software wrong tax percentage calculate kar raha hai.",complaint,"Hello team, Aapka billing software wrong tax percentage calculate kar raha hai.",,0,0
complaint_126,Curtains ka fabric shrink ho gaya first gentle wash me.,complaint,Curtains ka fabric shrink ho gaya first gentle wash me.,,0,0
complaint_126,Arre Curtains ka fabric shrink ho gaya first gentle wash me. please,complaint,Arre Curtains ka fabric shrink ho gaya first gentle wash me. please,,0,0
complaint_126,"Hey, Curtains ka fabric shrink ho gaya first gentle wash me.!",complaint,"Hey, Curtains ka fabric shrink ho gaya first gentle wash me.!",,0,0
complaint_126,Bhai Curtains ka fabric shrink ho gaya first gentle wash me. jaldi batao,complaint,Bhai Curtains ka fabric shrink ho gaya first gentle wash me. jaldi batao,,0,0
complaint_126,Sir Curtains ka fabric shrink ho gaya first gentle wash me. kindly confirm,complaint,Sir Curtains ka fabric shrink ho gaya first gentle wash me. kindly confirm,,0,0
complaint_126,Sunna Curtains ka fabric shrink ho gaya first gentle wash me....,complaint,Sunna Curtains ka fabric shrink ho gaya first gentle wash me.,,1,0
complaint_126,Dekho Curtains ka fabric shrink ho gaya first gentle wash me. actually,complaint,Dekho Curtains ka fabric shrink ho gaya first gentle wash me. actually,,0,0
complaint_126,"Hello team, Curtains ka fabric shrink ho gaya first gentle wash me.",complaint,"Hello team, Curtains ka fabric shrink ho gaya first gentle wash me.",,0,0
complaint_127,Aapka system transaction duplicate charge kar raha hai debit card par.,complaint,Aapka system transaction duplicate charge kar raha hai debit card par.,,0,0
complaint_127,Arre Aapka system transaction duplicate charge kar raha hai debit card par. please,complaint,Arre Aapka system transaction duplicate charge kar raha hai debit card par. please,,0,0
complaint_127,"Hey, Aapka system transaction duplicate charge kar raha hai debit card par.!",complaint,"Hey, Aapka system transaction duplicate charge kar raha hai debit card par.!",,0,0
complaint_127,Bhai Aapka system transaction duplicate charge kar raha hai debit card par. jaldi batao,complaint,Bhai Aapka system transaction duplicate charge kar raha hai debit card par. jaldi batao,,0,0
complaint_127,Sir Aapka system transaction duplicate charge kar raha hai debit card par. kindly confirm,complaint,Sir Aapka system transaction duplicate charge kar raha hai debit card par. kindly confirm,,0,0
complaint_127,Sunna Aapka system transaction duplicate charge kar raha hai debit card par....,complaint,Sunna Aapka system transaction duplicate charge kar raha hai debit card par.,,1,0
complaint_127,Dekho Aapka system transaction duplicate charge kar raha hai debit card par. actually,complaint,Dekho Aapka system transaction duplicate charge kar raha hai debit card par. actually,,0,0
complaint_127,"Hello team, Aapka system transaction duplicate charge kar raha hai debit card par.",complaint,"Hello team, Aapka system transaction duplicate charge kar raha hai debit card par.",,0,0
complaint_128,Drone camera calibrate nahi ho raha connection bar bar drop hota hai.,complaint,Drone camera calibrate nahi ho raha connection bar bar drop hota hai.,,0,0
complaint_128,Arre Drone camera calibrate nahi ho raha connection bar bar drop hota hai. please,complaint,Arre Drone camera calibrate nahi ho raha connection bar bar drop hota hai. please,,0,0
complaint_128,"Hey, Drone camera calibrate nahi ho raha connection bar bar drop hota hai.!",complaint,"Hey, Drone camera calibrate nahi ho raha connection bar bar drop hota hai.!",,0,0
complaint_128,Bhai Drone camera calibrate nahi ho raha connection bar bar drop hota hai. jaldi batao,complaint,Bhai Drone camera calibrate nahi ho raha connection bar bar drop hota hai. jaldi batao,,0,0
complaint_128,Sir Drone camera calibrate nahi ho raha connection bar bar drop hota hai. kindly confirm,complaint,Sir Drone camera calibrate nahi ho raha connection bar bar drop hota hai. kindly confirm,,0,0
complaint_128,Sunna Drone camera calibrate nahi ho raha connection bar bar drop hota hai....,complaint,Sunna Drone camera calibrate nahi ho raha connection bar bar drop hota hai.,,1,0
complaint_128,Dekho Drone camera calibrate nahi ho raha connection bar bar drop hota hai. actually,complaint,Dekho Drone camera calibrate nahi ho raha connection bar bar drop hota hai. actually,,0,0
complaint_128,"Hello team, Drone camera calibrate nahi ho raha connection bar bar drop hota hai.",complaint,"Hello team, Drone camera calibrate nahi ho raha connection bar bar drop hota hai.",,0,0
complaint_129,Car battery 6 months me dead ho gayi warranty replace karo.,complaint,Car battery 6 months me dead ho gayi warranty replace karo.,,0,0
complaint_129,Arre Car battery 6 months me dead ho gayi warranty replace karo. please,complaint,Arre Car battery 6 months me dead ho gayi warranty replace karo. please,,0,0
complaint_129,"Hey, Car battery 6 months me dead ho gayi warranty replace karo.!",complaint,"Hey, Car battery 6 months me dead ho gayi warranty replace karo.!",,0,0
complaint_129,Bhai Car battery 6 months me dead ho gayi warranty replace karo. jaldi batao,complaint,Bhai Car battery 6 months me dead ho gayi warranty replace karo. jaldi batao,,0,0
complaint_129,Sir Car battery 6 months me dead ho gayi warranty replace karo. kindly confirm,complaint,Sir Car battery 6 months me dead ho gayi warranty replace karo. kindly confirm,,0,0
complaint_129,Sunna Car battery 6 months me dead ho gayi warranty replace karo....,complaint,Sunna Car battery 6 months me dead ho gayi warranty replace karo.,,1,0
complaint_129,Dekho Car battery 6 months me dead ho gayi warranty replace karo. actually,complaint,Dekho Car battery 6 months me dead ho gayi warranty replace karo. actually,,0,0
complaint_129,"Hello team, Car battery 6 months me dead ho gayi warranty replace karo.",complaint,"Hello team, Car battery 6 months me dead ho gayi warranty replace karo.",,0,0
complaint_132,Hospital bill me double PPE kit charges add kiye hue hain.,complaint,Hospital bill me double PPE kit charges add kiye hue hain.,,0,0
complaint_132,Arre Hospital bill me double PPE kit charges add kiye hue hain. please,complaint,Arre Hospital bill me double PPE kit charges add kiye hue hain. please,,0,0
complaint_132,"Hey, Hospital bill me double PPE kit charges add kiye hue hain.!",complaint,"Hey, Hospital bill me double PPE kit charges add kiye hue hain.!",,0,0
complaint_132,Bhai Hospital bill me double PPE kit charges add kiye hue hain. jaldi batao,complaint,Bhai Hospital bill me double PPE kit charges add kiye hue hain. jaldi batao,,0,0
complaint_132,Sir Hospital bill me double PPE kit charges add kiye hue hain. kindly confirm,complaint,Sir Hospital bill me double PPE kit charges add kiye hue hain. kindly confirm,,0,0
complaint_132,Sunna Hospital bill me double PPE kit charges add kiye hue hain....,complaint,Sunna Hospital bill me double PPE kit charges add kiye hue hain.,,1,0
complaint_132,Dekho Hospital bill me double PPE kit charges add kiye hue hain. actually,complaint,Dekho Hospital bill me double PPE kit charges add kiye hue hain. actually,,0,0
complaint_132,"Hello team, Hospital bill me double PPE kit charges add kiye hue hain.",complaint,"Hello team, Hospital bill me double PPE kit charges add kiye hue hain.",,0,0
complaint_134,Water heater se current jaisa shock lag raha hai urgently check karo.,complaint,Water heater se current jaisa shock lag raha hai urgently check karo.,,0,0
complaint_134,Arre Water heater se current jaisa shock lag raha hai urgently check karo. please,complaint,Arre Water heater se current jaisa shock lag raha hai urgently check karo. please,,0,0
complaint_134,"Hey, Water heater se current jaisa shock lag raha hai urgently check karo.!",complaint,"Hey, Water heater se current jaisa shock lag raha hai urgently check karo.!",,0,0
complaint_134,Bhai Water heater se current jaisa shock lag raha hai urgently check karo. jaldi batao,complaint,Bhai Water heater se current jaisa shock lag raha hai urgently check karo. jaldi batao,,0,0
complaint_134,Sir Water heater se current jaisa shock lag raha hai urgently check karo. kindly confirm,complaint,Sir Water heater se current jaisa shock lag raha hai urgently check karo. kindly confirm,,0,0
complaint_134,Sunna Water heater se current jaisa shock lag raha hai urgently check karo....,complaint,Sunna Water heater se current jaisa shock lag raha hai urgently check karo.,,1,0
complaint_134,Dekho Water heater se current jaisa shock lag raha hai urgently check karo. actually,complaint,Dekho Water heater se current jaisa shock lag raha hai urgently check karo. actually,,0,0
complaint_134,"Hello team, Water heater se current jaisa shock lag raha hai urgently check karo.",complaint,"Hello team, Water heater se current jaisa shock lag raha hai urgently check karo.",,0,0
complaint_136,Aapke platform pe fake reviews bhare hain product third quality hai.,complaint,Aapke platform pe fake reviews bhare hain product third quality hai.,,0,0
complaint_136,Arre Aapke platform pe fake reviews bhare hain product third quality hai. please,complaint,Arre Aapke platform pe fake reviews bhare hain product third quality hai. please,,0,0
complaint_136,"Hey, Aapke platform pe fake reviews bhare hain product third quality hai.!",complaint,"Hey, Aapke platform pe fake reviews bhare hain product third quality hai.!",,0,0
complaint_136,Bhai Aapke platform pe fake reviews bhare hain product third quality hai. jaldi batao,complaint,Bhai Aapke platform pe fake reviews bhare hain product third quality hai. jaldi batao,,0,0
complaint_136,Sir Aapke platform pe fake reviews bhare hain product third quality hai. kindly confirm,complaint,Sir Aapke platform pe fake reviews bhare hain product third quality hai. kindly confirm,,0,0
complaint_136,Sunna Aapke platform pe fake reviews bhare hain product third quality hai....,complaint,Sunna Aapke platform pe fake reviews bhare hain product third quality hai.,,1,0
complaint_136,Dekho Aapke platform pe fake reviews bhare hain product third quality hai. actually,complaint,Dekho Aapke platform pe fake reviews bhare hain product third quality hai. actually,,0,0
complaint_136,"Hello team, Aapke platform pe fake reviews bhare hain product third quality hai.",complaint,"Hello team, Aapke platform pe fake reviews bhare hain product third quality hai.",,0,0
complaint_138,Mobile screen protector already cracked aaya envelope me.,complaint,Mobile screen protector already cracked aaya envelope me.,,0,0
complaint_138,Arre Mobile screen protector already cracked aaya envelope me. please,complaint,Arre Mobile screen protector already cracked aaya envelope me. please,,0,0
complaint_138,"Hey, Mobile screen protector already cracked aaya envelope me.!",complaint,"Hey, Mobile screen protector already cracked aaya envelope me.!",,0,0
complaint_138,Bhai Mobile screen protector already cracked aaya envelope me. jaldi batao,complaint,Bhai Mobile screen protector already cracked aaya envelope me. jaldi batao,,0,0
complaint_138,Sir Mobile screen protector already cracked aaya envelope me. kindly confirm,complaint,Sir Mobile screen protector already cracked aaya envelope me. kindly confirm,,0,0
complaint_138,Sunna Mobile screen protector already cracked aaya envelope me....,complaint,Sunna Mobile screen protector already cracked aaya envelope me.,,1,0
complaint_138,Dekho Mobile screen protector already cracked aaya envelope me. actually,complaint,Dekho Mobile screen protector already cracked aaya envelope me. actually,,0,0
complaint_138,"Hello team, Mobile screen protector already cracked aaya envelope me.",complaint,"Hello team, Mobile screen protector already cracked aaya envelope me.",,0,0
complaint_139,Aap log trust tod rahe ho regular customers ka issue resolve karo jaldi.,complaint,Aap log trust tod rahe ho regular customers ka issue resolve karo jaldi.,,0,0
complaint_139,Arre Aap log trust tod rahe ho regular customers ka issue resolve karo jaldi. please,complaint,Arre Aap log trust tod rahe ho regular customers ka issue resolve karo jaldi. please,,0,0
complaint_139,"Hey, Aap log trust tod rahe ho regular customers ka issue resolve karo jaldi.!",complaint,"Hey, Aap log trust tod rahe ho regular customers ka issue resolve karo jaldi.!",,0,0
complaint_139,Bhai Aap log trust tod rahe ho regular customers ka issue resolve karo jaldi. jaldi batao,complaint,Bhai Aap log trust tod rahe ho regular customers ka issue resolve karo jaldi. jaldi batao,,0,0
complaint_139,Sir Aap log trust tod rahe ho regular customers ka issue resolve karo jaldi. kindly confirm,complaint,Sir Aap log trust tod rahe ho regular customers ka issue resolve karo jaldi. kindly confirm,,0,0
complaint_139,Sunna Aap log trust tod rahe ho regular customers ka issue resolve karo jaldi....,complaint,Sunna Aap log trust tod rahe ho regular customers ka issue resolve karo jaldi.,,1,0
complaint_139,Dekho Aap log trust tod rahe ho regular customers ka issue resolve karo jaldi. actually,complaint,Dekho Aap log trust tod rahe ho regular customers ka issue resolve karo jaldi. actually,,0,0
complaint_139,"Hello team, Aap log trust tod rahe ho regular customers ka issue resolve karo jaldi.",complaint,"Hello team, Aap log trust tod rahe ho regular customers ka issue resolve karo jaldi.",,0,0
complaint_140,Mera claim dispute abhi tak open hai kisi ne settlement nahi kiya.,complaint,Mera claim dispute abhi tak open hai kisi ne settlement nahi kiya.,,0,0
complaint_140,Arre Mera claim dispute abhi tak open hai kisi ne settlement nahi kiya. please,complaint,Arre Mera claim dispute abhi tak open hai kisi ne settlement nahi kiya. please,,0,0
complaint_140,"Hey, Mera claim dispute abhi tak open hai kisi ne settlement nahi kiya.!",complaint,"Hey, Mera claim dispute abhi tak open hai kisi ne settlement nahi kiya.!",,0,0
complaint_140,Bhai Mera claim dispute abhi tak open hai kisi ne settlement nahi kiya. jaldi batao,complaint,Bhai Mera claim dispute abhi tak open hai kisi ne settlement nahi kiya. jaldi batao,,0,0
complaint_140,Sir Mera claim dispute abhi tak open hai kisi ne settlement nahi kiya. kindly confirm,complaint,Sir Mera claim dispute abhi tak open hai kisi ne settlement nahi kiya. kindly confirm,,0,0
complaint_140,Sunna Mera claim dispute abhi tak open hai kisi ne settlement nahi kiya....,complaint,Sunna Mera claim dispute abhi tak open hai kisi ne settlement nahi kiya.,,1,0
complaint_140,Dekho Mera claim dispute abhi tak open hai kisi ne settlement nahi kiya. actually,complaint,Dekho Mera claim dispute abhi tak open hai kisi ne settlement nahi kiya. actually,,0,0
complaint_140,"Hello team, Mera claim dispute abhi tak open hai kisi ne settlement nahi kiya.",complaint,"Hello team, Mera claim dispute abhi tak open hai kisi ne settlement nahi kiya.",,0,0
purchase_inquiry_001,Is product ke specifications aur pricing details share kar sakte ho?,purchase_inquiry,Is product ke specifications aur pricing details share kar sakte ho?,,0,1
purchase_inquiry_001,Arre Is product ke specifications aur pricing details share kar sakte ho? please,purchase_inquiry,Arre Is product ke specifications aur pricing details share kar sakte ho? please,,0,1
purchase_inquiry_001,"Hey, Is product ke specifications aur pricing details share kar sakte ho?!",purchase_inquiry,"Hey, Is product ke specifications aur pricing details share kar sakte ho?!",,0,1
purchase_inquiry_001,Bhai Is product ke specifications aur pricing details share kar sakte ho? jaldi batao,purchase_inquiry,Bhai Is product ke specifications aur pricing details share kar sakte ho? jaldi batao,,0,1
purchase_inquiry_001,Sir Is product ke specifications aur pricing details share kar sakte ho? kindly confirm,purchase_inquiry,Sir Is product ke specifications aur pricing details share kar sakte ho? kindly confirm,,0,1
purchase_inquiry_001,Sunna Is product ke specifications aur pricing details share kar sakte ho?...,purchase_inquiry,Sunna Is product ke specifications aur pricing details share kar sakte ho?.,,1,1
purchase_inquiry_001,Dekho Is product ke specifications aur pricing details share kar sakte ho? actually,purchase_inquiry,Dekho Is product ke specifications aur pricing details share kar sakte ho? actually,,0,1
purchase_inquiry_001,"Hello team, Is product ke specifications aur pricing details share kar sakte ho?",purchase_inquiry,"Hello team, Is product ke specifications aur pricing details share kar sakte ho?",,0,1
purchase_inquiry_002,Kya ye model black color me available hai stock me?,purchase_inquiry,Kya ye model black color me available hai stock me?,,0,1
purchase_inquiry_002,Arre Kya ye model black color me available hai stock me? please,purchase_inquiry,Arre Kya ye model black color me available hai stock me? please,,0,1
purchase_inquiry_002,"Hey, Kya ye model black color me available hai stock me?!",purchase_inquiry,"Hey, Kya ye model black color me available hai stock me?!",,0,1
purchase_inquiry_002,Bhai Kya ye model black color me available hai stock me? jaldi batao,purchase_inquiry,Bhai Kya ye model black color me available hai stock me? jaldi batao,,0,1
purchase_inquiry_002,Sir Kya ye model black color me available hai stock me? kindly confirm,purchase_inquiry,Sir Kya ye model black color me available hai stock me? kindly confirm,,0,1
purchase_inquiry_002,Sunna Kya ye model black color me available hai stock me?...,purchase_inquiry,Sunna Kya ye model black color me available hai stock me?.,,1,1
purchase_inquiry_002,Dekho Kya ye model black color me available hai stock me? actually,purchase_inquiry,Dekho Kya ye model black color me available hai stock me? actually,,0,1
purchase_inquiry_002,"Hello team, Kya ye model black color me available hai stock me?",purchase_inquiry,"Hello team, Kya ye model black color me available hai stock me?",,0,1
purchase_inquiry_003,Bulk purchase pe koi corporate discount provide karte ho kya?,purchase_inquiry,Bulk purchase pe koi corporate discount provide karte ho kya?,,0,1
purchase_inquiry_003,Arre Bulk purchase pe koi corporate discount provide karte ho kya? please,purchase_inquiry,Arre Bulk purchase pe koi corporate discount provide karte ho kya? please,,0,1
purchase_inquiry_003,"Hey, Bulk purchase pe koi corporate discount provide karte ho kya?!",purchase_inquiry,"Hey, Bulk purchase pe koi corporate discount provide karte ho kya?!",,0,1
purchase_inquiry_003,Bhai Bulk purchase pe koi corporate discount provide karte ho kya? jaldi batao,purchase_inquiry,Bhai Bulk purchase pe koi corporate discount provide karte ho kya? jaldi batao,,0,1
purchase_inquiry_003,Sir Bulk purchase pe koi corporate discount provide karte ho kya? kindly confirm,purchase_inquiry,Sir Bulk purchase pe koi corporate discount provide karte ho kya? kindly confirm,,0,1
purchase_inquiry_003,Sunna Bulk purchase pe koi corporate discount provide karte ho kya?...,purchase_inquiry,Sunna Bulk purchase pe koi corporate discount provide karte ho kya?.,,1,1
purchase_inquiry_003,Dekho Bulk purchase pe koi corporate discount provide karte ho kya? actually,purchase_inquiry,Dekho Bulk purchase pe koi corporate discount provide karte ho kya? actually,,0,1
purchase_inquiry_003,"Hello team, Bulk purchase pe koi corporate discount provide karte ho kya?",purchase_inquiry,"Hello team, Bulk purchase pe koi corporate discount provide karte ho kya?",,0,1
purchase_inquiry_004,Warranty period kitne saal ka hai is electrical appliance ka?,purchase_inquiry,Warranty period kitne saal ka hai is electrical appliance ka?,,0,1
purchase_inquiry_004,Arre Warranty period kitne saal ka hai is electrical appliance ka? please,purchase_inquiry,Arre Warranty period kitne saal ka hai is electrical appliance ka? please,,0,1
purchase_inquiry_004,"Hey, Warranty period kitne saal ka hai is electrical appliance ka?!",purchase_inquiry,"Hey, Warranty period kitne saal ka hai is electrical appliance ka?!",,0,1
purchase_inquiry_004,Bhai Warranty period kitne saal ka hai is electrical appliance ka? jaldi batao,purchase_inquiry,Bhai Warranty period kitne saal ka hai is electrical appliance ka? jaldi batao,,0,1
purchase_inquiry_004,Sir Warranty period kitne saal ka hai is electrical appliance ka? kindly confirm,purchase_inquiry,Sir Warranty period kitne saal ka hai is electrical appliance ka? kindly confirm,,0,1
purchase_inquiry_004,Sunna Warranty period kitne saal ka hai is electrical appliance ka?...,purchase_inquiry,Sunna Warranty period kitne saal ka hai is electrical appliance ka?.,,1,1
purchase_inquiry_004,Dekho Warranty period kitne saal ka hai is electrical appliance ka? actually,purchase_inquiry,Dekho Warranty period kitne saal ka hai is electrical appliance ka? actually,,0,1
purchase_inquiry_004,"Hello team, Warranty period kitne saal ka hai is electrical appliance ka?",purchase_inquiry,"Hello team, Warranty period kitne saal ka hai is electrical appliance ka?",,0,1
purchase_inquiry_007,Kya is plan me international roaming included hai?,purchase_inquiry,Kya is plan me international roaming included hai?,,0,1
purchase_inquiry_007,Arre Kya is plan me international roaming included hai? please,purchase_inquiry,Arre Kya is plan me international roaming included hai? please,,0,1
purchase_inquiry_007,"Hey, Kya is plan me international roaming included hai?!",purchase_inquiry,"Hey, Kya is plan me international roaming included hai?!",,0,1
purchase_inquiry_007,Bhai Kya is plan me international roaming included hai? jaldi batao,purchase_inquiry,Bhai Kya is plan me international roaming included hai? jaldi batao,,0,1
purchase_inquiry_007,Sir Kya is plan me international roaming included hai? kindly confirm,purchase_inquiry,Sir Kya is plan me international roaming included hai? kindly confirm,,0,1
purchase_inquiry_007,Sunna Kya is plan me international roaming included hai?...,purchase_inquiry,Sunna Kya is plan me international roaming included hai?.,,1,1
purchase_inquiry_007,Dekho Kya is plan me international roaming included hai? actually,purchase_inquiry,Dekho Kya is plan me international roaming included hai? actually,,0,1
purchase_inquiry_007,"Hello team, Kya is plan me international roaming included hai?",purchase_inquiry,"Hello team, Kya is plan me international roaming included hai?",,0,1
purchase_inquiry_009,Course syllabus aur duration ke baare me detail chahiye.,purchase_inquiry,Course syllabus aur duration ke baare me detail chahiye.,,0,1
purchase_inquiry_009,Arre Course syllabus aur duration ke baare me detail chahiye. please,purchase_inquiry,Arre Course syllabus aur duration ke baare me detail chahiye. please,,0,1
purchase_inquiry_009,"Hey, Course syllabus aur duration ke baare me detail chahiye.!",purchase_inquiry,"Hey, Course syllabus aur duration ke baare me detail chahiye.!",,0,1
purchase_inquiry_009,Bhai Course syllabus aur duration ke baare me detail chahiye. jaldi batao,purchase_inquiry,Bhai Course syllabus aur duration ke baare me detail chahiye. jaldi batao,,0,1
purchase_inquiry_009,Sir Course syllabus aur duration ke baare me detail chahiye. kindly confirm,purchase_inquiry,Sir Course syllabus aur duration ke baare me detail chahiye. kindly confirm,,0,1
purchase_inquiry_009,Sunna Course syllabus aur duration ke baare me detail chahiye....,purchase_inquiry,Sunna Course syllabus aur duration ke baare me detail chahiye.,,1,1
purchase_inquiry_009,Dekho Course syllabus aur duration ke baare me detail chahiye. actually,purchase_inquiry,Dekho Course syllabus aur duration ke baare me detail chahiye. actually,,0,1
purchase_inquiry_009,"Hello team, Course syllabus aur duration ke baare me detail chahiye.",purchase_inquiry,"Hello team, Course syllabus aur duration ke baare me detail chahiye.",,0,1
purchase_inquiry_012,Online payment ke alawa Cash on Delivery ka option hai kya?,purchase_inquiry,Online payment ke alawa Cash on Delivery ka option hai kya?,,0,1
purchase_inquiry_012,Arre Online payment ke alawa Cash on Delivery ka option hai kya? please,purchase_inquiry,Arre Online payment ke alawa Cash on Delivery ka option hai kya? please,,0,1
purchase_inquiry_012,"Hey, Online payment ke alawa Cash on Delivery ka option hai kya?!",purchase_inquiry,"Hey, Online payment ke alawa Cash on Delivery ka option hai kya?!",,0,1
purchase_inquiry_012,Bhai Online payment ke alawa Cash on Delivery ka option hai kya? jaldi batao,purchase_inquiry,Bhai Online payment ke alawa Cash on Delivery ka option hai kya? jaldi batao,,0,1
purchase_inquiry_012,Sir Online payment ke alawa Cash on Delivery ka option hai kya? kindly confirm,purchase_inquiry,Sir Online payment ke alawa Cash on Delivery ka option hai kya? kindly confirm,,0,1
purchase_inquiry_012,Sunna Online payment ke alawa Cash on Delivery ka option hai kya?...,purchase_inquiry,Sunna Online payment ke alawa Cash on Delivery ka option hai kya?.,,1,1
purchase_inquiry_012,Dekho Online payment ke alawa Cash on Delivery ka option hai kya? actually,purchase_inquiry,Dekho Online payment ke alawa Cash on Delivery ka option hai kya? actually,,0,1
purchase_inquiry_012,"Hello team, Online payment ke alawa Cash on Delivery ka option hai kya?",purchase_inquiry,"Hello team, Online payment ke alawa Cash on Delivery ka option hai kya?",,0,1
purchase_inquiry_013,Annual maintenance contract ka renewal charge kitna hota hai?,purchase_inquiry,Annual maintenance contract ka renewal charge kitna hota hai?,,0,1
purchase_inquiry_013,Arre Annual maintenance contract ka renewal charge kitna hota hai? please,purchase_inquiry,Arre Annual maintenance contract ka renewal charge kitna hota hai? please,,0,1
purchase_inquiry_013,"Hey, Annual maintenance contract ka renewal charge kitna hota hai?!",purchase_inquiry,"Hey, Annual maintenance contract ka renewal charge kitna hota hai?!",,0,1
purchase_inquiry_013,Bhai Annual maintenance contract ka renewal charge kitna hota hai? jaldi batao,purchase_inquiry,Bhai Annual maintenance contract ka renewal charge kitna hota hai? jaldi batao,,0,1
purchase_inquiry_013,Sir Annual maintenance contract ka renewal charge kitna hota hai? kindly confirm,purchase_inquiry,Sir Annual maintenance contract ka renewal charge kitna hota hai? kindly confirm,,0,1
purchase_inquiry_013,Sunna Annual maintenance contract ka renewal charge kitna hota hai?...,purchase_inquiry,Sunna Annual maintenance contract ka renewal charge kitna hota hai?.,,1,1
purchase_inquiry_013,Dekho Annual maintenance contract ka renewal charge kitna hota hai? actually,purchase_inquiry,Dekho Annual maintenance contract ka renewal charge kitna hota hai? actually,,0,1
purchase_inquiry_013,"Hello team, Annual maintenance contract ka renewal charge kitna hota hai?",purchase_inquiry,"Hello team, Annual maintenance contract ka renewal charge kitna hota hai?",,0,1
purchase_inquiry_014,Kya is package me installation and demo free of cost hai?,purchase_inquiry,Kya is package me installation and demo free of cost hai?,,0,1
purchase_inquiry_014,Arre Kya is package me installation and demo free of cost hai? please,purchase_inquiry,Arre Kya is package me installation and demo free of cost hai? please,,0,1
purchase_inquiry_014,"Hey, Kya is package me installation and demo free of cost hai?!",purchase_inquiry,"Hey, Kya is package me installation and demo free of cost hai?!",,0,1
purchase_inquiry_014,Bhai Kya is package me installation and demo free of cost hai? jaldi batao,purchase_inquiry,Bhai Kya is package me installation and demo free of cost hai? jaldi batao,,0,1
purchase_inquiry_014,Sir Kya is package me installation and demo free of cost hai? kindly confirm,purchase_inquiry,Sir Kya is package me installation and demo free of cost hai? kindly confirm,,0,1
purchase_inquiry_014,Sunna Kya is package me installation and demo free of cost hai?...,purchase_inquiry,Sunna Kya is package me installation and demo free of cost hai?.,,1,1
purchase_inquiry_014,Dekho Kya is package me installation and demo free of cost hai? actually,purchase_inquiry,Dekho Kya is package me installation and demo free of cost hai? actually,,0,1
purchase_inquiry_014,"Hello team, Kya is package me installation and demo free of cost hai?",purchase_inquiry,"Hello team, Kya is package me installation and demo free of cost hai?",,0,1
purchase_inquiry_015,Size chart provide kar sakte ho kya standard measurements ke saath?,purchase_inquiry,Size chart provide kar sakte ho kya standard measurements ke saath?,,0,1
purchase_inquiry_015,Arre Size chart provide kar sakte ho kya standard measurements ke saath? please,purchase_inquiry,Arre Size chart provide kar sakte ho kya standard measurements ke saath? please,,0,1
purchase_inquiry_015,"Hey, Size chart provide kar sakte ho kya standard measurements ke saath?!",purchase_inquiry,"Hey, Size chart provide kar sakte ho kya standard measurements ke saath?!",,0,1
purchase_inquiry_015,Bhai Size chart provide kar sakte ho kya standard measurements ke saath? jaldi batao,purchase_inquiry,Bhai Size chart provide kar sakte ho kya standard measurements ke saath? jaldi batao,,0,1
purchase_inquiry_015,Sir Size chart provide kar sakte ho kya standard measurements ke saath? kindly confirm,purchase_inquiry,Sir Size chart provide kar sakte ho kya standard measurements ke saath? kindly confirm,,0,1
purchase_inquiry_015,Sunna Size chart provide kar sakte ho kya standard measurements ke saath?...,purchase_inquiry,Sunna Size chart provide kar sakte ho kya standard measurements ke saath?.,,1,1
purchase_inquiry_015,Dekho Size chart provide kar sakte ho kya standard measurements ke saath? actually,purchase_inquiry,Dekho Size chart provide kar sakte ho kya standard measurements ke saath? actually,,0,1
purchase_inquiry_015,"Hello team, Size chart provide kar sakte ho kya standard measurements ke saath?",purchase_inquiry,"Hello team, Size chart provide kar sakte ho kya standard measurements ke saath?",,0,1
purchase_inquiry_017,Kya exchange offer chal raha hai puraane phone par?,purchase_inquiry,Kya exchange offer chal raha hai puraane phone par?,,0,1
purchase_inquiry_017,Arre Kya exchange offer chal raha hai puraane phone par? please,purchase_inquiry,Arre Kya exchange offer chal raha hai puraane phone par? please,,0,1
purchase_inquiry_017,"Hey, Kya exchange offer chal raha hai puraane phone par?!",purchase_inquiry,"Hey, Kya exchange offer chal raha hai puraane phone par?!",,0,1
purchase_inquiry_017,Bhai Kya exchange offer chal raha hai puraane phone par? jaldi batao,purchase_inquiry,Bhai Kya exchange offer chal raha hai puraane phone par? jaldi batao,,0,1
purchase_inquiry_017,Sir Kya exchange offer chal raha hai puraane phone par? kindly confirm,purchase_inquiry,Sir Kya exchange offer chal raha hai puraane phone par? kindly confirm,,0,1
purchase_inquiry_017,Sunna Kya exchange offer chal raha hai puraane phone par?...,purchase_inquiry,Sunna Kya exchange offer chal raha hai puraane phone par?.,,1,1
purchase_inquiry_017,Dekho Kya exchange offer chal raha hai puraane phone par? actually,purchase_inquiry,Dekho Kya exchange offer chal raha hai puraane phone par? actually,,0,1
purchase_inquiry_017,"Hello team, Kya exchange offer chal raha hai puraane phone par?",purchase_inquiry,"Hello team, Kya exchange offer chal raha hai puraane phone par?",,0,1
purchase_inquiry_019,Membership subscription me kya kya perks and benefits milte hain?,purchase_inquiry,Membership subscription me kya kya perks and benefits milte hain?,,0,1
purchase_inquiry_019,Arre Membership subscription me kya kya perks and benefits milte hain? please,purchase_inquiry,Arre Membership subscription me kya kya perks and benefits milte hain? please,,0,1
purchase_inquiry_019,"Hey, Membership subscription me kya kya perks and benefits milte hain?!",purchase_inquiry,"Hey, Membership subscription me kya kya perks and benefits milte hain?!",,0,1
purchase_inquiry_019,Bhai Membership subscription me kya kya perks and benefits milte hain? jaldi batao,purchase_inquiry,Bhai Membership subscription me kya kya perks and benefits milte hain? jaldi batao,,0,1
purchase_inquiry_019,Sir Membership subscription me kya kya perks and benefits milte hain? kindly confirm,purchase_inquiry,Sir Membership subscription me kya kya perks and benefits milte hain? kindly confirm,,0,1
purchase_inquiry_019,Sunna Membership subscription me kya kya perks and benefits milte hain?...,purchase_inquiry,Sunna Membership subscription me kya kya perks and benefits milte hain?.,,1,1
purchase_inquiry_019,Dekho Membership subscription me kya kya perks and benefits milte hain? actually,purchase_inquiry,Dekho Membership subscription me kya kya perks and benefits milte hain? actually,,0,1
purchase_inquiry_019,"Hello team, Membership subscription me kya kya perks and benefits milte hain?",purchase_inquiry,"Hello team, Membership subscription me kya kya perks and benefits milte hain?",,0,1
purchase_inquiry_020,Next batch kab se start ho raha hai training program ka?,purchase_inquiry,Next batch kab se start ho raha hai training program ka?,,0,1
purchase_inquiry_020,Arre Next batch kab se start ho raha hai training program ka? please,purchase_inquiry,Arre Next batch kab se start ho raha hai training program ka? please,,0,1
purchase_inquiry_020,"Hey, Next batch kab se start ho raha hai training program ka?!",purchase_inquiry,"Hey, Next batch kab se start ho raha hai training program ka?!",,0,1
purchase_inquiry_020,Bhai Next batch kab se start ho raha hai training program ka? jaldi batao,purchase_inquiry,Bhai Next batch kab se start ho raha hai training program ka? jaldi batao,,0,1
purchase_inquiry_020,Sir Next batch kab se start ho raha hai training program ka? kindly confirm,purchase_inquiry,Sir Next batch kab se start ho raha hai training program ka? kindly confirm,,0,1
purchase_inquiry_020,Sunna Next batch kab se start ho raha hai training program ka?...,purchase_inquiry,Sunna Next batch kab se start ho raha hai training program ka?.,,1,1
purchase_inquiry_020,Dekho Next batch kab se start ho raha hai training program ka? actually,purchase_inquiry,Dekho Next batch kab se start ho raha hai training program ka? actually,,0,1
purchase_inquiry_020,"Hello team, Next batch kab se start ho raha hai training program ka?",purchase_inquiry,"Hello team, Next batch kab se start ho raha hai training program ka?",,0,1
purchase_inquiry_021,Free trial period kitne days ka milta hai software me?,purchase_inquiry,Free trial period kitne days ka milta hai software me?,,0,1
purchase_inquiry_021,Arre Free trial period kitne days ka milta hai software me? please,purchase_inquiry,Arre Free trial period kitne days ka milta hai software me? please,,0,1
purchase_inquiry_021,"Hey, Free trial period kitne days ka milta hai software me?!",purchase_inquiry,"Hey, Free trial period kitne days ka milta hai software me?!",,0,1
purchase_inquiry_021,Bhai Free trial period kitne days ka milta hai software me? jaldi batao,purchase_inquiry,Bhai Free trial period kitne days ka milta hai software me? jaldi batao,,0,1
purchase_inquiry_021,Sir Free trial period kitne days ka milta hai software me? kindly confirm,purchase_inquiry,Sir Free trial period kitne days ka milta hai software me? kindly confirm,,0,1
purchase_inquiry_021,Sunna Free trial period kitne days ka milta hai software me?...,purchase_inquiry,Sunna Free trial period kitne days ka milta hai software me?.,,1,1
purchase_inquiry_021,Dekho Free trial period kitne days ka milta hai software me? actually,purchase_inquiry,Dekho Free trial period kitne days ka milta hai software me? actually,,0,1
purchase_inquiry_021,"Hello team, Free trial period kitne days ka milta hai software me?",purchase_inquiry,"Hello team, Free trial period kitne days ka milta hai software me?",,0,1
purchase_inquiry_022,Is apartment me 3BHK flats vacant hain kya abhi?,purchase_inquiry,Is apartment me 3BHK flats vacant hain kya abhi?,,0,1
purchase_inquiry_022,Arre Is apartment me 3BHK flats vacant hain kya abhi? please,purchase_inquiry,Arre Is apartment me 3BHK flats vacant hain kya abhi? please,,0,1
purchase_inquiry_022,"Hey, Is apartment me 3BHK flats vacant hain kya abhi?!",purchase_inquiry,"Hey, Is apartment me 3BHK flats vacant hain kya abhi?!",,0,1
purchase_inquiry_022,Bhai Is apartment me 3BHK flats vacant hain kya abhi? jaldi batao,purchase_inquiry,Bhai Is apartment me 3BHK flats vacant hain kya abhi? jaldi batao,,0,1
purchase_inquiry_022,Sir Is apartment me 3BHK flats vacant hain kya abhi? kindly confirm,purchase_inquiry,Sir Is apartment me 3BHK flats vacant hain kya abhi? kindly confirm,,0,1
purchase_inquiry_022,Sunna Is apartment me 3BHK flats vacant hain kya abhi?...,purchase_inquiry,Sunna Is apartment me 3BHK flats vacant hain kya abhi?.,,1,1
purchase_inquiry_022,Dekho Is apartment me 3BHK flats vacant hain kya abhi? actually,purchase_inquiry,Dekho Is apartment me 3BHK flats vacant hain kya abhi? actually,,0,1
purchase_inquiry_022,"Hello team, Is apartment me 3BHK flats vacant hain kya abhi?",purchase_inquiry,"Hello team, Is apartment me 3BHK flats vacant hain kya abhi?",,0,1
purchase_inquiry_023,Kya certificate valid hoga international job applications ke liye?,purchase_inquiry,Kya certificate valid hoga international job applications ke liye?,,0,1
purchase_inquiry_023,Arre Kya certificate valid hoga international job applications ke liye? please,purchase_inquiry,Arre Kya certificate valid hoga international job applications ke liye? please,,0,1
purchase_inquiry_023,"Hey, Kya certificate valid hoga international job applications ke liye?!",purchase_inquiry,"Hey, Kya certificate valid hoga international job applications ke liye?!",,0,1
purchase_inquiry_023,Bhai Kya certificate valid hoga international job applications ke liye? jaldi batao,purchase_inquiry,Bhai Kya certificate valid hoga international job applications ke liye? jaldi batao,,0,1
purchase_inquiry_023,Sir Kya certificate valid hoga international job applications ke liye? kindly confirm,purchase_inquiry,Sir Kya certificate valid hoga international job applications ke liye? kindly confirm,,0,1
purchase_inquiry_023,Sunna Kya certificate valid hoga international job applications ke liye?...,purchase_inquiry,Sunna Kya certificate valid hoga international job applications ke liye?.,,1,1
purchase_inquiry_023,Dekho Kya certificate valid hoga international job applications ke liye? actually,purchase_inquiry,Dekho Kya certificate valid hoga international job applications ke liye? actually,,0,1
purchase_inquiry_023,"Hello team, Kya certificate valid hoga international job applications ke liye?",purchase_inquiry,"Hello team, Kya certificate valid hoga international job applications ke liye?",,0,1
purchase_inquiry_024,Compatibility issue to nahi aayegi Mac OS ke sath?,purchase_inquiry,Compatibility issue to nahi aayegi Mac OS ke sath?,,0,1
purchase_inquiry_024,Arre Compatibility issue to nahi aayegi Mac OS ke sath? please,purchase_inquiry,Arre Compatibility issue to nahi aayegi Mac OS ke sath? please,,0,1
purchase_inquiry_024,"Hey, Compatibility issue to nahi aayegi Mac OS ke sath?!",purchase_inquiry,"Hey, Compatibility issue to nahi aayegi Mac OS ke sath?!",,0,1
purchase_inquiry_024,Bhai Compatibility issue to nahi aayegi Mac OS ke sath? jaldi batao,purchase_inquiry,Bhai Compatibility issue to nahi aayegi Mac OS ke sath? jaldi batao,,0,1
purchase_inquiry_024,Sir Compatibility issue to nahi aayegi Mac OS ke sath? kindly confirm,purchase_inquiry,Sir Compatibility issue to nahi aayegi Mac OS ke sath? kindly confirm,,0,1
purchase_inquiry_024,Sunna Compatibility issue to nahi aayegi Mac OS ke sath?...,purchase_inquiry,Sunna Compatibility issue to nahi aayegi Mac OS ke sath?.,,1,1
purchase_inquiry_024,Dekho Compatibility issue to nahi aayegi Mac OS ke sath? actually,purchase_inquiry,Dekho Compatibility issue to nahi aayegi Mac OS ke sath? actually,,0,1
purchase_inquiry_024,"Hello team, Compatibility issue to nahi aayegi Mac OS ke sath?",purchase_inquiry,"Hello team, Compatibility issue to nahi aayegi Mac OS ke sath?",,0,1
purchase_inquiry_029,Is banquet hall ki capacity kitne guests ki hai wedding ke liye?,purchase_inquiry,Is banquet hall ki capacity kitne guests ki hai wedding ke liye?,,0,1
purchase_inquiry_029,Arre Is banquet hall ki capacity kitne guests ki hai wedding ke liye? please,purchase_inquiry,Arre Is banquet hall ki capacity kitne guests ki hai wedding ke liye? please,,0,1
purchase_inquiry_029,"Hey, Is banquet hall ki capacity kitne guests ki hai wedding ke liye?!",purchase_inquiry,"Hey, Is banquet hall ki capacity kitne guests ki hai wedding ke liye?!",,0,1
purchase_inquiry_029,Bhai Is banquet hall ki capacity kitne guests ki hai wedding ke liye? jaldi batao,purchase_inquiry,Bhai Is banquet hall ki capacity kitne guests ki hai wedding ke liye? jaldi batao,,0,1
purchase_inquiry_029,Sir Is banquet hall ki capacity kitne guests ki hai wedding ke liye? kindly confirm,purchase_inquiry,Sir Is banquet hall ki capacity kitne guests ki hai wedding ke liye? kindly confirm,,0,1
purchase_inquiry_029,Sunna Is banquet hall ki capacity kitne guests ki hai wedding ke liye?...,purchase_inquiry,Sunna Is banquet hall ki capacity kitne guests ki hai wedding ke liye?.,,1,1
purchase_inquiry_029,Dekho Is banquet hall ki capacity kitne guests ki hai wedding ke liye? actually,purchase_inquiry,Dekho Is banquet hall ki capacity kitne guests ki hai wedding ke liye? actually,,0,1
purchase_inquiry_029,"Hello team, Is banquet hall ki capacity kitne guests ki hai wedding ke liye?",purchase_inquiry,"Hello team, Is banquet hall ki capacity kitne guests ki hai wedding ke liye?",,0,1
purchase_inquiry_031,Is phone me dual SIM slot hai ya hybrid slot aata hai?,purchase_inquiry,Is phone me dual SIM slot hai ya hybrid slot aata hai?,,0,1
purchase_inquiry_031,Arre Is phone me dual SIM slot hai ya hybrid slot aata hai? please,purchase_inquiry,Arre Is phone me dual SIM slot hai ya hybrid slot aata hai? please,,0,1
purchase_inquiry_031,"Hey, Is phone me dual SIM slot hai ya hybrid slot aata hai?!",purchase_inquiry,"Hey, Is phone me dual SIM slot hai ya hybrid slot aata hai?!",,0,1
purchase_inquiry_031,Bhai Is phone me dual SIM slot hai ya hybrid slot aata hai? jaldi batao,purchase_inquiry,Bhai Is phone me dual SIM slot hai ya hybrid slot aata hai? jaldi batao,,0,1
purchase_inquiry_031,Sir Is phone me dual SIM slot hai ya hybrid slot aata hai? kindly confirm,purchase_inquiry,Sir Is phone me dual SIM slot hai ya hybrid slot aata hai? kindly confirm,,0,1
purchase_inquiry_031,Sunna Is phone me dual SIM slot hai ya hybrid slot aata hai?...,purchase_inquiry,Sunna Is phone me dual SIM slot hai ya hybrid slot aata hai?.,,1,1
purchase_inquiry_031,Dekho Is phone me dual SIM slot hai ya hybrid slot aata hai? actually,purchase_inquiry,Dekho Is phone me dual SIM slot hai ya hybrid slot aata hai? actually,,0,1
purchase_inquiry_031,"Hello team, Is phone me dual SIM slot hai ya hybrid slot aata hai?",purchase_inquiry,"Hello team, Is phone me dual SIM slot hai ya hybrid slot aata hai?",,0,1
purchase_inquiry_032,Kya ye washing machine 5 star energy rating ke sath aati hai?,purchase_inquiry,Kya ye washing machine 5 star energy rating ke sath aati hai?,,0,1
purchase_inquiry_032,Arre Kya ye washing machine 5 star energy rating ke sath aati hai? please,purchase_inquiry,Arre Kya ye washing machine 5 star energy rating ke sath aati hai? please,,0,1
purchase_inquiry_032,"Hey, Kya ye washing machine 5 star energy rating ke sath aati hai?!",purchase_inquiry,"Hey, Kya ye washing machine 5 star energy rating ke sath aati hai?!",,0,1
purchase_inquiry_032,Bhai Kya ye washing machine 5 star energy rating ke sath aati hai? jaldi batao,purchase_inquiry,Bhai Kya ye washing machine 5 star energy rating ke sath aati hai? jaldi batao,,0,1
purchase_inquiry_032,Sir Kya ye washing machine 5 star energy rating ke sath aati hai? kindly confirm,purchase_inquiry,Sir Kya ye washing machine 5 star energy rating ke sath aati hai? kindly confirm,,0,1
purchase_inquiry_032,Sunna Kya ye washing machine 5 star energy rating ke sath aati hai?...,purchase_inquiry,Sunna Kya ye washing machine 5 star energy rating ke sath aati hai?.,,1,1
purchase_inquiry_032,Dekho Kya ye washing machine 5 star energy rating ke sath aati hai? actually,purchase_inquiry,Dekho Kya ye washing machine 5 star energy rating ke sath aati hai? actually,,0,1
purchase_inquiry_032,"Hello team, Kya ye washing machine 5 star energy rating ke sath aati hai?",purchase_inquiry,"Hello team, Kya ye washing machine 5 star energy rating ke sath aati hai?",,0,1
purchase_inquiry_034,Is coaching institute ka previous year selection ratio kitna raha?,purchase_inquiry,Is coaching institute ka previous year selection ratio kitna raha?,,0,1
purchase_inquiry_034,Arre Is coaching institute ka previous year selection ratio kitna raha? please,purchase_inquiry,Arre Is coaching institute ka previous year selection ratio kitna raha? please,,0,1
purchase_inquiry_034,"Hey, Is coaching institute ka previous year selection ratio kitna raha?!",purchase_inquiry,"Hey, Is coaching institute ka previous year selection ratio kitna raha?!",,0,1
purchase_inquiry_034,Bhai Is coaching institute ka previous year selection ratio kitna raha? jaldi batao,purchase_inquiry,Bhai Is coaching institute ka previous year selection ratio kitna raha? jaldi batao,,0,1
purchase_inquiry_034,Sir Is coaching institute ka previous year selection ratio kitna raha? kindly confirm,purchase_inquiry,Sir Is coaching institute ka previous year selection ratio kitna raha? kindly confirm,,0,1
purchase_inquiry_034,Sunna Is coaching institute ka previous year selection ratio kitna raha?...,purchase_inquiry,Sunna Is coaching institute ka previous year selection ratio kitna raha?.,,1,1
purchase_inquiry_034,Dekho Is coaching institute ka previous year selection ratio kitna raha? actually,purchase_inquiry,Dekho Is coaching institute ka previous year selection ratio kitna raha? actually,,0,1
purchase_inquiry_034,"Hello team, Is coaching institute ka previous year selection ratio kitna raha?",purchase_inquiry,"Hello team, Is coaching institute ka previous year selection ratio kitna raha?",,0,1
purchase_inquiry_036,Is EV scooter ki single charge battery range kitne kilometers hai?,purchase_inquiry,Is EV scooter ki single charge battery range kitne kilometers hai?,,0,1
purchase_inquiry_036,Arre Is EV scooter ki single charge battery range kitne kilometers hai? please,purchase_inquiry,Arre Is EV scooter ki single charge battery range kitne kilometers hai? please,,0,1
purchase_inquiry_036,"Hey, Is EV scooter ki single charge battery range kitne kilometers hai?!",purchase_inquiry,"Hey, Is EV scooter ki single charge battery range kitne kilometers hai?!",,0,1
purchase_inquiry_036,Bhai Is EV scooter ki single charge battery range kitne kilometers hai? jaldi batao,purchase_inquiry,Bhai Is EV scooter ki single charge battery range kitne kilometers hai? jaldi batao,,0,1
purchase_inquiry_036,Sir Is EV scooter ki single charge battery range kitne kilometers hai? kindly confirm,purchase_inquiry,Sir Is EV scooter ki single charge battery range kitne kilometers hai? kindly confirm,,0,1
purchase_inquiry_036,Sunna Is EV scooter ki single charge battery range kitne kilometers hai?...,purchase_inquiry,Sunna Is EV scooter ki single charge battery range kitne kilometers hai?.,,1,1
purchase_inquiry_036,Dekho Is EV scooter ki single charge battery range kitne kilometers hai? actually,purchase_inquiry,Dekho Is EV scooter ki single charge battery range kitne kilometers hai? actually,,0,1
purchase_inquiry_036,"Hello team, Is EV scooter ki single charge battery range kitne kilometers hai?",purchase_inquiry,"Hello team, Is EV scooter ki single charge battery range kitne kilometers hai?",,0,1
purchase_inquiry_037,Family health insurance plan me parents add ho sakte hain kya?,purchase_inquiry,Family health insurance plan me parents add ho sakte hain kya?,,0,1
purchase_inquiry_037,Arre Family health insurance plan me parents add ho sakte hain kya? please,purchase_inquiry,Arre Family health insurance plan me parents add ho sakte hain kya? please,,0,1
purchase_inquiry_037,"Hey, Family health insurance plan me parents add ho sakte hain kya?!",purchase_inquiry,"Hey, Family health insurance plan me parents add ho sakte hain kya?!",,0,1
purchase_inquiry_037,Bhai Family health insurance plan me parents add ho sakte hain kya? jaldi batao,purchase_inquiry,Bhai Family health insurance plan me parents add ho sakte hain kya? jaldi batao,,0,1
purchase_inquiry_037,Sir Family health insurance plan me parents add ho sakte hain kya? kindly confirm,purchase_inquiry,Sir Family health insurance plan me parents add ho sakte hain kya? kindly confirm,,0,1
purchase_inquiry_037,Sunna Family health insurance plan me parents add ho sakte hain kya?...,purchase_inquiry,Sunna Family health insurance plan me parents add ho sakte hain kya?.,,1,1
purchase_inquiry_037,Dekho Family health insurance plan me parents add ho sakte hain kya? actually,purchase_inquiry,Dekho Family health insurance plan me parents add ho sakte hain kya? actually,,0,1
purchase_inquiry_037,"Hello team, Family health insurance plan me parents add ho sakte hain kya?",purchase_inquiry,"Hello team, Family health insurance plan me parents add ho sakte hain kya?",,0,1
purchase_inquiry_038,Is project me swimming pool aur clubhouse amenities included hain?,purchase_inquiry,Is project me swimming pool aur clubhouse amenities included hain?,,0,1
purchase_inquiry_038,Arre Is project me swimming pool aur clubhouse amenities included hain? please,purchase_inquiry,Arre Is project me swimming pool aur clubhouse amenities included hain? please,,0,1
purchase_inquiry_038,"Hey, Is project me swimming pool aur clubhouse amenities included hain?!",purchase_inquiry,"Hey, Is project me swimming pool aur clubhouse amenities included hain?!",,0,1
purchase_inquiry_038,Bhai Is project me swimming pool aur clubhouse amenities included hain? jaldi batao,purchase_inquiry,Bhai Is project me swimming pool aur clubhouse amenities included hain? jaldi batao,,0,1
purchase_inquiry_038,Sir Is project me swimming pool aur clubhouse amenities included hain? kindly confirm,purchase_inquiry,Sir Is project me swimming pool aur clubhouse amenities included hain? kindly confirm,,0,1
purchase_inquiry_038,Sunna Is project me swimming pool aur clubhouse amenities included hain?...,purchase_inquiry,Sunna Is project me swimming pool aur clubhouse amenities included hain?.,,1,1
purchase_inquiry_038,Dekho Is project me swimming pool aur clubhouse amenities included hain? actually,purchase_inquiry,Dekho Is project me swimming pool aur clubhouse amenities included hain? actually,,0,1
purchase_inquiry_038,"Hello team, Is project me swimming pool aur clubhouse amenities included hain?",purchase_inquiry,"Hello team, Is project me swimming pool aur clubhouse amenities included hain?",,0,1
purchase_inquiry_039,Kya gym me certified personal trainer support milta hai subscription me?,purchase_inquiry,Kya gym me certified personal trainer support milta hai subscription me?,,0,1
purchase_inquiry_039,Arre Kya gym me certified personal trainer support milta hai subscription me? please,purchase_inquiry,Arre Kya gym me certified personal trainer support milta hai subscription me? please,,0,1
purchase_inquiry_039,"Hey, Kya gym me certified personal trainer support milta hai subscription me?!",purchase_inquiry,"Hey, Kya gym me certified personal trainer support milta hai subscription me?!",,0,1
purchase_inquiry_039,Bhai Kya gym me certified personal trainer support milta hai subscription me? jaldi batao,purchase_inquiry,Bhai Kya gym me certified personal trainer support milta hai subscription me? jaldi batao,,0,1
purchase_inquiry_039,Sir Kya gym me certified personal trainer support milta hai subscription me? kindly confirm,purchase_inquiry,Sir Kya gym me certified personal trainer support milta hai subscription me? kindly confirm,,0,1
purchase_inquiry_039,Sunna Kya gym me certified personal trainer support milta hai subscription me?...,purchase_inquiry,Sunna Kya gym me certified personal trainer support milta hai subscription me?.,,1,1
purchase_inquiry_039,Dekho Kya gym me certified personal trainer support milta hai subscription me? actually,purchase_inquiry,Dekho Kya gym me certified personal trainer support milta hai subscription me? actually,,0,1
purchase_inquiry_039,"Hello team, Kya gym me certified personal trainer support milta hai subscription me?",purchase_inquiry,"Hello team, Kya gym me certified personal trainer support milta hai subscription me?",,0,1
purchase_inquiry_040,Is flight ticket me 15 kg check-in baggage allowed hai?,purchase_inquiry,Is flight ticket me 15 kg check-in baggage allowed hai?,,0,1
purchase_inquiry_040,Arre Is flight ticket me 15 kg check-in baggage allowed hai? please,purchase_inquiry,Arre Is flight ticket me 15 kg check-in baggage allowed hai? please,,0,1
purchase_inquiry_040,"Hey, Is flight ticket me 15 kg check-in baggage allowed hai?!",purchase_inquiry,"Hey, Is flight ticket me 15 kg check-in baggage allowed hai?!",,0,1
purchase_inquiry_040,Bhai Is flight ticket me 15 kg check-in baggage allowed hai? jaldi batao,purchase_inquiry,Bhai Is flight ticket me 15 kg check-in baggage allowed hai? jaldi batao,,0,1
purchase_inquiry_040,Sir Is flight ticket me 15 kg check-in baggage allowed hai? kindly confirm,purchase_inquiry,Sir Is flight ticket me 15 kg check-in baggage allowed hai? kindly confirm,,0,1
purchase_inquiry_040,Sunna Is flight ticket me 15 kg check-in baggage allowed hai?...,purchase_inquiry,Sunna Is flight ticket me 15 kg check-in baggage allowed hai?.,,1,1
purchase_inquiry_040,Dekho Is flight ticket me 15 kg check-in baggage allowed hai? actually,purchase_inquiry,Dekho Is flight ticket me 15 kg check-in baggage allowed hai? actually,,0,1
purchase_inquiry_040,"Hello team, Is flight ticket me 15 kg check-in baggage allowed hai?",purchase_inquiry,"Hello team, Is flight ticket me 15 kg check-in baggage allowed hai?",,0,1
purchase_inquiry_042,Camera me 4K 60fps recording support hai kya bina heating issue ke?,purchase_inquiry,Camera me 4K 60fps recording support hai kya bina heating issue ke?,,0,1
purchase_inquiry_042,Arre Camera me 4K 60fps recording support hai kya bina heating issue ke? please,purchase_inquiry,Arre Camera me 4K 60fps recording support hai kya bina heating issue ke? please,,0,1
purchase_inquiry_042,"Hey, Camera me 4K 60fps recording support hai kya bina heating issue ke?!",purchase_inquiry,"Hey, Camera me 4K 60fps recording support hai kya bina heating issue ke?!",,0,1
purchase_inquiry_042,Bhai Camera me 4K 60fps recording support hai kya bina heating issue ke? jaldi batao,purchase_inquiry,Bhai Camera me 4K 60fps recording support hai kya bina heating issue ke? jaldi batao,,0,1
purchase_inquiry_042,Sir Camera me 4K 60fps recording support hai kya bina heating issue ke? kindly confirm,purchase_inquiry,Sir Camera me 4K 60fps recording support hai kya bina heating issue ke? kindly confirm,,0,1
purchase_inquiry_042,Sunna Camera me 4K 60fps recording support hai kya bina heating issue ke?...,purchase_inquiry,Sunna Camera me 4K 60fps recording support hai kya bina heating issue ke?.,,1,1
purchase_inquiry_042,Dekho Camera me 4K 60fps recording support hai kya bina heating issue ke? actually,purchase_inquiry,Dekho Camera me 4K 60fps recording support hai kya bina heating issue ke? actually,,0,1
purchase_inquiry_042,"Hello team, Camera me 4K 60fps recording support hai kya bina heating issue ke?",purchase_inquiry,"Hello team, Camera me 4K 60fps recording support hai kya bina heating issue ke?",,0,1
purchase_inquiry_043,Corporate tie-up ke under group discount kaise claim kare?,purchase_inquiry,Corporate tie-up ke under group discount kaise claim kare?,,0,1
purchase_inquiry_043,Arre Corporate tie-up ke under group discount kaise claim kare? please,purchase_inquiry,Arre Corporate tie-up ke under group discount kaise claim kare? please,,0,1
purchase_inquiry_043,"Hey, Corporate tie-up ke under group discount kaise claim kare?!",purchase_inquiry,"Hey, Corporate tie-up ke under group discount kaise claim kare?!",,0,1
purchase_inquiry_043,Bhai Corporate tie-up ke under group discount kaise claim kare? jaldi batao,purchase_inquiry,Bhai Corporate tie-up ke under group discount kaise claim kare? jaldi batao,,0,1
purchase_inquiry_043,Sir Corporate tie-up ke under group discount kaise claim kare? kindly confirm,purchase_inquiry,Sir Corporate tie-up ke under group discount kaise claim kare? kindly confirm,,0,1
purchase_inquiry_043,Sunna Corporate tie-up ke under group discount kaise claim kare?...,purchase_inquiry,Sunna Corporate tie-up ke under group discount kaise claim kare?.,,1,1
purchase_inquiry_043,Dekho Corporate tie-up ke under group discount kaise claim kare? actually,purchase_inquiry,Dekho Corporate tie-up ke under group discount kaise claim kare? actually,,0,1
purchase_inquiry_043,"Hello team, Corporate tie-up ke under group discount kaise claim kare?",purchase_inquiry,"Hello team, Corporate tie-up ke under group discount kaise claim kare?",,0,1
purchase_inquiry_044,Is online degree program me live lectures hote hain ya recorded videos?,purchase_inquiry,Is online degree program me live lectures hote hain ya recorded videos?,,0,1
purchase_inquiry_044,Arre Is online degree program me live lectures hote hain ya recorded videos? please,purchase_inquiry,Arre Is online degree program me live lectures hote hain ya recorded videos? please,,0,1
purchase_inquiry_044,"Hey, Is online degree program me live lectures hote hain ya recorded videos?!",purchase_inquiry,"Hey, Is online degree program me live lectures hote hain ya recorded videos?!",,0,1
purchase_inquiry_044,Bhai Is online degree program me live lectures hote hain ya recorded videos? jaldi batao,purchase_inquiry,Bhai Is online degree program me live lectures hote hain ya recorded videos? jaldi batao,,0,1
purchase_inquiry_044,Sir Is online degree program me live lectures hote hain ya recorded videos? kindly confirm,purchase_inquiry,Sir Is online degree program me live lectures hote hain ya recorded videos? kindly confirm,,0,1
purchase_inquiry_044,Sunna Is online degree program me live lectures hote hain ya recorded videos?...,purchase_inquiry,Sunna Is online degree program me live lectures hote hain ya recorded videos?.,,1,1
purchase_inquiry_044,Dekho Is online degree program me live lectures hote hain ya recorded videos? actually,purchase_inquiry,Dekho Is online degree program me live lectures hote hain ya recorded videos? actually,,0,1
purchase_inquiry_044,"Hello team, Is online degree program me live lectures hote hain ya recorded videos?",purchase_inquiry,"Hello team, Is online degree program me live lectures hote hain ya recorded videos?",,0,1
purchase_inquiry_045,Hotel booking me complimentary breakfast included hai kya room rate me?,purchase_inquiry,Hotel booking me complimentary breakfast included hai kya room rate me?,,0,1
purchase_inquiry_045,Arre Hotel booking me complimentary breakfast included hai kya room rate me? please,purchase_inquiry,Arre Hotel booking me complimentary breakfast included hai kya room rate me? please,,0,1
purchase_inquiry_045,"Hey, Hotel booking me complimentary breakfast included hai kya room rate me?!",purchase_inquiry,"Hey, Hotel booking me complimentary breakfast included hai kya room rate me?!",,0,1
purchase_inquiry_045,Bhai Hotel booking me complimentary breakfast included hai kya room rate me? jaldi batao,purchase_inquiry,Bhai Hotel booking me complimentary breakfast included hai kya room rate me? jaldi batao,,0,1
purchase_inquiry_045,Sir Hotel booking me complimentary breakfast included hai kya room rate me? kindly confirm,purchase_inquiry,Sir Hotel booking me complimentary breakfast included hai kya room rate me? kindly confirm,,0,1
purchase_inquiry_045,Sunna Hotel booking me complimentary breakfast included hai kya room rate me?...,purchase_inquiry,Sunna Hotel booking me complimentary breakfast included hai kya room rate me?.,,1,1
purchase_inquiry_045,Dekho Hotel booking me complimentary breakfast included hai kya room rate me? actually,purchase_inquiry,Dekho Hotel booking me complimentary breakfast included hai kya room rate me? actually,,0,1
purchase_inquiry_045,"Hello team, Hotel booking me complimentary breakfast included hai kya room rate me?",purchase_inquiry,"Hello team, Hotel booking me complimentary breakfast included hai kya room rate me?",,0,1
purchase_inquiry_048,Kya aap doorstep sample collection provide karte ho blood test ke liye?,purchase_inquiry,Kya aap doorstep sample collection provide karte ho blood test ke liye?,,0,1
purchase_inquiry_048,Arre Kya aap doorstep sample collection provide karte ho blood test ke liye? please,purchase_inquiry,Arre Kya aap doorstep sample collection provide karte ho blood test ke liye? please,,0,1
purchase_inquiry_048,"Hey, Kya aap doorstep sample collection provide karte ho blood test ke liye?!",purchase_inquiry,"Hey, Kya aap doorstep sample collection provide karte ho blood test ke liye?!",,0,1
purchase_inquiry_048,Bhai Kya aap doorstep sample collection provide karte ho blood test ke liye? jaldi batao,purchase_inquiry,Bhai Kya aap doorstep sample collection provide karte ho blood test ke liye? jaldi batao,,0,1
purchase_inquiry_048,Sir Kya aap doorstep sample collection provide karte ho blood test ke liye? kindly confirm,purchase_inquiry,Sir Kya aap doorstep sample collection provide karte ho blood test ke liye? kindly confirm,,0,1
purchase_inquiry_048,Sunna Kya aap doorstep sample collection provide karte ho blood test ke liye?...,purchase_inquiry,Sunna Kya aap doorstep sample collection provide karte ho blood test ke liye?.,,1,1
purchase_inquiry_048,Dekho Kya aap doorstep sample collection provide karte ho blood test ke liye? actually,purchase_inquiry,Dekho Kya aap doorstep sample collection provide karte ho blood test ke liye? actually,,0,1
purchase_inquiry_048,"Hello team, Kya aap doorstep sample collection provide karte ho blood test ke liye?",purchase_inquiry,"Hello team, Kya aap doorstep sample collection provide karte ho blood test ke liye?",,0,1
purchase_inquiry_050,Kya ye mattress memory foam technology par based hai?,purchase_inquiry,Kya ye mattress memory foam technology par based hai?,,0,1
purchase_inquiry_050,Arre Kya ye mattress memory foam technology par based hai? please,purchase_inquiry,Arre Kya ye mattress memory foam technology par based hai? please,,0,1
purchase_inquiry_050,"Hey, Kya ye mattress memory foam technology par based hai?!",purchase_inquiry,"Hey, Kya ye mattress memory foam technology par based hai?!",,0,1
purchase_inquiry_050,Bhai Kya ye mattress memory foam technology par based hai? jaldi batao,purchase_inquiry,Bhai Kya ye mattress memory foam technology par based hai? jaldi batao,,0,1
purchase_inquiry_050,Sir Kya ye mattress memory foam technology par based hai? kindly confirm,purchase_inquiry,Sir Kya ye mattress memory foam technology par based hai? kindly confirm,,0,1
purchase_inquiry_050,Sunna Kya ye mattress memory foam technology par based hai?...,purchase_inquiry,Sunna Kya ye mattress memory foam technology par based hai?.,,1,1
purchase_inquiry_050,Dekho Kya ye mattress memory foam technology par based hai? actually,purchase_inquiry,Dekho Kya ye mattress memory foam technology par based hai? actually,,0,1
purchase_inquiry_050,"Hello team, Kya ye mattress memory foam technology par based hai?",purchase_inquiry,"Hello team, Kya ye mattress memory foam technology par based hai?",,0,1
purchase_inquiry_051,Is smart bulb ko Alexa and Google Home se sync kar sakte hain?,purchase_inquiry,Is smart bulb ko Alexa and Google Home se sync kar sakte hain?,,0,1
purchase_inquiry_051,Arre Is smart bulb ko Alexa and Google Home se sync kar sakte hain? please,purchase_inquiry,Arre Is smart bulb ko Alexa and Google Home se sync kar sakte hain? please,,0,1
purchase_inquiry_051,"Hey, Is smart bulb ko Alexa and Google Home se sync kar sakte hain?!",purchase_inquiry,"Hey, Is smart bulb ko Alexa and Google Home se sync kar sakte hain?!",,0,1
purchase_inquiry_051,Bhai Is smart bulb ko Alexa and Google Home se sync kar sakte hain? jaldi batao,purchase_inquiry,Bhai Is smart bulb ko Alexa and Google Home se sync kar sakte hain? jaldi batao,,0,1
purchase_inquiry_051,Sir Is smart bulb ko Alexa and Google Home se sync kar sakte hain? kindly confirm,purchase_inquiry,Sir Is smart bulb ko Alexa and Google Home se sync kar sakte hain? kindly confirm,,0,1
purchase_inquiry_051,Sunna Is smart bulb ko Alexa and Google Home se sync kar sakte hain?...,purchase_inquiry,Sunna Is smart bulb ko Alexa and Google Home se sync kar sakte hain?.,,1,1
purchase_inquiry_051,Dekho Is smart bulb ko Alexa and Google Home se sync kar sakte hain? actually,purchase_inquiry,Dekho Is smart bulb ko Alexa and Google Home se sync kar sakte hain? actually,,0,1
purchase_inquiry_051,"Hello team, Is smart bulb ko Alexa and Google Home se sync kar sakte hain?",purchase_inquiry,"Hello team, Is smart bulb ko Alexa and Google Home se sync kar sakte hain?",,0,1
purchase_inquiry_052,Business loan lene ke liye minimum turnover kitna hona chahiye?,purchase_inquiry,Business loan lene ke liye minimum turnover kitna hona chahiye?,,0,1
purchase_inquiry_052,Arre Business loan lene ke liye minimum turnover kitna hona chahiye? please,purchase_inquiry,Arre Business loan lene ke liye minimum turnover kitna hona chahiye? please,,0,1
purchase_inquiry_052,"Hey, Business loan lene ke liye minimum turnover kitna hona chahiye?!",purchase_inquiry,"Hey, Business loan lene ke liye minimum turnover kitna hona chahiye?!",,0,1
purchase_inquiry_052,Bhai Business loan lene ke liye minimum turnover kitna hona chahiye? jaldi batao,purchase_inquiry,Bhai Business loan lene ke liye minimum turnover kitna hona chahiye? jaldi batao,,0,1
purchase_inquiry_052,Sir Business loan lene ke liye minimum turnover kitna hona chahiye? kindly confirm,purchase_inquiry,Sir Business loan lene ke liye minimum turnover kitna hona chahiye? kindly confirm,,0,1
purchase_inquiry_052,Sunna Business loan lene ke liye minimum turnover kitna hona chahiye?...,purchase_inquiry,Sunna Business loan lene ke liye minimum turnover kitna hona chahiye?.,,1,1
purchase_inquiry_052,Dekho Business loan lene ke liye minimum turnover kitna hona chahiye? actually,purchase_inquiry,Dekho Business loan lene ke liye minimum turnover kitna hona chahiye? actually,,0,1
purchase_inquiry_052,"Hello team, Business loan lene ke liye minimum turnover kitna hona chahiye?",purchase_inquiry,"Hello team, Business loan lene ke liye minimum turnover kitna hona chahiye?",,0,1
purchase_inquiry_053,Kya ye electric kettle auto-shutoff safety feature ke sath aati hai?,purchase_inquiry,Kya ye electric kettle auto-shutoff safety feature ke sath aati hai?,,0,1
purchase_inquiry_053,Arre Kya ye electric kettle auto-shutoff safety feature ke sath aati hai? please,purchase_inquiry,Arre Kya ye electric kettle auto-shutoff safety feature ke sath aati hai? please,,0,1
purchase_inquiry_053,"Hey, Kya ye electric kettle auto-shutoff safety feature ke sath aati hai?!",purchase_inquiry,"Hey, Kya ye electric kettle auto-shutoff safety feature ke sath aati hai?!",,0,1
purchase_inquiry_053,Bhai Kya ye electric kettle auto-shutoff safety feature ke sath aati hai? jaldi batao,purchase_inquiry,Bhai Kya ye electric kettle auto-shutoff safety feature ke sath aati hai? jaldi batao,,0,1
purchase_inquiry_053,Sir Kya ye electric kettle auto-shutoff safety feature ke sath aati hai? kindly confirm,purchase_inquiry,Sir Kya ye electric kettle auto-shutoff safety feature ke sath aati hai? kindly confirm,,0,1
purchase_inquiry_053,Sunna Kya ye electric kettle auto-shutoff safety feature ke sath aati hai?...,purchase_inquiry,Sunna Kya ye electric kettle auto-shutoff safety feature ke sath aati hai?.,,1,1
purchase_inquiry_053,Dekho Kya ye electric kettle auto-shutoff safety feature ke sath aati hai? actually,purchase_inquiry,Dekho Kya ye electric kettle auto-shutoff safety feature ke sath aati hai? actually,,0,1
purchase_inquiry_053,"Hello team, Kya ye electric kettle auto-shutoff safety feature ke sath aati hai?",purchase_inquiry,"Hello team, Kya ye electric kettle auto-shutoff safety feature ke sath aati hai?",,0,1
purchase_inquiry_054,Is course me placement assistance guarantee provide karte ho kya?,purchase_inquiry,Is course me placement assistance guarantee provide karte ho kya?,,0,1
purchase_inquiry_054,Arre Is course me placement assistance guarantee provide karte ho kya? please,purchase_inquiry,Arre Is course me placement assistance guarantee provide karte ho kya? please,,0,1
purchase_inquiry_054,"Hey, Is course me placement assistance guarantee provide karte ho kya?!",purchase_inquiry,"Hey, Is course me placement assistance guarantee provide karte ho kya?!",,0,1
purchase_inquiry_054,Bhai Is course me placement assistance guarantee provide karte ho kya? jaldi batao,purchase_inquiry,Bhai Is course me placement assistance guarantee provide karte ho kya? jaldi batao,,0,1
purchase_inquiry_054,Sir Is course me placement assistance guarantee provide karte ho kya? kindly confirm,purchase_inquiry,Sir Is course me placement assistance guarantee provide karte ho kya? kindly confirm,,0,1
purchase_inquiry_054,Sunna Is course me placement assistance guarantee provide karte ho kya?...,purchase_inquiry,Sunna Is course me placement assistance guarantee provide karte ho kya?.,,1,1
purchase_inquiry_054,Dekho Is course me placement assistance guarantee provide karte ho kya? actually,purchase_inquiry,Dekho Is course me placement assistance guarantee provide karte ho kya? actually,,0,1
purchase_inquiry_054,"Hello team, Is course me placement assistance guarantee provide karte ho kya?",purchase_inquiry,"Hello team, Is course me placement assistance guarantee provide karte ho kya?",,0,1
purchase_inquiry_055,Kya weekend delivery slot select karne ka option milta hai checkout pe?,purchase_inquiry,Kya weekend delivery slot select karne ka option milta hai checkout pe?,,0,1
purchase_inquiry_055,Arre Kya weekend delivery slot select karne ka option milta hai checkout pe? please,purchase_inquiry,Arre Kya weekend delivery slot select karne ka option milta hai checkout pe? please,,0,1
purchase_inquiry_055,"Hey, Kya weekend delivery slot select karne ka option milta hai checkout pe?!",purchase_inquiry,"Hey, Kya weekend delivery slot select karne ka option milta hai checkout pe?!",,0,1
purchase_inquiry_055,Bhai Kya weekend delivery slot select karne ka option milta hai checkout pe? jaldi batao,purchase_inquiry,Bhai Kya weekend delivery slot select karne ka option milta hai checkout pe? jaldi batao,,0,1
purchase_inquiry_055,Sir Kya weekend delivery slot select karne ka option milta hai checkout pe? kindly confirm,purchase_inquiry,Sir Kya weekend delivery slot select karne ka option milta hai checkout pe? kindly confirm,,0,1
purchase_inquiry_055,Sunna Kya weekend delivery slot select karne ka option milta hai checkout pe?...,purchase_inquiry,Sunna Kya weekend delivery slot select karne ka option milta hai checkout pe?.,,1,1
purchase_inquiry_055,Dekho Kya weekend delivery slot select karne ka option milta hai checkout pe? actually,purchase_inquiry,Dekho Kya weekend delivery slot select karne ka option milta hai checkout pe? actually,,0,1
purchase_inquiry_055,"Hello team, Kya weekend delivery slot select karne ka option milta hai checkout pe?",purchase_inquiry,"Hello team, Kya weekend delivery slot select karne ka option milta hai checkout pe?",,0,1
purchase_inquiry_057,Kitchen modular setup ka standard installation time kitna lagta hai?,purchase_inquiry,Kitchen modular setup ka standard installation time kitna lagta hai?,,0,1
purchase_inquiry_057,Arre Kitchen modular setup ka standard installation time kitna lagta hai? please,purchase_inquiry,Arre Kitchen modular setup ka standard installation time kitna lagta hai? please,,0,1
purchase_inquiry_057,"Hey, Kitchen modular setup ka standard installation time kitna lagta hai?!",purchase_inquiry,"Hey, Kitchen modular setup ka standard installation time kitna lagta hai?!",,0,1
purchase_inquiry_057,Bhai Kitchen modular setup ka standard installation time kitna lagta hai? jaldi batao,purchase_inquiry,Bhai Kitchen modular setup ka standard installation time kitna lagta hai? jaldi batao,,0,1
purchase_inquiry_057,Sir Kitchen modular setup ka standard installation time kitna lagta hai? kindly confirm,purchase_inquiry,Sir Kitchen modular setup ka standard installation time kitna lagta hai? kindly confirm,,0,1
purchase_inquiry_057,Sunna Kitchen modular setup ka standard installation time kitna lagta hai?...,purchase_inquiry,Sunna Kitchen modular setup ka standard installation time kitna lagta hai?.,,1,1
purchase_inquiry_057,Dekho Kitchen modular setup ka standard installation time kitna lagta hai? actually,purchase_inquiry,Dekho Kitchen modular setup ka standard installation time kitna lagta hai? actually,,0,1
purchase_inquiry_057,"Hello team, Kitchen modular setup ka standard installation time kitna lagta hai?",purchase_inquiry,"Hello team, Kitchen modular setup ka standard installation time kitna lagta hai?",,0,1
purchase_inquiry_058,Kya is luxury watch par international warranty cover hoti hai?,purchase_inquiry,Kya is luxury watch par international warranty cover hoti hai?,,0,1
purchase_inquiry_058,Arre Kya is luxury watch par international warranty cover hoti hai? please,purchase_inquiry,Arre Kya is luxury watch par international warranty cover hoti hai? please,,0,1
purchase_inquiry_058,"Hey, Kya is luxury watch par international warranty cover hoti hai?!",purchase_inquiry,"Hey, Kya is luxury watch par international warranty cover hoti hai?!",,0,1
purchase_inquiry_058,Bhai Kya is luxury watch par international warranty cover hoti hai? jaldi batao,purchase_inquiry,Bhai Kya is luxury watch par international warranty cover hoti hai? jaldi batao,,0,1
purchase_inquiry_058,Sir Kya is luxury watch par international warranty cover hoti hai? kindly confirm,purchase_inquiry,Sir Kya is luxury watch par international warranty cover hoti hai? kindly confirm,,0,1
purchase_inquiry_058,Sunna Kya is luxury watch par international warranty cover hoti hai?...,purchase_inquiry,Sunna Kya is luxury watch par international warranty cover hoti hai?.,,1,1
purchase_inquiry_058,Dekho Kya is luxury watch par international warranty cover hoti hai? actually,purchase_inquiry,Dekho Kya is luxury watch par international warranty cover hoti hai? actually,,0,1
purchase_inquiry_058,"Hello team, Kya is luxury watch par international warranty cover hoti hai?",purchase_inquiry,"Hello team, Kya is luxury watch par international warranty cover hoti hai?",,0,1
purchase_inquiry_061,Is air purifier ka filter replacement cost kitna padta hai yearly?,purchase_inquiry,Is air purifier ka filter replacement cost kitna padta hai yearly?,,0,1
purchase_inquiry_061,Arre Is air purifier ka filter replacement cost kitna padta hai yearly? please,purchase_inquiry,Arre Is air purifier ka filter replacement cost kitna padta hai yearly? please,,0,1
purchase_inquiry_061,"Hey, Is air purifier ka filter replacement cost kitna padta hai yearly?!",purchase_inquiry,"Hey, Is air purifier ka filter replacement cost kitna padta hai yearly?!",,0,1
purchase_inquiry_061,Bhai Is air purifier ka filter replacement cost kitna padta hai yearly? jaldi batao,purchase_inquiry,Bhai Is air purifier ka filter replacement cost kitna padta hai yearly? jaldi batao,,0,1
purchase_inquiry_061,Sir Is air purifier ka filter replacement cost kitna padta hai yearly? kindly confirm,purchase_inquiry,Sir Is air purifier ka filter replacement cost kitna padta hai yearly? kindly confirm,,0,1
purchase_inquiry_061,Sunna Is air purifier ka filter replacement cost kitna padta hai yearly?...,purchase_inquiry,Sunna Is air purifier ka filter replacement cost kitna padta hai yearly?.,,1,1
purchase_inquiry_061,Dekho Is air purifier ka filter replacement cost kitna padta hai yearly? actually,purchase_inquiry,Dekho Is air purifier ka filter replacement cost kitna padta hai yearly? actually,,0,1
purchase_inquiry_061,"Hello team, Is air purifier ka filter replacement cost kitna padta hai yearly?",purchase_inquiry,"Hello team, Is air purifier ka filter replacement cost kitna padta hai yearly?",,0,1
purchase_inquiry_062,Kya is resort me pet-friendly rooms available hain weekend stay ke liye?,purchase_inquiry,Kya is resort me pet-friendly rooms available hain weekend stay ke liye?,,0,1
purchase_inquiry_062,Arre Kya is resort me pet-friendly rooms available hain weekend stay ke liye? please,purchase_inquiry,Arre Kya is resort me pet-friendly rooms available hain weekend stay ke liye? please,,0,1
purchase_inquiry_062,"Hey, Kya is resort me pet-friendly rooms available hain weekend stay ke liye?!",purchase_inquiry,"Hey, Kya is resort me pet-friendly rooms available hain weekend stay ke liye?!",,0,1
purchase_inquiry_062,Bhai Kya is resort me pet-friendly rooms available hain weekend stay ke liye? jaldi batao,purchase_inquiry,Bhai Kya is resort me pet-friendly rooms available hain weekend stay ke liye? jaldi batao,,0,1
purchase_inquiry_062,Sir Kya is resort me pet-friendly rooms available hain weekend stay ke liye? kindly confirm,purchase_inquiry,Sir Kya is resort me pet-friendly rooms available hain weekend stay ke liye? kindly confirm,,0,1
purchase_inquiry_062,Sunna Kya is resort me pet-friendly rooms available hain weekend stay ke liye?...,purchase_inquiry,Sunna Kya is resort me pet-friendly rooms available hain weekend stay ke liye?.,,1,1
purchase_inquiry_062,Dekho Kya is resort me pet-friendly rooms available hain weekend stay ke liye? actually,purchase_inquiry,Dekho Kya is resort me pet-friendly rooms available hain weekend stay ke liye? actually,,0,1
purchase_inquiry_062,"Hello team, Kya is resort me pet-friendly rooms available hain weekend stay ke liye?",purchase_inquiry,"Hello team, Kya is resort me pet-friendly rooms available hain weekend stay ke liye?",,0,1
purchase_inquiry_064,Kya dental cleaning package me polishing bhi covered rehti hai?,purchase_inquiry,Kya dental cleaning package me polishing bhi covered rehti hai?,,0,1
purchase_inquiry_064,Arre Kya dental cleaning package me polishing bhi covered rehti hai? please,purchase_inquiry,Arre Kya dental cleaning package me polishing bhi covered rehti hai? please,,0,1
purchase_inquiry_064,"Hey, Kya dental cleaning package me polishing bhi covered rehti hai?!",purchase_inquiry,"Hey, Kya dental cleaning package me polishing bhi covered rehti hai?!",,0,1
purchase_inquiry_064,Bhai Kya dental cleaning package me polishing bhi covered rehti hai? jaldi batao,purchase_inquiry,Bhai Kya dental cleaning package me polishing bhi covered rehti hai? jaldi batao,,0,1
purchase_inquiry_064,Sir Kya dental cleaning package me polishing bhi covered rehti hai? kindly confirm,purchase_inquiry,Sir Kya dental cleaning package me polishing bhi covered rehti hai? kindly confirm,,0,1
purchase_inquiry_064,Sunna Kya dental cleaning package me polishing bhi covered rehti hai?...,purchase_inquiry,Sunna Kya dental cleaning package me polishing bhi covered rehti hai?.,,1,1
purchase_inquiry_064,Dekho Kya dental cleaning package me polishing bhi covered rehti hai? actually,purchase_inquiry,Dekho Kya dental cleaning package me polishing bhi covered rehti hai? actually,,0,1
purchase_inquiry_064,"Hello team, Kya dental cleaning package me polishing bhi covered rehti hai?",purchase_inquiry,"Hello team, Kya dental cleaning package me polishing bhi covered rehti hai?",,0,1
purchase_inquiry_067,Is gaming monitor ka refresh rate kitna hai 144Hz ya 240Hz?,purchase_inquiry,Is gaming monitor ka refresh rate kitna hai 144Hz ya 240Hz?,,0,1
purchase_inquiry_067,Arre Is gaming monitor ka refresh rate kitna hai 144Hz ya 240Hz? please,purchase_inquiry,Arre Is gaming monitor ka refresh rate kitna hai 144Hz ya 240Hz? please,,0,1
purchase_inquiry_067,"Hey, Is gaming monitor ka refresh rate kitna hai 144Hz ya 240Hz?!",purchase_inquiry,"Hey, Is gaming monitor ka refresh rate kitna hai 144Hz ya 240Hz?!",,0,1
purchase_inquiry_067,Bhai Is gaming monitor ka refresh rate kitna hai 144Hz ya 240Hz? jaldi batao,purchase_inquiry,Bhai Is gaming monitor ka refresh rate kitna hai 144Hz ya 240Hz? jaldi batao,,0,1
purchase_inquiry_067,Sir Is gaming monitor ka refresh rate kitna hai 144Hz ya 240Hz? kindly confirm,purchase_inquiry,Sir Is gaming monitor ka refresh rate kitna hai 144Hz ya 240Hz? kindly confirm,,0,1
purchase_inquiry_067,Sunna Is gaming monitor ka refresh rate kitna hai 144Hz ya 240Hz?...,purchase_inquiry,Sunna Is gaming monitor ka refresh rate kitna hai 144Hz ya 240Hz?.,,1,1
purchase_inquiry_067,Dekho Is gaming monitor ka refresh rate kitna hai 144Hz ya 240Hz? actually,purchase_inquiry,Dekho Is gaming monitor ka refresh rate kitna hai 144Hz ya 240Hz? actually,,0,1
purchase_inquiry_067,"Hello team, Is gaming monitor ka refresh rate kitna hai 144Hz ya 240Hz?",purchase_inquiry,"Hello team, Is gaming monitor ka refresh rate kitna hai 144Hz ya 240Hz?",,0,1
purchase_inquiry_068,Kya travel insurance me trip cancellation refund policy hoti hai?,purchase_inquiry,Kya travel insurance me trip cancellation refund policy hoti hai?,,0,1
purchase_inquiry_068,Arre Kya travel insurance me trip cancellation refund policy hoti hai? please,purchase_inquiry,Arre Kya travel insurance me trip cancellation refund policy hoti hai? please,,0,1
purchase_inquiry_068,"Hey, Kya travel insurance me trip cancellation refund policy hoti hai?!",purchase_inquiry,"Hey, Kya travel insurance me trip cancellation refund policy hoti hai?!",,0,1
purchase_inquiry_068,Bhai Kya travel insurance me trip cancellation refund policy hoti hai? jaldi batao,purchase_inquiry,Bhai Kya travel insurance me trip cancellation refund policy hoti hai? jaldi batao,,0,1
purchase_inquiry_068,Sir Kya travel insurance me trip cancellation refund policy hoti hai? kindly confirm,purchase_inquiry,Sir Kya travel insurance me trip cancellation refund policy hoti hai? kindly confirm,,0,1
purchase_inquiry_068,Sunna Kya travel insurance me trip cancellation refund policy hoti hai?...,purchase_inquiry,Sunna Kya travel insurance me trip cancellation refund policy hoti hai?.,,1,1
purchase_inquiry_068,Dekho Kya travel insurance me trip cancellation refund policy hoti hai? actually,purchase_inquiry,Dekho Kya travel insurance me trip cancellation refund policy hoti hai? actually,,0,1
purchase_inquiry_068,"Hello team, Kya travel insurance me trip cancellation refund policy hoti hai?",purchase_inquiry,"Hello team, Kya travel insurance me trip cancellation refund policy hoti hai?",,0,1
purchase_inquiry_070,Kya induction cookware dishwasher safe hota hai cleaning ke liye?,purchase_inquiry,Kya induction cookware dishwasher safe hota hai cleaning ke liye?,,0,1
purchase_inquiry_070,Arre Kya induction cookware dishwasher safe hota hai cleaning ke liye? please,purchase_inquiry,Arre Kya induction cookware dishwasher safe hota hai cleaning ke liye? please,,0,1
purchase_inquiry_070,"Hey, Kya induction cookware dishwasher safe hota hai cleaning ke liye?!",purchase_inquiry,"Hey, Kya induction cookware dishwasher safe hota hai cleaning ke liye?!",,0,1
purchase_inquiry_070,Bhai Kya induction cookware dishwasher safe hota hai cleaning ke liye? jaldi batao,purchase_inquiry,Bhai Kya induction cookware dishwasher safe hota hai cleaning ke liye? jaldi batao,,0,1
purchase_inquiry_070,Sir Kya induction cookware dishwasher safe hota hai cleaning ke liye? kindly confirm,purchase_inquiry,Sir Kya induction cookware dishwasher safe hota hai cleaning ke liye? kindly confirm,,0,1
purchase_inquiry_070,Sunna Kya induction cookware dishwasher safe hota hai cleaning ke liye?...,purchase_inquiry,Sunna Kya induction cookware dishwasher safe hota hai cleaning ke liye?.,,1,1
purchase_inquiry_070,Dekho Kya induction cookware dishwasher safe hota hai cleaning ke liye? actually,purchase_inquiry,Dekho Kya induction cookware dishwasher safe hota hai cleaning ke liye? actually,,0,1
purchase_inquiry_070,"Hello team, Kya induction cookware dishwasher safe hota hai cleaning ke liye?",purchase_inquiry,"Hello team, Kya induction cookware dishwasher safe hota hai cleaning ke liye?",,0,1
purchase_inquiry_071,Is vacuum cleaner me wet and dry dono cleaning capability hai?,purchase_inquiry,Is vacuum cleaner me wet and dry dono cleaning capability hai?,,0,1
purchase_inquiry_071,Arre Is vacuum cleaner me wet and dry dono cleaning capability hai? please,purchase_inquiry,Arre Is vacuum cleaner me wet and dry dono cleaning capability hai? please,,0,1
purchase_inquiry_071,"Hey, Is vacuum cleaner me wet and dry dono cleaning capability hai?!",purchase_inquiry,"Hey, Is vacuum cleaner me wet and dry dono cleaning capability hai?!",,0,1
purchase_inquiry_071,Bhai Is vacuum cleaner me wet and dry dono cleaning capability hai? jaldi batao,purchase_inquiry,Bhai Is vacuum cleaner me wet and dry dono cleaning capability hai? jaldi batao,,0,1
purchase_inquiry_071,Sir Is vacuum cleaner me wet and dry dono cleaning capability hai? kindly confirm,purchase_inquiry,Sir Is vacuum cleaner me wet and dry dono cleaning capability hai? kindly confirm,,0,1
purchase_inquiry_071,Sunna Is vacuum cleaner me wet and dry dono cleaning capability hai?...,purchase_inquiry,Sunna Is vacuum cleaner me wet and dry dono cleaning capability hai?.,,1,1
purchase_inquiry_071,Dekho Is vacuum cleaner me wet and dry dono cleaning capability hai? actually,purchase_inquiry,Dekho Is vacuum cleaner me wet and dry dono cleaning capability hai? actually,,0,1
purchase_inquiry_071,"Hello team, Is vacuum cleaner me wet and dry dono cleaning capability hai?",purchase_inquiry,"Hello team, Is vacuum cleaner me wet and dry dono cleaning capability hai?",,0,1
purchase_inquiry_072,Kya coworking space me 24/7 access aur high speed internet milega?,purchase_inquiry,Kya coworking space me 24/7 access aur high speed internet milega?,,0,1
purchase_inquiry_072,Arre Kya coworking space me 24/7 access aur high speed internet milega? please,purchase_inquiry,Arre Kya coworking space me 24/7 access aur high speed internet milega? please,,0,1
purchase_inquiry_072,"Hey, Kya coworking space me 24/7 access aur high speed internet milega?!",purchase_inquiry,"Hey, Kya coworking space me 24/7 access aur high speed internet milega?!",,0,1
purchase_inquiry_072,Bhai Kya coworking space me 24/7 access aur high speed internet milega? jaldi batao,purchase_inquiry,Bhai Kya coworking space me 24/7 access aur high speed internet milega? jaldi batao,,0,1
purchase_inquiry_072,Sir Kya coworking space me 24/7 access aur high speed internet milega? kindly confirm,purchase_inquiry,Sir Kya coworking space me 24/7 access aur high speed internet milega? kindly confirm,,0,1
purchase_inquiry_072,Sunna Kya coworking space me 24/7 access aur high speed internet milega?...,purchase_inquiry,Sunna Kya coworking space me 24/7 access aur high speed internet milega?.,,1,1
purchase_inquiry_072,Dekho Kya coworking space me 24/7 access aur high speed internet milega? actually,purchase_inquiry,Dekho Kya coworking space me 24/7 access aur high speed internet milega? actually,,0,1
purchase_inquiry_072,"Hello team, Kya coworking space me 24/7 access aur high speed internet milega?",purchase_inquiry,"Hello team, Kya coworking space me 24/7 access aur high speed internet milega?",,0,1
purchase_inquiry_073,Is espresso machine me milk frother steamer attach hai?,purchase_inquiry,Is espresso machine me milk frother steamer attach hai?,,0,1
purchase_inquiry_073,Arre Is espresso machine me milk frother steamer attach hai? please,purchase_inquiry,Arre Is espresso machine me milk frother steamer attach hai? please,,0,1
purchase_inquiry_073,"Hey, Is espresso machine me milk frother steamer attach hai?!",purchase_inquiry,"Hey, Is espresso machine me milk frother steamer attach hai?!",,0,1
purchase_inquiry_073,Bhai Is espresso machine me milk frother steamer attach hai? jaldi batao,purchase_inquiry,Bhai Is espresso machine me milk frother steamer attach hai? jaldi batao,,0,1
purchase_inquiry_073,Sir Is espresso machine me milk frother steamer attach hai? kindly confirm,purchase_inquiry,Sir Is espresso machine me milk frother steamer attach hai? kindly confirm,,0,1
purchase_inquiry_073,Sunna Is espresso machine me milk frother steamer attach hai?...,purchase_inquiry,Sunna Is espresso machine me milk frother steamer attach hai?.,,1,1
purchase_inquiry_073,Dekho Is espresso machine me milk frother steamer attach hai? actually,purchase_inquiry,Dekho Is espresso machine me milk frother steamer attach hai? actually,,0,1
purchase_inquiry_073,"Hello team, Is espresso machine me milk frother steamer attach hai?",purchase_inquiry,"Hello team, Is espresso machine me milk frother steamer attach hai?",,0,1
purchase_inquiry_074,Kya study abroad counseling session free of cost conduct hota hai?,purchase_inquiry,Kya study abroad counseling session free of cost conduct hota hai?,,0,1
purchase_inquiry_074,Arre Kya study abroad counseling session free of cost conduct hota hai? please,purchase_inquiry,Arre Kya study abroad counseling session free of cost conduct hota hai? please,,0,1
purchase_inquiry_074,"Hey, Kya study abroad counseling session free of cost conduct hota hai?!",purchase_inquiry,"Hey, Kya study abroad counseling session free of cost conduct hota hai?!",,0,1
purchase_inquiry_074,Bhai Kya study abroad counseling session free of cost conduct hota hai? jaldi batao,purchase_inquiry,Bhai Kya study abroad counseling session free of cost conduct hota hai? jaldi batao,,0,1
purchase_inquiry_074,Sir Kya study abroad counseling session free of cost conduct hota hai? kindly confirm,purchase_inquiry,Sir Kya study abroad counseling session free of cost conduct hota hai? kindly confirm,,0,1
purchase_inquiry_074,Sunna Kya study abroad counseling session free of cost conduct hota hai?...,purchase_inquiry,Sunna Kya study abroad counseling session free of cost conduct hota hai?.,,1,1
purchase_inquiry_074,Dekho Kya study abroad counseling session free of cost conduct hota hai? actually,purchase_inquiry,Dekho Kya study abroad counseling session free of cost conduct hota hai? actually,,0,1
purchase_inquiry_074,"Hello team, Kya study abroad counseling session free of cost conduct hota hai?",purchase_inquiry,"Hello team, Kya study abroad counseling session free of cost conduct hota hai?",,0,1
purchase_inquiry_075,Is security alarm system me mobile alert notification push aate hain?,purchase_inquiry,Is security alarm system me mobile alert notification push aate hain?,,0,1
purchase_inquiry_075,Arre Is security alarm system me mobile alert notification push aate hain? please,purchase_inquiry,Arre Is security alarm system me mobile alert notification push aate hain? please,,0,1
purchase_inquiry_075,"Hey, Is security alarm system me mobile alert notification push aate hain?!",purchase_inquiry,"Hey, Is security alarm system me mobile alert notification push aate hain?!",,0,1
purchase_inquiry_075,Bhai Is security alarm system me mobile alert notification push aate hain? jaldi batao,purchase_inquiry,Bhai Is security alarm system me mobile alert notification push aate hain? jaldi batao,,0,1
purchase_inquiry_075,Sir Is security alarm system me mobile alert notification push aate hain? kindly confirm,purchase_inquiry,Sir Is security alarm system me mobile alert notification push aate hain? kindly confirm,,0,1
purchase_inquiry_075,Sunna Is security alarm system me mobile alert notification push aate hain?...,purchase_inquiry,Sunna Is security alarm system me mobile alert notification push aate hain?.,,1,1
purchase_inquiry_075,Dekho Is security alarm system me mobile alert notification push aate hain? actually,purchase_inquiry,Dekho Is security alarm system me mobile alert notification push aate hain? actually,,0,1
purchase_inquiry_075,"Hello team, Is security alarm system me mobile alert notification push aate hain?",purchase_inquiry,"Hello team, Is security alarm system me mobile alert notification push aate hain?",,0,1
purchase_inquiry_076,Kya car leather seat covers breathable fabric me available hain?,purchase_inquiry,Kya car leather seat covers breathable fabric me available hain?,,0,1
purchase_inquiry_076,Arre Kya car leather seat covers breathable fabric me available hain? please,purchase_inquiry,Arre Kya car leather seat covers breathable fabric me available hain? please,,0,1
purchase_inquiry_076,"Hey, Kya car leather seat covers breathable fabric me available hain?!",purchase_inquiry,"Hey, Kya car leather seat covers breathable fabric me available hain?!",,0,1
purchase_inquiry_076,Bhai Kya car leather seat covers breathable fabric me available hain? jaldi batao,purchase_inquiry,Bhai Kya car leather seat covers breathable fabric me available hain? jaldi batao,,0,1
purchase_inquiry_076,Sir Kya car leather seat covers breathable fabric me available hain? kindly confirm,purchase_inquiry,Sir Kya car leather seat covers breathable fabric me available hain? kindly confirm,,0,1
purchase_inquiry_076,Sunna Kya car leather seat covers breathable fabric me available hain?...,purchase_inquiry,Sunna Kya car leather seat covers breathable fabric me available hain?.,,1,1
purchase_inquiry_076,Dekho Kya car leather seat covers breathable fabric me available hain? actually,purchase_inquiry,Dekho Kya car leather seat covers breathable fabric me available hain? actually,,0,1
purchase_inquiry_076,"Hello team, Kya car leather seat covers breathable fabric me available hain?",purchase_inquiry,"Hello team, Kya car leather seat covers breathable fabric me available hain?",,0,1
purchase_inquiry_078,Kya catering menu me vegan options add kiye ja sakte hain party ke liye?,purchase_inquiry,Kya catering menu me vegan options add kiye ja sakte hain party ke liye?,,0,1
purchase_inquiry_078,Arre Kya catering menu me vegan options add kiye ja sakte hain party ke liye? please,purchase_inquiry,Arre Kya catering menu me vegan options add kiye ja sakte hain party ke liye? please,,0,1
purchase_inquiry_078,"Hey, Kya catering menu me vegan options add kiye ja sakte hain party ke liye?!",purchase_inquiry,"Hey, Kya catering menu me vegan options add kiye ja sakte hain party ke liye?!",,0,1
purchase_inquiry_078,Bhai Kya catering menu me vegan options add kiye ja sakte hain party ke liye? jaldi batao,purchase_inquiry,Bhai Kya catering menu me vegan options add kiye ja sakte hain party ke liye? jaldi batao,,0,1
purchase_inquiry_078,Sir Kya catering menu me vegan options add kiye ja sakte hain party ke liye? kindly confirm,purchase_inquiry,Sir Kya catering menu me vegan options add kiye ja sakte hain party ke liye? kindly confirm,,0,1
purchase_inquiry_078,Sunna Kya catering menu me vegan options add kiye ja sakte hain party ke liye?...,purchase_inquiry,Sunna Kya catering menu me vegan options add kiye ja sakte hain party ke liye?.,,1,1
purchase_inquiry_078,Dekho Kya catering menu me vegan options add kiye ja sakte hain party ke liye? actually,purchase_inquiry,Dekho Kya catering menu me vegan options add kiye ja sakte hain party ke liye? actually,,0,1
purchase_inquiry_078,"Hello team, Kya catering menu me vegan options add kiye ja sakte hain party ke liye?",purchase_inquiry,"Hello team, Kya catering menu me vegan options add kiye ja sakte hain party ke liye?",,0,1
purchase_inquiry_079,Is inverter backup me double battery connection lag sakta hai?,purchase_inquiry,Is inverter backup me double battery connection lag sakta hai?,,0,1
purchase_inquiry_079,Arre Is inverter backup me double battery connection lag sakta hai? please,purchase_inquiry,Arre Is inverter backup me double battery connection lag sakta hai? please,,0,1
purchase_inquiry_079,"Hey, Is inverter backup me double battery connection lag sakta hai?!",purchase_inquiry,"Hey, Is inverter backup me double battery connection lag sakta hai?!",,0,1
purchase_inquiry_079,Bhai Is inverter backup me double battery connection lag sakta hai? jaldi batao,purchase_inquiry,Bhai Is inverter backup me double battery connection lag sakta hai? jaldi batao,,0,1
purchase_inquiry_079,Sir Is inverter backup me double battery connection lag sakta hai? kindly confirm,purchase_inquiry,Sir Is inverter backup me double battery connection lag sakta hai? kindly confirm,,0,1
purchase_inquiry_079,Sunna Is inverter backup me double battery connection lag sakta hai?...,purchase_inquiry,Sunna Is inverter backup me double battery connection lag sakta hai?.,,1,1
purchase_inquiry_079,Dekho Is inverter backup me double battery connection lag sakta hai? actually,purchase_inquiry,Dekho Is inverter backup me double battery connection lag sakta hai? actually,,0,1
purchase_inquiry_079,"Hello team, Is inverter backup me double battery connection lag sakta hai?",purchase_inquiry,"Hello team, Is inverter backup me double battery connection lag sakta hai?",,0,1
purchase_inquiry_080,Kya physiotherapy doctor home visit session provide karte hain?,purchase_inquiry,Kya physiotherapy doctor home visit session provide karte hain?,,0,1
purchase_inquiry_080,Arre Kya physiotherapy doctor home visit session provide karte hain? please,purchase_inquiry,Arre Kya physiotherapy doctor home visit session provide karte hain? please,,0,1
purchase_inquiry_080,"Hey, Kya physiotherapy doctor home visit session provide karte hain?!",purchase_inquiry,"Hey, Kya physiotherapy doctor home visit session provide karte hain?!",,0,1
purchase_inquiry_080,Bhai Kya physiotherapy doctor home visit session provide karte hain? jaldi batao,purchase_inquiry,Bhai Kya physiotherapy doctor home visit session provide karte hain? jaldi batao,,0,1
purchase_inquiry_080,Sir Kya physiotherapy doctor home visit session provide karte hain? kindly confirm,purchase_inquiry,Sir Kya physiotherapy doctor home visit session provide karte hain? kindly confirm,,0,1
purchase_inquiry_080,Sunna Kya physiotherapy doctor home visit session provide karte hain?...,purchase_inquiry,Sunna Kya physiotherapy doctor home visit session provide karte hain?.,,1,1
purchase_inquiry_080,Dekho Kya physiotherapy doctor home visit session provide karte hain? actually,purchase_inquiry,Dekho Kya physiotherapy doctor home visit session provide karte hain? actually,,0,1
purchase_inquiry_080,"Hello team, Kya physiotherapy doctor home visit session provide karte hain?",purchase_inquiry,"Hello team, Kya physiotherapy doctor home visit session provide karte hain?",,0,1
purchase_inquiry_081,Is smart refrigerator me door cooling technology present hai?,purchase_inquiry,Is smart refrigerator me door cooling technology present hai?,,0,1
purchase_inquiry_081,Arre Is smart refrigerator me door cooling technology present hai? please,purchase_inquiry,Arre Is smart refrigerator me door cooling technology present hai? please,,0,1
purchase_inquiry_081,"Hey, Is smart refrigerator me door cooling technology present hai?!",purchase_inquiry,"Hey, Is smart refrigerator me door cooling technology present hai?!",,0,1
purchase_inquiry_081,Bhai Is smart refrigerator me door cooling technology present hai? jaldi batao,purchase_inquiry,Bhai Is smart refrigerator me door cooling technology present hai? jaldi batao,,0,1
purchase_inquiry_081,Sir Is smart refrigerator me door cooling technology present hai? kindly confirm,purchase_inquiry,Sir Is smart refrigerator me door cooling technology present hai? kindly confirm,,0,1
purchase_inquiry_081,Sunna Is smart refrigerator me door cooling technology present hai?...,purchase_inquiry,Sunna Is smart refrigerator me door cooling technology present hai?.,,1,1
purchase_inquiry_081,Dekho Is smart refrigerator me door cooling technology present hai? actually,purchase_inquiry,Dekho Is smart refrigerator me door cooling technology present hai? actually,,0,1
purchase_inquiry_081,"Hello team, Is smart refrigerator me door cooling technology present hai?",purchase_inquiry,"Hello team, Is smart refrigerator me door cooling technology present hai?",,0,1
purchase_inquiry_083,Is sunglasses me polarized UV400 protection coating lagi hai?,purchase_inquiry,Is sunglasses me polarized UV400 protection coating lagi hai?,,0,1
purchase_inquiry_083,Arre Is sunglasses me polarized UV400 protection coating lagi hai? please,purchase_inquiry,Arre Is sunglasses me polarized UV400 protection coating lagi hai? please,,0,1
purchase_inquiry_083,"Hey, Is sunglasses me polarized UV400 protection coating lagi hai?!",purchase_inquiry,"Hey, Is sunglasses me polarized UV400 protection coating lagi hai?!",,0,1
purchase_inquiry_083,Bhai Is sunglasses me polarized UV400 protection coating lagi hai? jaldi batao,purchase_inquiry,Bhai Is sunglasses me polarized UV400 protection coating lagi hai? jaldi batao,,0,1
purchase_inquiry_083,Sir Is sunglasses me polarized UV400 protection coating lagi hai? kindly confirm,purchase_inquiry,Sir Is sunglasses me polarized UV400 protection coating lagi hai? kindly confirm,,0,1
purchase_inquiry_083,Sunna Is sunglasses me polarized UV400 protection coating lagi hai?...,purchase_inquiry,Sunna Is sunglasses me polarized UV400 protection coating lagi hai?.,,1,1
purchase_inquiry_083,Dekho Is sunglasses me polarized UV400 protection coating lagi hai? actually,purchase_inquiry,Dekho Is sunglasses me polarized UV400 protection coating lagi hai? actually,,0,1
purchase_inquiry_083,"Hello team, Is sunglasses me polarized UV400 protection coating lagi hai?",purchase_inquiry,"Hello team, Is sunglasses me polarized UV400 protection coating lagi hai?",,0,1
purchase_inquiry_084,Kya photography workshop me camera rental included hota hai?,purchase_inquiry,Kya photography workshop me camera rental included hota hai?,,0,1
purchase_inquiry_084,Arre Kya photography workshop me camera rental included hota hai? please,purchase_inquiry,Arre Kya photography workshop me camera rental included hota hai? please,,0,1
purchase_inquiry_084,"Hey, Kya photography workshop me camera rental included hota hai?!",purchase_inquiry,"Hey, Kya photography workshop me camera rental included hota hai?!",,0,1
purchase_inquiry_084,Bhai Kya photography workshop me camera rental included hota hai? jaldi batao,purchase_inquiry,Bhai Kya photography workshop me camera rental included hota hai? jaldi batao,,0,1
purchase_inquiry_084,Sir Kya photography workshop me camera rental included hota hai? kindly confirm,purchase_inquiry,Sir Kya photography workshop me camera rental included hota hai? kindly confirm,,0,1
purchase_inquiry_084,Sunna Kya photography workshop me camera rental included hota hai?...,purchase_inquiry,Sunna Kya photography workshop me camera rental included hota hai?.,,1,1
purchase_inquiry_084,Dekho Kya photography workshop me camera rental included hota hai? actually,purchase_inquiry,Dekho Kya photography workshop me camera rental included hota hai? actually,,0,1
purchase_inquiry_084,"Hello team, Kya photography workshop me camera rental included hota hai?",purchase_inquiry,"Hello team, Kya photography workshop me camera rental included hota hai?",,0,1
purchase_inquiry_087,Is pressure washer ka water pressure bar kitna produce hota hai?,purchase_inquiry,Is pressure washer ka water pressure bar kitna produce hota hai?,,0,1
purchase_inquiry_087,Arre Is pressure washer ka water pressure bar kitna produce hota hai? please,purchase_inquiry,Arre Is pressure washer ka water pressure bar kitna produce hota hai? please,,0,1
purchase_inquiry_087,"Hey, Is pressure washer ka water pressure bar kitna produce hota hai?!",purchase_inquiry,"Hey, Is pressure washer ka water pressure bar kitna produce hota hai?!",,0,1
purchase_inquiry_087,Bhai Is pressure washer ka water pressure bar kitna produce hota hai? jaldi batao,purchase_inquiry,Bhai Is pressure washer ka water pressure bar kitna produce hota hai? jaldi batao,,0,1
purchase_inquiry_087,Sir Is pressure washer ka water pressure bar kitna produce hota hai? kindly confirm,purchase_inquiry,Sir Is pressure washer ka water pressure bar kitna produce hota hai? kindly confirm,,0,1
purchase_inquiry_087,Sunna Is pressure washer ka water pressure bar kitna produce hota hai?...,purchase_inquiry,Sunna Is pressure washer ka water pressure bar kitna produce hota hai?.,,1,1
purchase_inquiry_087,Dekho Is pressure washer ka water pressure bar kitna produce hota hai? actually,purchase_inquiry,Dekho Is pressure washer ka water pressure bar kitna produce hota hai? actually,,0,1
purchase_inquiry_087,"Hello team, Is pressure washer ka water pressure bar kitna produce hota hai?",purchase_inquiry,"Hello team, Is pressure washer ka water pressure bar kitna produce hota hai?",,0,1
purchase_inquiry_088,Kya acoustic guitar ke sath padded gig bag aur extra strings milti hain?,purchase_inquiry,Kya acoustic guitar ke sath padded gig bag aur extra strings milti hain?,,0,1
purchase_inquiry_088,Arre Kya acoustic guitar ke sath padded gig bag aur extra strings milti hain? please,purchase_inquiry,Arre Kya acoustic guitar ke sath padded gig bag aur extra strings milti hain? please,,0,1
purchase_inquiry_088,"Hey, Kya acoustic guitar ke sath padded gig bag aur extra strings milti hain?!",purchase_inquiry,"Hey, Kya acoustic guitar ke sath padded gig bag aur extra strings milti hain?!",,0,1
purchase_inquiry_088,Bhai Kya acoustic guitar ke sath padded gig bag aur extra strings milti hain? jaldi batao,purchase_inquiry,Bhai Kya acoustic guitar ke sath padded gig bag aur extra strings milti hain? jaldi batao,,0,1
purchase_inquiry_088,Sir Kya acoustic guitar ke sath padded gig bag aur extra strings milti hain? kindly confirm,purchase_inquiry,Sir Kya acoustic guitar ke sath padded gig bag aur extra strings milti hain? kindly confirm,,0,1
purchase_inquiry_088,Sunna Kya acoustic guitar ke sath padded gig bag aur extra strings milti hain?...,purchase_inquiry,Sunna Kya acoustic guitar ke sath padded gig bag aur extra strings milti hain?.,,1,1
purchase_inquiry_088,Dekho Kya acoustic guitar ke sath padded gig bag aur extra strings milti hain? actually,purchase_inquiry,Dekho Kya acoustic guitar ke sath padded gig bag aur extra strings milti hain? actually,,0,1
purchase_inquiry_088,"Hello team, Kya acoustic guitar ke sath padded gig bag aur extra strings milti hain?",purchase_inquiry,"Hello team, Kya acoustic guitar ke sath padded gig bag aur extra strings milti hain?",,0,1
purchase_inquiry_091,Is projector ki brightness kitne ANSI lumens standard hai?,purchase_inquiry,Is projector ki brightness kitne ANSI lumens standard hai?,,0,1
purchase_inquiry_091,Arre Is projector ki brightness kitne ANSI lumens standard hai? please,purchase_inquiry,Arre Is projector ki brightness kitne ANSI lumens standard hai? please,,0,1
purchase_inquiry_091,"Hey, Is projector ki brightness kitne ANSI lumens standard hai?!",purchase_inquiry,"Hey, Is projector ki brightness kitne ANSI lumens standard hai?!",,0,1
purchase_inquiry_091,Bhai Is projector ki brightness kitne ANSI lumens standard hai? jaldi batao,purchase_inquiry,Bhai Is projector ki brightness kitne ANSI lumens standard hai? jaldi batao,,0,1
purchase_inquiry_091,Sir Is projector ki brightness kitne ANSI lumens standard hai? kindly confirm,purchase_inquiry,Sir Is projector ki brightness kitne ANSI lumens standard hai? kindly confirm,,0,1
purchase_inquiry_091,Sunna Is projector ki brightness kitne ANSI lumens standard hai?...,purchase_inquiry,Sunna Is projector ki brightness kitne ANSI lumens standard hai?.,,1,1
purchase_inquiry_091,Dekho Is projector ki brightness kitne ANSI lumens standard hai? actually,purchase_inquiry,Dekho Is projector ki brightness kitne ANSI lumens standard hai? actually,,0,1
purchase_inquiry_091,"Hello team, Is projector ki brightness kitne ANSI lumens standard hai?",purchase_inquiry,"Hello team, Is projector ki brightness kitne ANSI lumens standard hai?",,0,1
purchase_inquiry_093,Is car dashcam me rear camera and GPS tracking logger shamil hai?,purchase_inquiry,Is car dashcam me rear camera and GPS tracking logger shamil hai?,,0,1
purchase_inquiry_093,Arre Is car dashcam me rear camera and GPS tracking logger shamil hai? please,purchase_inquiry,Arre Is car dashcam me rear camera and GPS tracking logger shamil hai? please,,0,1
purchase_inquiry_093,"Hey, Is car dashcam me rear camera and GPS tracking logger shamil hai?!",purchase_inquiry,"Hey, Is car dashcam me rear camera and GPS tracking logger shamil hai?!",,0,1
purchase_inquiry_093,Bhai Is car dashcam me rear camera and GPS tracking logger shamil hai? jaldi batao,purchase_inquiry,Bhai Is car dashcam me rear camera and GPS tracking logger shamil hai? jaldi batao,,0,1
purchase_inquiry_093,Sir Is car dashcam me rear camera and GPS tracking logger shamil hai? kindly confirm,purchase_inquiry,Sir Is car dashcam me rear camera and GPS tracking logger shamil hai? kindly confirm,,0,1
purchase_inquiry_093,Sunna Is car dashcam me rear camera and GPS tracking logger shamil hai?...,purchase_inquiry,Sunna Is car dashcam me rear camera and GPS tracking logger shamil hai?.,,1,1
purchase_inquiry_093,Dekho Is car dashcam me rear camera and GPS tracking logger shamil hai? actually,purchase_inquiry,Dekho Is car dashcam me rear camera and GPS tracking logger shamil hai? actually,,0,1
purchase_inquiry_093,"Hello team, Is car dashcam me rear camera and GPS tracking logger shamil hai?",purchase_inquiry,"Hello team, Is car dashcam me rear camera and GPS tracking logger shamil hai?",,0,1
purchase_inquiry_094,Kya dry fruit gift hampers me custom message card print ho sakta hai?,purchase_inquiry,Kya dry fruit gift hampers me custom message card print ho sakta hai?,,0,1
purchase_inquiry_094,Arre Kya dry fruit gift hampers me custom message card print ho sakta hai? please,purchase_inquiry,Arre Kya dry fruit gift hampers me custom message card print ho sakta hai? please,,0,1
purchase_inquiry_094,"Hey, Kya dry fruit gift hampers me custom message card print ho sakta hai?!",purchase_inquiry,"Hey, Kya dry fruit gift hampers me custom message card print ho sakta hai?!",,0,1
purchase_inquiry_094,Bhai Kya dry fruit gift hampers me custom message card print ho sakta hai? jaldi batao,purchase_inquiry,Bhai Kya dry fruit gift hampers me custom message card print ho sakta hai? jaldi batao,,0,1
purchase_inquiry_094,Sir Kya dry fruit gift hampers me custom message card print ho sakta hai? kindly confirm,purchase_inquiry,Sir Kya dry fruit gift hampers me custom message card print ho sakta hai? kindly confirm,,0,1
purchase_inquiry_094,Sunna Kya dry fruit gift hampers me custom message card print ho sakta hai?...,purchase_inquiry,Sunna Kya dry fruit gift hampers me custom message card print ho sakta hai?.,,1,1
purchase_inquiry_094,Dekho Kya dry fruit gift hampers me custom message card print ho sakta hai? actually,purchase_inquiry,Dekho Kya dry fruit gift hampers me custom message card print ho sakta hai? actually,,0,1
purchase_inquiry_094,"Hello team, Kya dry fruit gift hampers me custom message card print ho sakta hai?",purchase_inquiry,"Hello team, Kya dry fruit gift hampers me custom message card print ho sakta hai?",,0,1
purchase_inquiry_095,Is mechanical keyboard me hot-swappable switches lage hain?,purchase_inquiry,Is mechanical keyboard me hot-swappable switches lage hain?,,0,1
purchase_inquiry_095,Arre Is mechanical keyboard me hot-swappable switches lage hain? please,purchase_inquiry,Arre Is mechanical keyboard me hot-swappable switches lage hain? please,,0,1
purchase_inquiry_095,"Hey, Is mechanical keyboard me hot-swappable switches lage hain?!",purchase_inquiry,"Hey, Is mechanical keyboard me hot-swappable switches lage hain?!",,0,1
purchase_inquiry_095,Bhai Is mechanical keyboard me hot-swappable switches lage hain? jaldi batao,purchase_inquiry,Bhai Is mechanical keyboard me hot-swappable switches lage hain? jaldi batao,,0,1
purchase_inquiry_095,Sir Is mechanical keyboard me hot-swappable switches lage hain? kindly confirm,purchase_inquiry,Sir Is mechanical keyboard me hot-swappable switches lage hain? kindly confirm,,0,1
purchase_inquiry_095,Sunna Is mechanical keyboard me hot-swappable switches lage hain?...,purchase_inquiry,Sunna Is mechanical keyboard me hot-swappable switches lage hain?.,,1,1
purchase_inquiry_095,Dekho Is mechanical keyboard me hot-swappable switches lage hain? actually,purchase_inquiry,Dekho Is mechanical keyboard me hot-swappable switches lage hain? actually,,0,1
purchase_inquiry_095,"Hello team, Is mechanical keyboard me hot-swappable switches lage hain?",purchase_inquiry,"Hello team, Is mechanical keyboard me hot-swappable switches lage hain?",,0,1
purchase_inquiry_097,Is tablet me stylus pen box ke andar bundle milta hai?,purchase_inquiry,Is tablet me stylus pen box ke andar bundle milta hai?,,0,1
purchase_inquiry_097,Arre Is tablet me stylus pen box ke andar bundle milta hai? please,purchase_inquiry,Arre Is tablet me stylus pen box ke andar bundle milta hai? please,,0,1
purchase_inquiry_097,"Hey, Is tablet me stylus pen box ke andar bundle milta hai?!",purchase_inquiry,"Hey, Is tablet me stylus pen box ke andar bundle milta hai?!",,0,1
purchase_inquiry_097,Bhai Is tablet me stylus pen box ke andar bundle milta hai? jaldi batao,purchase_inquiry,Bhai Is tablet me stylus pen box ke andar bundle milta hai? jaldi batao,,0,1
purchase_inquiry_097,Sir Is tablet me stylus pen box ke andar bundle milta hai? kindly confirm,purchase_inquiry,Sir Is tablet me stylus pen box ke andar bundle milta hai? kindly confirm,,0,1
purchase_inquiry_097,Sunna Is tablet me stylus pen box ke andar bundle milta hai?...,purchase_inquiry,Sunna Is tablet me stylus pen box ke andar bundle milta hai?.,,1,1
purchase_inquiry_097,Dekho Is tablet me stylus pen box ke andar bundle milta hai? actually,purchase_inquiry,Dekho Is tablet me stylus pen box ke andar bundle milta hai? actually,,0,1
purchase_inquiry_097,"Hello team, Is tablet me stylus pen box ke andar bundle milta hai?",purchase_inquiry,"Hello team, Is tablet me stylus pen box ke andar bundle milta hai?",,0,1
purchase_inquiry_098,Kya language learning app offline lessons download karne deta hai?,purchase_inquiry,Kya language learning app offline lessons download karne deta hai?,,0,1
purchase_inquiry_098,Arre Kya language learning app offline lessons download karne deta hai? please,purchase_inquiry,Arre Kya language learning app offline lessons download karne deta hai? please,,0,1
purchase_inquiry_098,"Hey, Kya language learning app offline lessons download karne deta hai?!",purchase_inquiry,"Hey, Kya language learning app offline lessons download karne deta hai?!",,0,1
purchase_inquiry_098,Bhai Kya language learning app offline lessons download karne deta hai? jaldi batao,purchase_inquiry,Bhai Kya language learning app offline lessons download karne deta hai? jaldi batao,,0,1
purchase_inquiry_098,Sir Kya language learning app offline lessons download karne deta hai? kindly confirm,purchase_inquiry,Sir Kya language learning app offline lessons download karne deta hai? kindly confirm,,0,1
purchase_inquiry_098,Sunna Kya language learning app offline lessons download karne deta hai?...,purchase_inquiry,Sunna Kya language learning app offline lessons download karne deta hai?.,,1,1
purchase_inquiry_098,Dekho Kya language learning app offline lessons download karne deta hai? actually,purchase_inquiry,Dekho Kya language learning app offline lessons download karne deta hai? actually,,0,1
purchase_inquiry_098,"Hello team, Kya language learning app offline lessons download karne deta hai?",purchase_inquiry,"Hello team, Kya language learning app offline lessons download karne deta hai?",,0,1
purchase_inquiry_099,Is luggage bag me TSA approved combination lock system hai?,purchase_inquiry,Is luggage bag me TSA approved combination lock system hai?,,0,1
purchase_inquiry_099,Arre Is luggage bag me TSA approved combination lock system hai? please,purchase_inquiry,Arre Is luggage bag me TSA approved combination lock system hai? please,,0,1
purchase_inquiry_099,"Hey, Is luggage bag me TSA approved combination lock system hai?!",purchase_inquiry,"Hey, Is luggage bag me TSA approved combination lock system hai?!",,0,1
purchase_inquiry_099,Bhai Is luggage bag me TSA approved combination lock system hai? jaldi batao,purchase_inquiry,Bhai Is luggage bag me TSA approved combination lock system hai? jaldi batao,,0,1
purchase_inquiry_099,Sir Is luggage bag me TSA approved combination lock system hai? kindly confirm,purchase_inquiry,Sir Is luggage bag me TSA approved combination lock system hai? kindly confirm,,0,1
purchase_inquiry_099,Sunna Is luggage bag me TSA approved combination lock system hai?...,purchase_inquiry,Sunna Is luggage bag me TSA approved combination lock system hai?.,,1,1
purchase_inquiry_099,Dekho Is luggage bag me TSA approved combination lock system hai? actually,purchase_inquiry,Dekho Is luggage bag me TSA approved combination lock system hai? actually,,0,1
purchase_inquiry_099,"Hello team, Is luggage bag me TSA approved combination lock system hai?",purchase_inquiry,"Hello team, Is luggage bag me TSA approved combination lock system hai?",,0,1
purchase_inquiry_100,Kya skin dermatologist consultation video call pe arrange ho sakti hai?,purchase_inquiry,Kya skin dermatologist consultation video call pe arrange ho sakti hai?,,0,1
purchase_inquiry_100,Arre Kya skin dermatologist consultation video call pe arrange ho sakti hai? please,purchase_inquiry,Arre Kya skin dermatologist consultation video call pe arrange ho sakti hai? please,,0,1
purchase_inquiry_100,"Hey, Kya skin dermatologist consultation video call pe arrange ho sakti hai?!",purchase_inquiry,"Hey, Kya skin dermatologist consultation video call pe arrange ho sakti hai?!",,0,1
purchase_inquiry_100,Bhai Kya skin dermatologist consultation video call pe arrange ho sakti hai? jaldi batao,purchase_inquiry,Bhai Kya skin dermatologist consultation video call pe arrange ho sakti hai? jaldi batao,,0,1
purchase_inquiry_100,Sir Kya skin dermatologist consultation video call pe arrange ho sakti hai? kindly confirm,purchase_inquiry,Sir Kya skin dermatologist consultation video call pe arrange ho sakti hai? kindly confirm,,0,1
purchase_inquiry_100,Sunna Kya skin dermatologist consultation video call pe arrange ho sakti hai?...,purchase_inquiry,Sunna Kya skin dermatologist consultation video call pe arrange ho sakti hai?.,,1,1
purchase_inquiry_100,Dekho Kya skin dermatologist consultation video call pe arrange ho sakti hai? actually,purchase_inquiry,Dekho Kya skin dermatologist consultation video call pe arrange ho sakti hai? actually,,0,1
purchase_inquiry_100,"Hello team, Kya skin dermatologist consultation video call pe arrange ho sakti hai?",purchase_inquiry,"Hello team, Kya skin dermatologist consultation video call pe arrange ho sakti hai?",,0,1
purchase_inquiry_103,Is telescope me smartphone mount adapter included hai astro photography ke liye?,purchase_inquiry,Is telescope me smartphone mount adapter included hai astro photography ke liye?,,0,1
purchase_inquiry_103,Arre Is telescope me smartphone mount adapter included hai astro photography ke liye? please,purchase_inquiry,Arre Is telescope me smartphone mount adapter included hai astro photography ke liye? please,,0,1
purchase_inquiry_103,"Hey, Is telescope me smartphone mount adapter included hai astro photography ke liye?!",purchase_inquiry,"Hey, Is telescope me smartphone mount adapter included hai astro photography ke liye?!",,0,1
purchase_inquiry_103,Bhai Is telescope me smartphone mount adapter included hai astro photography ke liye? jaldi batao,purchase_inquiry,Bhai Is telescope me smartphone mount adapter included hai astro photography ke liye? jaldi batao,,0,1
purchase_inquiry_103,Sir Is telescope me smartphone mount adapter included hai astro photography ke liye? kindly confirm,purchase_inquiry,Sir Is telescope me smartphone mount adapter included hai astro photography ke liye? kindly confirm,,0,1
purchase_inquiry_103,Sunna Is telescope me smartphone mount adapter included hai astro photography ke liye?...,purchase_inquiry,Sunna Is telescope me smartphone mount adapter included hai astro photography ke liye?.,,1,1
purchase_inquiry_103,Dekho Is telescope me smartphone mount adapter included hai astro photography ke liye? actually,purchase_inquiry,Dekho Is telescope me smartphone mount adapter included hai astro photography ke liye? actually,,0,1
purchase_inquiry_103,"Hello team, Is telescope me smartphone mount adapter included hai astro photography ke liye?",purchase_inquiry,"Hello team, Is telescope me smartphone mount adapter included hai astro photography ke liye?",,0,1
purchase_inquiry_104,Kya home interior package me 3D visualization design free dete ho?,purchase_inquiry,Kya home interior package me 3D visualization design free dete ho?,,0,1
purchase_inquiry_104,Arre Kya home interior package me 3D visualization design free dete ho? please,purchase_inquiry,Arre Kya home interior package me 3D visualization design free dete ho? please,,0,1
purchase_inquiry_104,"Hey, Kya home interior package me 3D visualization design free dete ho?!",purchase_inquiry,"Hey, Kya home interior package me 3D visualization design free dete ho?!",,0,1
purchase_inquiry_104,Bhai Kya home interior package me 3D visualization design free dete ho? jaldi batao,purchase_inquiry,Bhai Kya home interior package me 3D visualization design free dete ho? jaldi batao,,0,1
purchase_inquiry_104,Sir Kya home interior package me 3D visualization design free dete ho? kindly confirm,purchase_inquiry,Sir Kya home interior package me 3D visualization design free dete ho? kindly confirm,,0,1
purchase_inquiry_104,Sunna Kya home interior package me 3D visualization design free dete ho?...,purchase_inquiry,Sunna Kya home interior package me 3D visualization design free dete ho?.,,1,1
purchase_inquiry_104,Dekho Kya home interior package me 3D visualization design free dete ho? actually,purchase_inquiry,Dekho Kya home interior package me 3D visualization design free dete ho? actually,,0,1
purchase_inquiry_104,"Hello team, Kya home interior package me 3D visualization design free dete ho?",purchase_inquiry,"Hello team, Kya home interior package me 3D visualization design free dete ho?",,0,1
purchase_inquiry_105,Is camping tent me waterproof rainfly cover sath aata hai?,purchase_inquiry,Is camping tent me waterproof rainfly cover sath aata hai?,,0,1
purchase_inquiry_105,Arre Is camping tent me waterproof rainfly cover sath aata hai? please,purchase_inquiry,Arre Is camping tent me waterproof rainfly cover sath aata hai? please,,0,1
purchase_inquiry_105,"Hey, Is camping tent me waterproof rainfly cover sath aata hai?!",purchase_inquiry,"Hey, Is camping tent me waterproof rainfly cover sath aata hai?!",,0,1
purchase_inquiry_105,Bhai Is camping tent me waterproof rainfly cover sath aata hai? jaldi batao,purchase_inquiry,Bhai Is camping tent me waterproof rainfly cover sath aata hai? jaldi batao,,0,1
purchase_inquiry_105,Sir Is camping tent me waterproof rainfly cover sath aata hai? kindly confirm,purchase_inquiry,Sir Is camping tent me waterproof rainfly cover sath aata hai? kindly confirm,,0,1
purchase_inquiry_105,Sunna Is camping tent me waterproof rainfly cover sath aata hai?...,purchase_inquiry,Sunna Is camping tent me waterproof rainfly cover sath aata hai?.,,1,1
purchase_inquiry_105,Dekho Is camping tent me waterproof rainfly cover sath aata hai? actually,purchase_inquiry,Dekho Is camping tent me waterproof rainfly cover sath aata hai? actually,,0,1
purchase_inquiry_105,"Hello team, Is camping tent me waterproof rainfly cover sath aata hai?",purchase_inquiry,"Hello team, Is camping tent me waterproof rainfly cover sath aata hai?",,0,1
purchase_inquiry_106,Kya bakery custom theme cakes deliver karti hai same day?,purchase_inquiry,Kya bakery custom theme cakes deliver karti hai same day?,,0,1
purchase_inquiry_106,Arre Kya bakery custom theme cakes deliver karti hai same day? please,purchase_inquiry,Arre Kya bakery custom theme cakes deliver karti hai same day? please,,0,1
purchase_inquiry_106,"Hey, Kya bakery custom theme cakes deliver karti hai same day?!",purchase_inquiry,"Hey, Kya bakery custom theme cakes deliver karti hai same day?!",,0,1
purchase_inquiry_106,Bhai Kya bakery custom theme cakes deliver karti hai same day? jaldi batao,purchase_inquiry,Bhai Kya bakery custom theme cakes deliver karti hai same day? jaldi batao,,0,1
purchase_inquiry_106,Sir Kya bakery custom theme cakes deliver karti hai same day? kindly confirm,purchase_inquiry,Sir Kya bakery custom theme cakes deliver karti hai same day? kindly confirm,,0,1
purchase_inquiry_106,Sunna Kya bakery custom theme cakes deliver karti hai same day?...,purchase_inquiry,Sunna Kya bakery custom theme cakes deliver karti hai same day?.,,1,1
purchase_inquiry_106,Dekho Kya bakery custom theme cakes deliver karti hai same day? actually,purchase_inquiry,Dekho Kya bakery custom theme cakes deliver karti hai same day? actually,,0,1
purchase_inquiry_106,"Hello team, Kya bakery custom theme cakes deliver karti hai same day?",purchase_inquiry,"Hello team, Kya bakery custom theme cakes deliver karti hai same day?",,0,1
purchase_inquiry_107,Is tripod stand ki maximum height kitne feet tak extend hoti hai?,purchase_inquiry,Is tripod stand ki maximum height kitne feet tak extend hoti hai?,,0,1
purchase_inquiry_107,Arre Is tripod stand ki maximum height kitne feet tak extend hoti hai? please,purchase_inquiry,Arre Is tripod stand ki maximum height kitne feet tak extend hoti hai? please,,0,1
purchase_inquiry_107,"Hey, Is tripod stand ki maximum height kitne feet tak extend hoti hai?!",purchase_inquiry,"Hey, Is tripod stand ki maximum height kitne feet tak extend hoti hai?!",,0,1
purchase_inquiry_107,Bhai Is tripod stand ki maximum height kitne feet tak extend hoti hai? jaldi batao,purchase_inquiry,Bhai Is tripod stand ki maximum height kitne feet tak extend hoti hai? jaldi batao,,0,1
purchase_inquiry_107,Sir Is tripod stand ki maximum height kitne feet tak extend hoti hai? kindly confirm,purchase_inquiry,Sir Is tripod stand ki maximum height kitne feet tak extend hoti hai? kindly confirm,,0,1
purchase_inquiry_107,Sunna Is tripod stand ki maximum height kitne feet tak extend hoti hai?...,purchase_inquiry,Sunna Is tripod stand ki maximum height kitne feet tak extend hoti hai?.,,1,1
purchase_inquiry_107,Dekho Is tripod stand ki maximum height kitne feet tak extend hoti hai? actually,purchase_inquiry,Dekho Is tripod stand ki maximum height kitne feet tak extend hoti hai? actually,,0,1
purchase_inquiry_107,"Hello team, Is tripod stand ki maximum height kitne feet tak extend hoti hai?",purchase_inquiry,"Hello team, Is tripod stand ki maximum height kitne feet tak extend hoti hai?",,0,1
purchase_inquiry_108,Kya driving school doorstep pick and drop facility offer karta hai?,purchase_inquiry,Kya driving school doorstep pick and drop facility offer karta hai?,,0,1
purchase_inquiry_108,Arre Kya driving school doorstep pick and drop facility offer karta hai? please,purchase_inquiry,Arre Kya driving school doorstep pick and drop facility offer karta hai? please,,0,1
purchase_inquiry_108,"Hey, Kya driving school doorstep pick and drop facility offer karta hai?!",purchase_inquiry,"Hey, Kya driving school doorstep pick and drop facility offer karta hai?!",,0,1
purchase_inquiry_108,Bhai Kya driving school doorstep pick and drop facility offer karta hai? jaldi batao,purchase_inquiry,Bhai Kya driving school doorstep pick and drop facility offer karta hai? jaldi batao,,0,1
purchase_inquiry_108,Sir Kya driving school doorstep pick and drop facility offer karta hai? kindly confirm,purchase_inquiry,Sir Kya driving school doorstep pick and drop facility offer karta hai? kindly confirm,,0,1
purchase_inquiry_108,Sunna Kya driving school doorstep pick and drop facility offer karta hai?...,purchase_inquiry,Sunna Kya driving school doorstep pick and drop facility offer karta hai?.,,1,1
purchase_inquiry_108,Dekho Kya driving school doorstep pick and drop facility offer karta hai? actually,purchase_inquiry,Dekho Kya driving school doorstep pick and drop facility offer karta hai? actually,,0,1
purchase_inquiry_108,"Hello team, Kya driving school doorstep pick and drop facility offer karta hai?",purchase_inquiry,"Hello team, Kya driving school doorstep pick and drop facility offer karta hai?",,0,1
purchase_inquiry_110,Kya pet grooming van home parking me aake service deliver karti hai?,purchase_inquiry,Kya pet grooming van home parking me aake service deliver karti hai?,,0,1
purchase_inquiry_110,Arre Kya pet grooming van home parking me aake service deliver karti hai? please,purchase_inquiry,Arre Kya pet grooming van home parking me aake service deliver karti hai? please,,0,1
purchase_inquiry_110,"Hey, Kya pet grooming van home parking me aake service deliver karti hai?!",purchase_inquiry,"Hey, Kya pet grooming van home parking me aake service deliver karti hai?!",,0,1
purchase_inquiry_110,Bhai Kya pet grooming van home parking me aake service deliver karti hai? jaldi batao,purchase_inquiry,Bhai Kya pet grooming van home parking me aake service deliver karti hai? jaldi batao,,0,1
purchase_inquiry_110,Sir Kya pet grooming van home parking me aake service deliver karti hai? kindly confirm,purchase_inquiry,Sir Kya pet grooming van home parking me aake service deliver karti hai? kindly confirm,,0,1
purchase_inquiry_110,Sunna Kya pet grooming van home parking me aake service deliver karti hai?...,purchase_inquiry,Sunna Kya pet grooming van home parking me aake service deliver karti hai?.,,1,1
purchase_inquiry_110,Dekho Kya pet grooming van home parking me aake service deliver karti hai? actually,purchase_inquiry,Dekho Kya pet grooming van home parking me aake service deliver karti hai? actually,,0,1
purchase_inquiry_110,"Hello team, Kya pet grooming van home parking me aake service deliver karti hai?",purchase_inquiry,"Hello team, Kya pet grooming van home parking me aake service deliver karti hai?",,0,1
purchase_inquiry_111,Is air fryer me baking aur dehydrate program preset shamil hain?,purchase_inquiry,Is air fryer me baking aur dehydrate program preset shamil hain?,,0,1
purchase_inquiry_111,Arre Is air fryer me baking aur dehydrate program preset shamil hain? please,purchase_inquiry,Arre Is air fryer me baking aur dehydrate program preset shamil hain? please,,0,1
purchase_inquiry_111,"Hey, Is air fryer me baking aur dehydrate program preset shamil hain?!",purchase_inquiry,"Hey, Is air fryer me baking aur dehydrate program preset shamil hain?!",,0,1
purchase_inquiry_111,Bhai Is air fryer me baking aur dehydrate program preset shamil hain? jaldi batao,purchase_inquiry,Bhai Is air fryer me baking aur dehydrate program preset shamil hain? jaldi batao,,0,1
purchase_inquiry_111,Sir Is air fryer me baking aur dehydrate program preset shamil hain? kindly confirm,purchase_inquiry,Sir Is air fryer me baking aur dehydrate program preset shamil hain? kindly confirm,,0,1
purchase_inquiry_111,Sunna Is air fryer me baking aur dehydrate program preset shamil hain?...,purchase_inquiry,Sunna Is air fryer me baking aur dehydrate program preset shamil hain?.,,1,1
purchase_inquiry_111,Dekho Is air fryer me baking aur dehydrate program preset shamil hain? actually,purchase_inquiry,Dekho Is air fryer me baking aur dehydrate program preset shamil hain? actually,,0,1
purchase_inquiry_111,"Hello team, Is air fryer me baking aur dehydrate program preset shamil hain?",purchase_inquiry,"Hello team, Is air fryer me baking aur dehydrate program preset shamil hain?",,0,1
purchase_inquiry_112,Kya cloud storage plan me multi-user sharing permission hoti hai?,purchase_inquiry,Kya cloud storage plan me multi-user sharing permission hoti hai?,,0,1
purchase_inquiry_112,Arre Kya cloud storage plan me multi-user sharing permission hoti hai? please,purchase_inquiry,Arre Kya cloud storage plan me multi-user sharing permission hoti hai? please,,0,1
purchase_inquiry_112,"Hey, Kya cloud storage plan me multi-user sharing permission hoti hai?!",purchase_inquiry,"Hey, Kya cloud storage plan me multi-user sharing permission hoti hai?!",,0,1
purchase_inquiry_112,Bhai Kya cloud storage plan me multi-user sharing permission hoti hai? jaldi batao,purchase_inquiry,Bhai Kya cloud storage plan me multi-user sharing permission hoti hai? jaldi batao,,0,1
purchase_inquiry_112,Sir Kya cloud storage plan me multi-user sharing permission hoti hai? kindly confirm,purchase_inquiry,Sir Kya cloud storage plan me multi-user sharing permission hoti hai? kindly confirm,,0,1
purchase_inquiry_112,Sunna Kya cloud storage plan me multi-user sharing permission hoti hai?...,purchase_inquiry,Sunna Kya cloud storage plan me multi-user sharing permission hoti hai?.,,1,1
purchase_inquiry_112,Dekho Kya cloud storage plan me multi-user sharing permission hoti hai? actually,purchase_inquiry,Dekho Kya cloud storage plan me multi-user sharing permission hoti hai? actually,,0,1
purchase_inquiry_112,"Hello team, Kya cloud storage plan me multi-user sharing permission hoti hai?",purchase_inquiry,"Hello team, Kya cloud storage plan me multi-user sharing permission hoti hai?",,0,1
purchase_inquiry_113,Is hiking backpack me hydration bladder compartment designed hai?,purchase_inquiry,Is hiking backpack me hydration bladder compartment designed hai?,,0,1
purchase_inquiry_113,Arre Is hiking backpack me hydration bladder compartment designed hai? please,purchase_inquiry,Arre Is hiking backpack me hydration bladder compartment designed hai? please,,0,1
purchase_inquiry_113,"Hey, Is hiking backpack me hydration bladder compartment designed hai?!",purchase_inquiry,"Hey, Is hiking backpack me hydration bladder compartment designed hai?!",,0,1
purchase_inquiry_113,Bhai Is hiking backpack me hydration bladder compartment designed hai? jaldi batao,purchase_inquiry,Bhai Is hiking backpack me hydration bladder compartment designed hai? jaldi batao,,0,1
purchase_inquiry_113,Sir Is hiking backpack me hydration bladder compartment designed hai? kindly confirm,purchase_inquiry,Sir Is hiking backpack me hydration bladder compartment designed hai? kindly confirm,,0,1
purchase_inquiry_113,Sunna Is hiking backpack me hydration bladder compartment designed hai?...,purchase_inquiry,Sunna Is hiking backpack me hydration bladder compartment designed hai?.,,1,1
purchase_inquiry_113,Dekho Is hiking backpack me hydration bladder compartment designed hai? actually,purchase_inquiry,Dekho Is hiking backpack me hydration bladder compartment designed hai? actually,,0,1
purchase_inquiry_113,"Hello team, Is hiking backpack me hydration bladder compartment designed hai?",purchase_inquiry,"Hello team, Is hiking backpack me hydration bladder compartment designed hai?",,0,1
purchase_inquiry_116,Kya car driving simulator classes assist karti hain exam clear karne me?,purchase_inquiry,Kya car driving simulator classes assist karti hain exam clear karne me?,,0,1
purchase_inquiry_116,Arre Kya car driving simulator classes assist karti hain exam clear karne me? please,purchase_inquiry,Arre Kya car driving simulator classes assist karti hain exam clear karne me? please,,0,1
purchase_inquiry_116,"Hey, Kya car driving simulator classes assist karti hain exam clear karne me?!",purchase_inquiry,"Hey, Kya car driving simulator classes assist karti hain exam clear karne me?!",,0,1
purchase_inquiry_116,Bhai Kya car driving simulator classes assist karti hain exam clear karne me? jaldi batao,purchase_inquiry,Bhai Kya car driving simulator classes assist karti hain exam clear karne me? jaldi batao,,0,1
purchase_inquiry_116,Sir Kya car driving simulator classes assist karti hain exam clear karne me? kindly confirm,purchase_inquiry,Sir Kya car driving simulator classes assist karti hain exam clear karne me? kindly confirm,,0,1
purchase_inquiry_116,Sunna Kya car driving simulator classes assist karti hain exam clear karne me?...,purchase_inquiry,Sunna Kya car driving simulator classes assist karti hain exam clear karne me?.,,1,1
purchase_inquiry_116,Dekho Kya car driving simulator classes assist karti hain exam clear karne me? actually,purchase_inquiry,Dekho Kya car driving simulator classes assist karti hain exam clear karne me? actually,,0,1
purchase_inquiry_116,"Hello team, Kya car driving simulator classes assist karti hain exam clear karne me?",purchase_inquiry,"Hello team, Kya car driving simulator classes assist karti hain exam clear karne me?",,0,1
purchase_inquiry_118,Kya laundry service weight ke hisab se charge karti hai ya per piece?,purchase_inquiry,Kya laundry service weight ke hisab se charge karti hai ya per piece?,,0,1
purchase_inquiry_118,Arre Kya laundry service weight ke hisab se charge karti hai ya per piece? please,purchase_inquiry,Arre Kya laundry service weight ke hisab se charge karti hai ya per piece? please,,0,1
purchase_inquiry_118,"Hey, Kya laundry service weight ke hisab se charge karti hai ya per piece?!",purchase_inquiry,"Hey, Kya laundry service weight ke hisab se charge karti hai ya per piece?!",,0,1
purchase_inquiry_118,Bhai Kya laundry service weight ke hisab se charge karti hai ya per piece? jaldi batao,purchase_inquiry,Bhai Kya laundry service weight ke hisab se charge karti hai ya per piece? jaldi batao,,0,1
purchase_inquiry_118,Sir Kya laundry service weight ke hisab se charge karti hai ya per piece? kindly confirm,purchase_inquiry,Sir Kya laundry service weight ke hisab se charge karti hai ya per piece? kindly confirm,,0,1
purchase_inquiry_118,Sunna Kya laundry service weight ke hisab se charge karti hai ya per piece?...,purchase_inquiry,Sunna Kya laundry service weight ke hisab se charge karti hai ya per piece?.,,1,1
purchase_inquiry_118,Dekho Kya laundry service weight ke hisab se charge karti hai ya per piece? actually,purchase_inquiry,Dekho Kya laundry service weight ke hisab se charge karti hai ya per piece? actually,,0,1
purchase_inquiry_118,"Hello team, Kya laundry service weight ke hisab se charge karti hai ya per piece?",purchase_inquiry,"Hello team, Kya laundry service weight ke hisab se charge karti hai ya per piece?",,0,1
purchase_inquiry_119,Is yoga mat ki thickness kitne mm hai joint cushioning ke liye?,purchase_inquiry,Is yoga mat ki thickness kitne mm hai joint cushioning ke liye?,,0,1
purchase_inquiry_119,Arre Is yoga mat ki thickness kitne mm hai joint cushioning ke liye? please,purchase_inquiry,Arre Is yoga mat ki thickness kitne mm hai joint cushioning ke liye? please,,0,1
purchase_inquiry_119,"Hey, Is yoga mat ki thickness kitne mm hai joint cushioning ke liye?!",purchase_inquiry,"Hey, Is yoga mat ki thickness kitne mm hai joint cushioning ke liye?!",,0,1
purchase_inquiry_119,Bhai Is yoga mat ki thickness kitne mm hai joint cushioning ke liye? jaldi batao,purchase_inquiry,Bhai Is yoga mat ki thickness kitne mm hai joint cushioning ke liye? jaldi batao,,0,1
purchase_inquiry_119,Sir Is yoga mat ki thickness kitne mm hai joint cushioning ke liye? kindly confirm,purchase_inquiry,Sir Is yoga mat ki thickness kitne mm hai joint cushioning ke liye? kindly confirm,,0,1
purchase_inquiry_119,Sunna Is yoga mat ki thickness kitne mm hai joint cushioning ke liye?...,purchase_inquiry,Sunna Is yoga mat ki thickness kitne mm hai joint cushioning ke liye?.,,1,1
purchase_inquiry_119,Dekho Is yoga mat ki thickness kitne mm hai joint cushioning ke liye? actually,purchase_inquiry,Dekho Is yoga mat ki thickness kitne mm hai joint cushioning ke liye? actually,,0,1
purchase_inquiry_119,"Hello team, Is yoga mat ki thickness kitne mm hai joint cushioning ke liye?",purchase_inquiry,"Hello team, Is yoga mat ki thickness kitne mm hai joint cushioning ke liye?",,0,1
purchase_inquiry_120,Kya software development company source code handover karti hai final payment par?,purchase_inquiry,Kya software development company source code handover karti hai final payment par?,,0,1
purchase_inquiry_120,Arre Kya software development company source code handover karti hai final payment par? please,purchase_inquiry,Arre Kya software development company source code handover karti hai final payment par? please,,0,1
purchase_inquiry_120,"Hey, Kya software development company source code handover karti hai final payment par?!",purchase_inquiry,"Hey, Kya software development company source code handover karti hai final payment par?!",,0,1
purchase_inquiry_120,Bhai Kya software development company source code handover karti hai final payment par? jaldi batao,purchase_inquiry,Bhai Kya software development company source code handover karti hai final payment par? jaldi batao,,0,1
purchase_inquiry_120,Sir Kya software development company source code handover karti hai final payment par? kindly confirm,purchase_inquiry,Sir Kya software development company source code handover karti hai final payment par? kindly confirm,,0,1
purchase_inquiry_120,Sunna Kya software development company source code handover karti hai final payment par?...,purchase_inquiry,Sunna Kya software development company source code handover karti hai final payment par?.,,1,1
purchase_inquiry_120,Dekho Kya software development company source code handover karti hai final payment par? actually,purchase_inquiry,Dekho Kya software development company source code handover karti hai final payment par? actually,,0,1
purchase_inquiry_120,"Hello team, Kya software development company source code handover karti hai final payment par?",purchase_inquiry,"Hello team, Kya software development company source code handover karti hai final payment par?",,0,1
purchase_inquiry_121,Is baby car seat me ISOFIX installation mount support hai?,purchase_inquiry,Is baby car seat me ISOFIX installation mount support hai?,,0,1
purchase_inquiry_121,Arre Is baby car seat me ISOFIX installation mount support hai? please,purchase_inquiry,Arre Is baby car seat me ISOFIX installation mount support hai? please,,0,1
purchase_inquiry_121,"Hey, Is baby car seat me ISOFIX installation mount support hai?!",purchase_inquiry,"Hey, Is baby car seat me ISOFIX installation mount support hai?!",,0,1
purchase_inquiry_121,Bhai Is baby car seat me ISOFIX installation mount support hai? jaldi batao,purchase_inquiry,Bhai Is baby car seat me ISOFIX installation mount support hai? jaldi batao,,0,1
purchase_inquiry_121,Sir Is baby car seat me ISOFIX installation mount support hai? kindly confirm,purchase_inquiry,Sir Is baby car seat me ISOFIX installation mount support hai? kindly confirm,,0,1
purchase_inquiry_121,Sunna Is baby car seat me ISOFIX installation mount support hai?...,purchase_inquiry,Sunna Is baby car seat me ISOFIX installation mount support hai?.,,1,1
purchase_inquiry_121,Dekho Is baby car seat me ISOFIX installation mount support hai? actually,purchase_inquiry,Dekho Is baby car seat me ISOFIX installation mount support hai? actually,,0,1
purchase_inquiry_121,"Hello team, Is baby car seat me ISOFIX installation mount support hai?",purchase_inquiry,"Hello team, Is baby car seat me ISOFIX installation mount support hai?",,0,1
purchase_inquiry_123,Is ergonomic mouse me dual bluetooth and 2.4GHz dongle connectivity hai?,purchase_inquiry,Is ergonomic mouse me dual bluetooth and 2.4GHz dongle connectivity hai?,,0,1
purchase_inquiry_123,Arre Is ergonomic mouse me dual bluetooth and 2.4GHz dongle connectivity hai? please,purchase_inquiry,Arre Is ergonomic mouse me dual bluetooth and 2.4GHz dongle connectivity hai? please,,0,1
purchase_inquiry_123,"Hey, Is ergonomic mouse me dual bluetooth and 2.4GHz dongle connectivity hai?!",purchase_inquiry,"Hey, Is ergonomic mouse me dual bluetooth and 2.4GHz dongle connectivity hai?!",,0,1
purchase_inquiry_123,Bhai Is ergonomic mouse me dual bluetooth and 2.4GHz dongle connectivity hai? jaldi batao,purchase_inquiry,Bhai Is ergonomic mouse me dual bluetooth and 2.4GHz dongle connectivity hai? jaldi batao,,0,1
purchase_inquiry_123,Sir Is ergonomic mouse me dual bluetooth and 2.4GHz dongle connectivity hai? kindly confirm,purchase_inquiry,Sir Is ergonomic mouse me dual bluetooth and 2.4GHz dongle connectivity hai? kindly confirm,,0,1
purchase_inquiry_123,Sunna Is ergonomic mouse me dual bluetooth and 2.4GHz dongle connectivity hai?...,purchase_inquiry,Sunna Is ergonomic mouse me dual bluetooth and 2.4GHz dongle connectivity hai?.,,1,1
purchase_inquiry_123,Dekho Is ergonomic mouse me dual bluetooth and 2.4GHz dongle connectivity hai? actually,purchase_inquiry,Dekho Is ergonomic mouse me dual bluetooth and 2.4GHz dongle connectivity hai? actually,,0,1
purchase_inquiry_123,"Hello team, Is ergonomic mouse me dual bluetooth and 2.4GHz dongle connectivity hai?",purchase_inquiry,"Hello team, Is ergonomic mouse me dual bluetooth and 2.4GHz dongle connectivity hai?",,0,1
purchase_inquiry_126,Kya tailoring service measurement lene ke liye tailor ghar bhej sakti hai?,purchase_inquiry,Kya tailoring service measurement lene ke liye tailor ghar bhej sakti hai?,,0,1
purchase_inquiry_126,Arre Kya tailoring service measurement lene ke liye tailor ghar bhej sakti hai? please,purchase_inquiry,Arre Kya tailoring service measurement lene ke liye tailor ghar bhej sakti hai? please,,0,1
purchase_inquiry_126,"Hey, Kya tailoring service measurement lene ke liye tailor ghar bhej sakti hai?!",purchase_inquiry,"Hey, Kya tailoring service measurement lene ke liye tailor ghar bhej sakti hai?!",,0,1
purchase_inquiry_126,Bhai Kya tailoring service measurement lene ke liye tailor ghar bhej sakti hai? jaldi batao,purchase_inquiry,Bhai Kya tailoring service measurement lene ke liye tailor ghar bhej sakti hai? jaldi batao,,0,1
purchase_inquiry_126,Sir Kya tailoring service measurement lene ke liye tailor ghar bhej sakti hai? kindly confirm,purchase_inquiry,Sir Kya tailoring service measurement lene ke liye tailor ghar bhej sakti hai? kindly confirm,,0,1
purchase_inquiry_126,Sunna Kya tailoring service measurement lene ke liye tailor ghar bhej sakti hai?...,purchase_inquiry,Sunna Kya tailoring service measurement lene ke liye tailor ghar bhej sakti hai?.,,1,1
purchase_inquiry_126,Dekho Kya tailoring service measurement lene ke liye tailor ghar bhej sakti hai? actually,purchase_inquiry,Dekho Kya tailoring service measurement lene ke liye tailor ghar bhej sakti hai? actually,,0,1
purchase_inquiry_126,"Hello team, Kya tailoring service measurement lene ke liye tailor ghar bhej sakti hai?",purchase_inquiry,"Hello team, Kya tailoring service measurement lene ke liye tailor ghar bhej sakti hai?",,0,1
purchase_inquiry_127,Is studio microphone me cardioid pickup pattern switch hai?,purchase_inquiry,Is studio microphone me cardioid pickup pattern switch hai?,,0,1
purchase_inquiry_127,Arre Is studio microphone me cardioid pickup pattern switch hai? please,purchase_inquiry,Arre Is studio microphone me cardioid pickup pattern switch hai? please,,0,1
purchase_inquiry_127,"Hey, Is studio microphone me cardioid pickup pattern switch hai?!",purchase_inquiry,"Hey, Is studio microphone me cardioid pickup pattern switch hai?!",,0,1
purchase_inquiry_127,Bhai Is studio microphone me cardioid pickup pattern switch hai? jaldi batao,purchase_inquiry,Bhai Is studio microphone me cardioid pickup pattern switch hai? jaldi batao,,0,1
purchase_inquiry_127,Sir Is studio microphone me cardioid pickup pattern switch hai? kindly confirm,purchase_inquiry,Sir Is studio microphone me cardioid pickup pattern switch hai? kindly confirm,,0,1
purchase_inquiry_127,Sunna Is studio microphone me cardioid pickup pattern switch hai?...,purchase_inquiry,Sunna Is studio microphone me cardioid pickup pattern switch hai?.,,1,1
purchase_inquiry_127,Dekho Is studio microphone me cardioid pickup pattern switch hai? actually,purchase_inquiry,Dekho Is studio microphone me cardioid pickup pattern switch hai? actually,,0,1
purchase_inquiry_127,"Hello team, Is studio microphone me cardioid pickup pattern switch hai?",purchase_inquiry,"Hello team, Is studio microphone me cardioid pickup pattern switch hai?",,0,1
purchase_inquiry_128,Kya car detailing package me ceramic coating warranty milti hai?,purchase_inquiry,Kya car detailing package me ceramic coating warranty milti hai?,,0,1
purchase_inquiry_128,Arre Kya car detailing package me ceramic coating warranty milti hai? please,purchase_inquiry,Arre Kya car detailing package me ceramic coating warranty milti hai? please,,0,1
purchase_inquiry_128,"Hey, Kya car detailing package me ceramic coating warranty milti hai?!",purchase_inquiry,"Hey, Kya car detailing package me ceramic coating warranty milti hai?!",,0,1
purchase_inquiry_128,Bhai Kya car detailing package me ceramic coating warranty milti hai? jaldi batao,purchase_inquiry,Bhai Kya car detailing package me ceramic coating warranty milti hai? jaldi batao,,0,1
purchase_inquiry_128,Sir Kya car detailing package me ceramic coating warranty milti hai? kindly confirm,purchase_inquiry,Sir Kya car detailing package me ceramic coating warranty milti hai? kindly confirm,,0,1
purchase_inquiry_128,Sunna Kya car detailing package me ceramic coating warranty milti hai?...,purchase_inquiry,Sunna Kya car detailing package me ceramic coating warranty milti hai?.,,1,1
purchase_inquiry_128,Dekho Kya car detailing package me ceramic coating warranty milti hai? actually,purchase_inquiry,Dekho Kya car detailing package me ceramic coating warranty milti hai? actually,,0,1
purchase_inquiry_128,"Hello team, Kya car detailing package me ceramic coating warranty milti hai?",purchase_inquiry,"Hello team, Kya car detailing package me ceramic coating warranty milti hai?",,0,1
purchase_inquiry_129,Is standing desk me motorized height memory presets lage hue hain?,purchase_inquiry,Is standing desk me motorized height memory presets lage hue hain?,,0,1
purchase_inquiry_129,Arre Is standing desk me motorized height memory presets lage hue hain? please,purchase_inquiry,Arre Is standing desk me motorized height memory presets lage hue hain? please,,0,1
purchase_inquiry_129,"Hey, Is standing desk me motorized height memory presets lage hue hain?!",purchase_inquiry,"Hey, Is standing desk me motorized height memory presets lage hue hain?!",,0,1
purchase_inquiry_129,Bhai Is standing desk me motorized height memory presets lage hue hain? jaldi batao,purchase_inquiry,Bhai Is standing desk me motorized height memory presets lage hue hain? jaldi batao,,0,1
purchase_inquiry_129,Sir Is standing desk me motorized height memory presets lage hue hain? kindly confirm,purchase_inquiry,Sir Is standing desk me motorized height memory presets lage hue hain? kindly confirm,,0,1
purchase_inquiry_129,Sunna Is standing desk me motorized height memory presets lage hue hain?...,purchase_inquiry,Sunna Is standing desk me motorized height memory presets lage hue hain?.,,1,1
purchase_inquiry_129,Dekho Is standing desk me motorized height memory presets lage hue hain? actually,purchase_inquiry,Dekho Is standing desk me motorized height memory presets lage hue hain? actually,,0,1
purchase_inquiry_129,"Hello team, Is standing desk me motorized height memory presets lage hue hain?",purchase_inquiry,"Hello team, Is standing desk me motorized height memory presets lage hue hain?",,0,1
purchase_inquiry_130,Kya organic honey purity lab test certified hai government authority se?,purchase_inquiry,Kya organic honey purity lab test certified hai government authority se?,,0,1
purchase_inquiry_130,Arre Kya organic honey purity lab test certified hai government authority se? please,purchase_inquiry,Arre Kya organic honey purity lab test certified hai government authority se? please,,0,1
purchase_inquiry_130,"Hey, Kya organic honey purity lab test certified hai government authority se?!",purchase_inquiry,"Hey, Kya organic honey purity lab test certified hai government authority se?!",,0,1
purchase_inquiry_130,Bhai Kya organic honey purity lab test certified hai government authority se? jaldi batao,purchase_inquiry,Bhai Kya organic honey purity lab test certified hai government authority se? jaldi batao,,0,1
purchase_inquiry_130,Sir Kya organic honey purity lab test certified hai government authority se? kindly confirm,purchase_inquiry,Sir Kya organic honey purity lab test certified hai government authority se? kindly confirm,,0,1
purchase_inquiry_130,Sunna Kya organic honey purity lab test certified hai government authority se?...,purchase_inquiry,Sunna Kya organic honey purity lab test certified hai government authority se?.,,1,1
purchase_inquiry_130,Dekho Kya organic honey purity lab test certified hai government authority se? actually,purchase_inquiry,Dekho Kya organic honey purity lab test certified hai government authority se? actually,,0,1
purchase_inquiry_130,"Hello team, Kya organic honey purity lab test certified hai government authority se?",purchase_inquiry,"Hello team, Kya organic honey purity lab test certified hai government authority se?",,0,1
purchase_inquiry_131,Is hair dryer me ionic technology aur cold air shoot button hai?,purchase_inquiry,Is hair dryer me ionic technology aur cold air shoot button hai?,,0,1
purchase_inquiry_131,Arre Is hair dryer me ionic technology aur cold air shoot button hai? please,purchase_inquiry,Arre Is hair dryer me ionic technology aur cold air shoot button hai? please,,0,1
purchase_inquiry_131,"Hey, Is hair dryer me ionic technology aur cold air shoot button hai?!",purchase_inquiry,"Hey, Is hair dryer me ionic technology aur cold air shoot button hai?!",,0,1
purchase_inquiry_131,Bhai Is hair dryer me ionic technology aur cold air shoot button hai? jaldi batao,purchase_inquiry,Bhai Is hair dryer me ionic technology aur cold air shoot button hai? jaldi batao,,0,1
purchase_inquiry_131,Sir Is hair dryer me ionic technology aur cold air shoot button hai? kindly confirm,purchase_inquiry,Sir Is hair dryer me ionic technology aur cold air shoot button hai? kindly confirm,,0,1
purchase_inquiry_131,Sunna Is hair dryer me ionic technology aur cold air shoot button hai?...,purchase_inquiry,Sunna Is hair dryer me ionic technology aur cold air shoot button hai?.,,1,1
purchase_inquiry_131,Dekho Is hair dryer me ionic technology aur cold air shoot button hai? actually,purchase_inquiry,Dekho Is hair dryer me ionic technology aur cold air shoot button hai? actually,,0,1
purchase_inquiry_131,"Hello team, Is hair dryer me ionic technology aur cold air shoot button hai?",purchase_inquiry,"Hello team, Is hair dryer me ionic technology aur cold air shoot button hai?",,0,1
purchase_inquiry_132,Kya pottery workshop me baked clay product ghar le jaane dete hain?,purchase_inquiry,Kya pottery workshop me baked clay product ghar le jaane dete hain?,,0,1
purchase_inquiry_132,Arre Kya pottery workshop me baked clay product ghar le jaane dete hain? please,purchase_inquiry,Arre Kya pottery workshop me baked clay product ghar le jaane dete hain? please,,0,1
purchase_inquiry_132,"Hey, Kya pottery workshop me baked clay product ghar le jaane dete hain?!",purchase_inquiry,"Hey, Kya pottery workshop me baked clay product ghar le jaane dete hain?!",,0,1
purchase_inquiry_132,Bhai Kya pottery workshop me baked clay product ghar le jaane dete hain? jaldi batao,purchase_inquiry,Bhai Kya pottery workshop me baked clay product ghar le jaane dete hain? jaldi batao,,0,1
purchase_inquiry_132,Sir Kya pottery workshop me baked clay product ghar le jaane dete hain? kindly confirm,purchase_inquiry,Sir Kya pottery workshop me baked clay product ghar le jaane dete hain? kindly confirm,,0,1
purchase_inquiry_132,Sunna Kya pottery workshop me baked clay product ghar le jaane dete hain?...,purchase_inquiry,Sunna Kya pottery workshop me baked clay product ghar le jaane dete hain?.,,1,1
purchase_inquiry_132,Dekho Kya pottery workshop me baked clay product ghar le jaane dete hain? actually,purchase_inquiry,Dekho Kya pottery workshop me baked clay product ghar le jaane dete hain? actually,,0,1
purchase_inquiry_132,"Hello team, Kya pottery workshop me baked clay product ghar le jaane dete hain?",purchase_inquiry,"Hello team, Kya pottery workshop me baked clay product ghar le jaane dete hain?",,0,1
purchase_inquiry_133,Is bicycle helmet me rear LED safety blinker attach hai?,purchase_inquiry,Is bicycle helmet me rear LED safety blinker attach hai?,,0,1
purchase_inquiry_133,Arre Is bicycle helmet me rear LED safety blinker attach hai? please,purchase_inquiry,Arre Is bicycle helmet me rear LED safety blinker attach hai? please,,0,1
purchase_inquiry_133,"Hey, Is bicycle helmet me rear LED safety blinker attach hai?!",purchase_inquiry,"Hey, Is bicycle helmet me rear LED safety blinker attach hai?!",,0,1
purchase_inquiry_133,Bhai Is bicycle helmet me rear LED safety blinker attach hai? jaldi batao,purchase_inquiry,Bhai Is bicycle helmet me rear LED safety blinker attach hai? jaldi batao,,0,1
purchase_inquiry_133,Sir Is bicycle helmet me rear LED safety blinker attach hai? kindly confirm,purchase_inquiry,Sir Is bicycle helmet me rear LED safety blinker attach hai? kindly confirm,,0,1
purchase_inquiry_133,Sunna Is bicycle helmet me rear LED safety blinker attach hai?...,purchase_inquiry,Sunna Is bicycle helmet me rear LED safety blinker attach hai?.,,1,1
purchase_inquiry_133,Dekho Is bicycle helmet me rear LED safety blinker attach hai? actually,purchase_inquiry,Dekho Is bicycle helmet me rear LED safety blinker attach hai? actually,,0,1
purchase_inquiry_133,"Hello team, Is bicycle helmet me rear LED safety blinker attach hai?",purchase_inquiry,"Hello team, Is bicycle helmet me rear LED safety blinker attach hai?",,0,1
purchase_inquiry_134,Kya chartered accountant GST return filing ke sath auditing handle karta hai?,purchase_inquiry,Kya chartered accountant GST return filing ke sath auditing handle karta hai?,,0,1
purchase_inquiry_134,Arre Kya chartered accountant GST return filing ke sath auditing handle karta hai? please,purchase_inquiry,Arre Kya chartered accountant GST return filing ke sath auditing handle karta hai? please,,0,1
purchase_inquiry_134,"Hey, Kya chartered accountant GST return filing ke sath auditing handle karta hai?!",purchase_inquiry,"Hey, Kya chartered accountant GST return filing ke sath auditing handle karta hai?!",,0,1
purchase_inquiry_134,Bhai Kya chartered accountant GST return filing ke sath auditing handle karta hai? jaldi batao,purchase_inquiry,Bhai Kya chartered accountant GST return filing ke sath auditing handle karta hai? jaldi batao,,0,1
purchase_inquiry_134,Sir Kya chartered accountant GST return filing ke sath auditing handle karta hai? kindly confirm,purchase_inquiry,Sir Kya chartered accountant GST return filing ke sath auditing handle karta hai? kindly confirm,,0,1
purchase_inquiry_134,Sunna Kya chartered accountant GST return filing ke sath auditing handle karta hai?...,purchase_inquiry,Sunna Kya chartered accountant GST return filing ke sath auditing handle karta hai?.,,1,1
purchase_inquiry_134,Dekho Kya chartered accountant GST return filing ke sath auditing handle karta hai? actually,purchase_inquiry,Dekho Kya chartered accountant GST return filing ke sath auditing handle karta hai? actually,,0,1
purchase_inquiry_134,"Hello team, Kya chartered accountant GST return filing ke sath auditing handle karta hai?",purchase_inquiry,"Hello team, Kya chartered accountant GST return filing ke sath auditing handle karta hai?",,0,1
purchase_inquiry_135,Is espresso coffee beans pack me roast date print rehti hai?,purchase_inquiry,Is espresso coffee beans pack me roast date print rehti hai?,,0,1
purchase_inquiry_135,Arre Is espresso coffee beans pack me roast date print rehti hai? please,purchase_inquiry,Arre Is espresso coffee beans pack me roast date print rehti hai? please,,0,1
purchase_inquiry_135,"Hey, Is espresso coffee beans pack me roast date print rehti hai?!",purchase_inquiry,"Hey, Is espresso coffee beans pack me roast date print rehti hai?!",,0,1
purchase_inquiry_135,Bhai Is espresso coffee beans pack me roast date print rehti hai? jaldi batao,purchase_inquiry,Bhai Is espresso coffee beans pack me roast date print rehti hai? jaldi batao,,0,1
purchase_inquiry_135,Sir Is espresso coffee beans pack me roast date print rehti hai? kindly confirm,purchase_inquiry,Sir Is espresso coffee beans pack me roast date print rehti hai? kindly confirm,,0,1
purchase_inquiry_135,Sunna Is espresso coffee beans pack me roast date print rehti hai?...,purchase_inquiry,Sunna Is espresso coffee beans pack me roast date print rehti hai?.,,1,1
purchase_inquiry_135,Dekho Is espresso coffee beans pack me roast date print rehti hai? actually,purchase_inquiry,Dekho Is espresso coffee beans pack me roast date print rehti hai? actually,,0,1
purchase_inquiry_135,"Hello team, Is espresso coffee beans pack me roast date print rehti hai?",purchase_inquiry,"Hello team, Is espresso coffee beans pack me roast date print rehti hai?",,0,1
purchase_inquiry_136,Kya archery club safety equipment aur trainer provide karta hai beginner ke liye?,purchase_inquiry,Kya archery club safety equipment aur trainer provide karta hai beginner ke liye?,,0,1
purchase_inquiry_136,Arre Kya archery club safety equipment aur trainer provide karta hai beginner ke liye? please,purchase_inquiry,Arre Kya archery club safety equipment aur trainer provide karta hai beginner ke liye? please,,0,1
purchase_inquiry_136,"Hey, Kya archery club safety equipment aur trainer provide karta hai beginner ke liye?!",purchase_inquiry,"Hey, Kya archery club safety equipment aur trainer provide karta hai beginner ke liye?!",,0,1
purchase_inquiry_136,Bhai Kya archery club safety equipment aur trainer provide karta hai beginner ke liye? jaldi batao,purchase_inquiry,Bhai Kya archery club safety equipment aur trainer provide karta hai beginner ke liye? jaldi batao,,0,1
purchase_inquiry_136,Sir Kya archery club safety equipment aur trainer provide karta hai beginner ke liye? kindly confirm,purchase_inquiry,Sir Kya archery club safety equipment aur trainer provide karta hai beginner ke liye? kindly confirm,,0,1
purchase_inquiry_136,Sunna Kya archery club safety equipment aur trainer provide karta hai beginner ke liye?...,purchase_inquiry,Sunna Kya archery club safety equipment aur trainer provide karta hai beginner ke liye?.,,1,1
purchase_inquiry_136,Dekho Kya archery club safety equipment aur trainer provide karta hai beginner ke liye? actually,purchase_inquiry,Dekho Kya archery club safety equipment aur trainer provide karta hai beginner ke liye? actually,,0,1
purchase_inquiry_136,"Hello team, Kya archery club safety equipment aur trainer provide karta hai beginner ke liye?",purchase_inquiry,"Hello team, Kya archery club safety equipment aur trainer provide karta hai beginner ke liye?",,0,1
purchase_inquiry_137,Is sleeping bag ki extreme temperature comfort rating kitne degree Celsius hai?,purchase_inquiry,Is sleeping bag ki extreme temperature comfort rating kitne degree Celsius hai?,,0,1
purchase_inquiry_137,Arre Is sleeping bag ki extreme temperature comfort rating kitne degree Celsius hai? please,purchase_inquiry,Arre Is sleeping bag ki extreme temperature comfort rating kitne degree Celsius hai? please,,0,1
purchase_inquiry_137,"Hey, Is sleeping bag ki extreme temperature comfort rating kitne degree Celsius hai?!",purchase_inquiry,"Hey, Is sleeping bag ki extreme temperature comfort rating kitne degree Celsius hai?!",,0,1
purchase_inquiry_137,Bhai Is sleeping bag ki extreme temperature comfort rating kitne degree Celsius hai? jaldi batao,purchase_inquiry,Bhai Is sleeping bag ki extreme temperature comfort rating kitne degree Celsius hai? jaldi batao,,0,1
purchase_inquiry_137,Sir Is sleeping bag ki extreme temperature comfort rating kitne degree Celsius hai? kindly confirm,purchase_inquiry,Sir Is sleeping bag ki extreme temperature comfort rating kitne degree Celsius hai? kindly confirm,,0,1
purchase_inquiry_137,Sunna Is sleeping bag ki extreme temperature comfort rating kitne degree Celsius hai?...,purchase_inquiry,Sunna Is sleeping bag ki extreme temperature comfort rating kitne degree Celsius hai?.,,1,1
purchase_inquiry_137,Dekho Is sleeping bag ki extreme temperature comfort rating kitne degree Celsius hai? actually,purchase_inquiry,Dekho Is sleeping bag ki extreme temperature comfort rating kitne degree Celsius hai? actually,,0,1
purchase_inquiry_137,"Hello team, Is sleeping bag ki extreme temperature comfort rating kitne degree Celsius hai?",purchase_inquiry,"Hello team, Is sleeping bag ki extreme temperature comfort rating kitne degree Celsius hai?",,0,1
purchase_inquiry_138,Kya website redesign package me mobile responsiveness optimization included hai?,purchase_inquiry,Kya website redesign package me mobile responsiveness optimization included hai?,,0,1
purchase_inquiry_138,Arre Kya website redesign package me mobile responsiveness optimization included hai? please,purchase_inquiry,Arre Kya website redesign package me mobile responsiveness optimization included hai? please,,0,1
purchase_inquiry_138,"Hey, Kya website redesign package me mobile responsiveness optimization included hai?!",purchase_inquiry,"Hey, Kya website redesign package me mobile responsiveness optimization included hai?!",,0,1
purchase_inquiry_138,Bhai Kya website redesign package me mobile responsiveness optimization included hai? jaldi batao,purchase_inquiry,Bhai Kya website redesign package me mobile responsiveness optimization included hai? jaldi batao,,0,1
purchase_inquiry_138,Sir Kya website redesign package me mobile responsiveness optimization included hai? kindly confirm,purchase_inquiry,Sir Kya website redesign package me mobile responsiveness optimization included hai? kindly confirm,,0,1
purchase_inquiry_138,Sunna Kya website redesign package me mobile responsiveness optimization included hai?...,purchase_inquiry,Sunna Kya website redesign package me mobile responsiveness optimization included hai?.,,1,1
purchase_inquiry_138,Dekho Kya website redesign package me mobile responsiveness optimization included hai? actually,purchase_inquiry,Dekho Kya website redesign package me mobile responsiveness optimization included hai? actually,,0,1
purchase_inquiry_138,"Hello team, Kya website redesign package me mobile responsiveness optimization included hai?",purchase_inquiry,"Hello team, Kya website redesign package me mobile responsiveness optimization included hai?",,0,1
purchase_inquiry_139,Is leather wallet me RFID blocking protection layer insert hai?,purchase_inquiry,Is leather wallet me RFID blocking protection layer insert hai?,,0,1
purchase_inquiry_139,Arre Is leather wallet me RFID blocking protection layer insert hai? please,purchase_inquiry,Arre Is leather wallet me RFID blocking protection layer insert hai? please,,0,1
purchase_inquiry_139,"Hey, Is leather wallet me RFID blocking protection layer insert hai?!",purchase_inquiry,"Hey, Is leather wallet me RFID blocking protection layer insert hai?!",,0,1
purchase_inquiry_139,Bhai Is leather wallet me RFID blocking protection layer insert hai? jaldi batao,purchase_inquiry,Bhai Is leather wallet me RFID blocking protection layer insert hai? jaldi batao,,0,1
purchase_inquiry_139,Sir Is leather wallet me RFID blocking protection layer insert hai? kindly confirm,purchase_inquiry,Sir Is leather wallet me RFID blocking protection layer insert hai? kindly confirm,,0,1
purchase_inquiry_139,Sunna Is leather wallet me RFID blocking protection layer insert hai?...,purchase_inquiry,Sunna Is leather wallet me RFID blocking protection layer insert hai?.,,1,1
purchase_inquiry_139,Dekho Is leather wallet me RFID blocking protection layer insert hai? actually,purchase_inquiry,Dekho Is leather wallet me RFID blocking protection layer insert hai? actually,,0,1
purchase_inquiry_139,"Hello team, Is leather wallet me RFID blocking protection layer insert hai?",purchase_inquiry,"Hello team, Is leather wallet me RFID blocking protection layer insert hai?",,0,1
purchase_inquiry_140,Kya makeup artist reception event ke liye on-location visit kar sakta hai?,purchase_inquiry,Kya makeup artist reception event ke liye on-location visit kar sakta hai?,,0,1
purchase_inquiry_140,Arre Kya makeup artist reception event ke liye on-location visit kar sakta hai? please,purchase_inquiry,Arre Kya makeup artist reception event ke liye on-location visit kar sakta hai? please,,0,1
purchase_inquiry_140,"Hey, Kya makeup artist reception event ke liye on-location visit kar sakta hai?!",purchase_inquiry,"Hey, Kya makeup artist reception event ke liye on-location visit kar sakta hai?!",,0,1
purchase_inquiry_140,Bhai Kya makeup artist reception event ke liye on-location visit kar sakta hai? jaldi batao,purchase_inquiry,Bhai Kya makeup artist reception event ke liye on-location visit kar sakta hai? jaldi batao,,0,1
purchase_inquiry_140,Sir Kya makeup artist reception event ke liye on-location visit kar sakta hai? kindly confirm,purchase_inquiry,Sir Kya makeup artist reception event ke liye on-location visit kar sakta hai? kindly confirm,,0,1
purchase_inquiry_140,Sunna Kya makeup artist reception event ke liye on-location visit kar sakta hai?...,purchase_inquiry,Sunna Kya makeup artist reception event ke liye on-location visit kar sakta hai?.,,1,1
purchase_inquiry_140,Dekho Kya makeup artist reception event ke liye on-location visit kar sakta hai? actually,purchase_inquiry,Dekho Kya makeup artist reception event ke liye on-location visit kar sakta hai? actually,,0,1
purchase_inquiry_140,"Hello team, Kya makeup artist reception event ke liye on-location visit kar sakta hai?",purchase_inquiry,"Hello team, Kya makeup artist reception event ke liye on-location visit kar sakta hai?",,0,1
price_negotiation_001,"Thoda discount de do na, price thoda zyada lag raha hai.",price_negotiation,"Thoda discount de do na, price thoda zyada lag raha hai.",,0,2
price_negotiation_001,"Arre Thoda discount de do na, price thoda zyada lag raha hai. please",price_negotiation,"Arre Thoda discount de do na, price thoda zyada lag raha hai. please",,0,2
price_negotiation_001,"Hey, Thoda discount de do na, price thoda zyada lag raha hai.!",price_negotiation,"Hey, Thoda discount de do na, price thoda zyada lag raha hai.!",,0,2
price_negotiation_001,"Bhai Thoda discount de do na, price thoda zyada lag raha hai. jaldi batao",price_negotiation,"Bhai Thoda discount de do na, price thoda zyada lag raha hai. jaldi batao",,0,2
price_negotiation_001,"Sir Thoda discount de do na, price thoda zyada lag raha hai. kindly confirm",price_negotiation,"Sir Thoda discount de do na, price thoda zyada lag raha hai. kindly confirm",,0,2
price_negotiation_001,"Sunna Thoda discount de do na, price thoda zyada lag raha hai....",price_negotiation,"Sunna Thoda discount de do na, price thoda zyada lag raha hai.",,1,2
price_negotiation_001,"Dekho Thoda discount de do na, price thoda zyada lag raha hai. actually",price_negotiation,"Dekho Thoda discount de do na, price thoda zyada lag raha hai. actually",,0,2
price_negotiation_001,"Hello team, Thoda discount de do na, price thoda zyada lag raha hai.",price_negotiation,"Hello team, Thoda discount de do na, price thoda zyada lag raha hai.",,0,2
price_negotiation_002,Agar main full payment cash me karu to best price kya doge?,price_negotiation,Agar main full payment cash me karu to best price kya doge?,,0,2
price_negotiation_002,Arre Agar main full payment cash me karu to best price kya doge? please,price_negotiation,Arre Agar main full payment cash me karu to best price kya doge? please,,0,2
price_negotiation_002,"Hey, Agar main full payment cash me karu to best price kya doge?!",price_negotiation,"Hey, Agar main full payment cash me karu to best price kya doge?!",,0,2
price_negotiation_002,Bhai Agar main full payment cash me karu to best price kya doge? jaldi batao,price_negotiation,Bhai Agar main full payment cash me karu to best price kya doge? jaldi batao,,0,2
price_negotiation_002,Sir Agar main full payment cash me karu to best price kya doge? kindly confirm,price_negotiation,Sir Agar main full payment cash me karu to best price kya doge? kindly confirm,,0,2
price_negotiation_002,Sunna Agar main full payment cash me karu to best price kya doge?...,price_negotiation,Sunna Agar main full payment cash me karu to best price kya doge?.,,1,2
price_negotiation_002,Dekho Agar main full payment cash me karu to best price kya doge? actually,price_negotiation,Dekho Agar main full payment cash me karu to best price kya doge? actually,,0,2
price_negotiation_002,"Hello team, Agar main full payment cash me karu to best price kya doge?",price_negotiation,"Hello team, Agar main full payment cash me karu to best price kya doge?",,0,2
price_negotiation_003,Competitor to yahi same service 20% cheaper rate me de raha hai.,price_negotiation,Competitor to yahi same service 20% cheaper rate me de raha hai.,,0,2
price_negotiation_003,Arre Competitor to yahi same service 20% cheaper rate me de raha hai. please,price_negotiation,Arre Competitor to yahi same service 20% cheaper rate me de raha hai. please,,0,2
price_negotiation_003,"Hey, Competitor to yahi same service 20% cheaper rate me de raha hai.!",price_negotiation,"Hey, Competitor to yahi same service 20% cheaper rate me de raha hai.!",,0,2
price_negotiation_003,Bhai Competitor to yahi same service 20% cheaper rate me de raha hai. jaldi batao,price_negotiation,Bhai Competitor to yahi same service 20% cheaper rate me de raha hai. jaldi batao,,0,2
price_negotiation_003,Sir Competitor to yahi same service 20% cheaper rate me de raha hai. kindly confirm,price_negotiation,Sir Competitor to yahi same service 20% cheaper rate me de raha hai. kindly confirm,,0,2
price_negotiation_003,Sunna Competitor to yahi same service 20% cheaper rate me de raha hai....,price_negotiation,Sunna Competitor to yahi same service 20% cheaper rate me de raha hai.,,1,2
price_negotiation_003,Dekho Competitor to yahi same service 20% cheaper rate me de raha hai. actually,price_negotiation,Dekho Competitor to yahi same service 20% cheaper rate me de raha hai. actually,,0,2
price_negotiation_003,"Hello team, Competitor to yahi same service 20% cheaper rate me de raha hai.",price_negotiation,"Hello team, Competitor to yahi same service 20% cheaper rate me de raha hai.",,0,2
price_negotiation_004,"Budget thoda tight hai, kuch festive discount ya promo code laga do.",price_negotiation,"Budget thoda tight hai, kuch festive discount ya promo code laga do.",,0,2
price_negotiation_004,"Arre Budget thoda tight hai, kuch festive discount ya promo code laga do. please",price_negotiation,"Arre Budget thoda tight hai, kuch festive discount ya promo code laga do. please",,0,2
price_negotiation_004,"Hey, Budget thoda tight hai, kuch festive discount ya promo code laga do.!",price_negotiation,"Hey, Budget thoda tight hai, kuch festive discount ya promo code laga do.!",,0,2
price_negotiation_004,"Bhai Budget thoda tight hai, kuch festive discount ya promo code laga do. jaldi batao",price_negotiation,"Bhai Budget thoda tight hai, kuch festive discount ya promo code laga do. jaldi batao",,0,2
price_negotiation_004,"Sir Budget thoda tight hai, kuch festive discount ya promo code laga do. kindly confirm",price_negotiation,"Sir Budget thoda tight hai, kuch festive discount ya promo code laga do. kindly confirm",,0,2
price_negotiation_004,"Sunna Budget thoda tight hai, kuch festive discount ya promo code laga do....",price_negotiation,"Sunna Budget thoda tight hai, kuch festive discount ya promo code laga do.",,1,2
price_negotiation_004,"Dekho Budget thoda tight hai, kuch festive discount ya promo code laga do. actually",price_negotiation,"Dekho Budget thoda tight hai, kuch festive discount ya promo code laga do. actually",,0,2
price_negotiation_004,"Hello team, Budget thoda tight hai, kuch festive discount ya promo code laga do.",price_negotiation,"Hello team, Budget thoda tight hai, kuch festive discount ya promo code laga do.",,0,2
price_negotiation_005,Final quote kitna doge agar main 5 units ek sath buy karu?,price_negotiation,Final quote kitna doge agar main 5 units ek sath buy karu?,,0,2
price_negotiation_005,Arre Final quote kitna doge agar main 5 units ek sath buy karu? please,price_negotiation,Arre Final quote kitna doge agar main 5 units ek sath buy karu? please,,0,2
price_negotiation_005,"Hey, Final quote kitna doge agar main 5 units ek sath buy karu?!",price_negotiation,"Hey, Final quote kitna doge agar main 5 units ek sath buy karu?!",,0,2
price_negotiation_005,Bhai Final quote kitna doge agar main 5 units ek sath buy karu? jaldi batao,price_negotiation,Bhai Final quote kitna doge agar main 5 units ek sath buy karu? jaldi batao,,0,2
price_negotiation_005,Sir Final quote kitna doge agar main 5 units ek sath buy karu? kindly confirm,price_negotiation,Sir Final quote kitna doge agar main 5 units ek sath buy karu? kindly confirm,,0,2
price_negotiation_005,Sunna Final quote kitna doge agar main 5 units ek sath buy karu?...,price_negotiation,Sunna Final quote kitna doge agar main 5 units ek sath buy karu?.,,1,2
price_negotiation_005,Dekho Final quote kitna doge agar main 5 units ek sath buy karu? actually,price_negotiation,Dekho Final quote kitna doge agar main 5 units ek sath buy karu? actually,,0,2
price_negotiation_005,"Hello team, Final quote kitna doge agar main 5 units ek sath buy karu?",price_negotiation,"Hello team, Final quote kitna doge agar main 5 units ek sath buy karu?",,0,2
price_negotiation_006,"Pichli baar to mujhe 15% off mila tha, is baar bhi wahi price kar do.",price_negotiation,"Pichli baar to mujhe 15% off mila tha, is baar bhi wahi price kar do.",,0,2
price_negotiation_006,"Arre Pichli baar to mujhe 15% off mila tha, is baar bhi wahi price kar do. please",price_negotiation,"Arre Pichli baar to mujhe 15% off mila tha, is baar bhi wahi price kar do. please",,0,2
price_negotiation_006,"Hey, Pichli baar to mujhe 15% off mila tha, is baar bhi wahi price kar do.!",price_negotiation,"Hey, Pichli baar to mujhe 15% off mila tha, is baar bhi wahi price kar do.!",,0,2
price_negotiation_006,"Bhai Pichli baar to mujhe 15% off mila tha, is baar bhi wahi price kar do. jaldi batao",price_negotiation,"Bhai Pichli baar to mujhe 15% off mila tha, is baar bhi wahi price kar do. jaldi batao",,0,2
price_negotiation_006,"Sir Pichli baar to mujhe 15% off mila tha, is baar bhi wahi price kar do. kindly confirm",price_negotiation,"Sir Pichli baar to mujhe 15% off mila tha, is baar bhi wahi price kar do. kindly confirm",,0,2
price_negotiation_006,"Sunna Pichli baar to mujhe 15% off mila tha, is baar bhi wahi price kar do....",price_negotiation,"Sunna Pichli baar to mujhe 15% off mila tha, is baar bhi wahi price kar do.",,1,2
price_negotiation_006,"Dekho Pichli baar to mujhe 15% off mila tha, is baar bhi wahi price kar do. actually",price_negotiation,"Dekho Pichli baar to mujhe 15% off mila tha, is baar bhi wahi price kar do. actually",,0,2
price_negotiation_006,"Hello team, Pichli baar to mujhe 15% off mila tha, is baar bhi wahi price kar do.",price_negotiation,"Hello team, Pichli baar to mujhe 15% off mila tha, is baar bhi wahi price kar do.",,0,2
price_negotiation_007,Installation charges wave-off kar doge to main aaj hi deal close kar lunga.,price_negotiation,Installation charges wave-off kar doge to main aaj hi deal close kar lunga.,,0,2
price_negotiation_007,Arre Installation charges wave-off kar doge to main aaj hi deal close kar lunga. please,price_negotiation,Arre Installation charges wave-off kar doge to main aaj hi deal close kar lunga. please,,0,2
price_negotiation_007,"Hey, Installation charges wave-off kar doge to main aaj hi deal close kar lunga.!",price_negotiation,"Hey, Installation charges wave-off kar doge to main aaj hi deal close kar lunga.!",,0,2
price_negotiation_007,Bhai Installation charges wave-off kar doge to main aaj hi deal close kar lunga. jaldi batao,price_negotiation,Bhai Installation charges wave-off kar doge to main aaj hi deal close kar lunga. jaldi batao,,0,2
price_negotiation_007,Sir Installation charges wave-off kar doge to main aaj hi deal close kar lunga. kindly confirm,price_negotiation,Sir Installation charges wave-off kar doge to main aaj hi deal close kar lunga. kindly confirm,,0,2
price_negotiation_007,Sunna Installation charges wave-off kar doge to main aaj hi deal close kar lunga....,price_negotiation,Sunna Installation charges wave-off kar doge to main aaj hi deal close kar lunga.,,1,2
price_negotiation_007,Dekho Installation charges wave-off kar doge to main aaj hi deal close kar lunga. actually,price_negotiation,Dekho Installation charges wave-off kar doge to main aaj hi deal close kar lunga. actually,,0,2
price_negotiation_007,"Hello team, Installation charges wave-off kar doge to main aaj hi deal close kar lunga.",price_negotiation,"Hello team, Installation charges wave-off kar doge to main aaj hi deal close kar lunga.",,0,2
price_negotiation_008,Price negotiation ke liye manager se baat karwa sakte ho kya?,price_negotiation,Price negotiation ke liye manager se baat karwa sakte ho kya?,,0,2
price_negotiation_008,Arre Price negotiation ke liye manager se baat karwa sakte ho kya? please,price_negotiation,Arre Price negotiation ke liye manager se baat karwa sakte ho kya? please,,0,2
price_negotiation_008,"Hey, Price negotiation ke liye manager se baat karwa sakte ho kya?!",price_negotiation,"Hey, Price negotiation ke liye manager se baat karwa sakte ho kya?!",,0,2
price_negotiation_008,Bhai Price negotiation ke liye manager se baat karwa sakte ho kya? jaldi batao,price_negotiation,Bhai Price negotiation ke liye manager se baat karwa sakte ho kya? jaldi batao,,0,2
price_negotiation_008,Sir Price negotiation ke liye manager se baat karwa sakte ho kya? kindly confirm,price_negotiation,Sir Price negotiation ke liye manager se baat karwa sakte ho kya? kindly confirm,,0,2
price_negotiation_008,Sunna Price negotiation ke liye manager se baat karwa sakte ho kya?...,price_negotiation,Sunna Price negotiation ke liye manager se baat karwa sakte ho kya?.,,1,2
price_negotiation_008,Dekho Price negotiation ke liye manager se baat karwa sakte ho kya? actually,price_negotiation,Dekho Price negotiation ke liye manager se baat karwa sakte ho kya? actually,,0,2
price_negotiation_008,"Hello team, Price negotiation ke liye manager se baat karwa sakte ho kya?",price_negotiation,"Hello team, Price negotiation ke liye manager se baat karwa sakte ho kya?",,0,2
price_negotiation_010,Agar 2 years ka subscription lu to kuch extra discount doge?,price_negotiation,Agar 2 years ka subscription lu to kuch extra discount doge?,,0,2
price_negotiation_010,Arre Agar 2 years ka subscription lu to kuch extra discount doge? please,price_negotiation,Arre Agar 2 years ka subscription lu to kuch extra discount doge? please,,0,2
price_negotiation_010,"Hey, Agar 2 years ka subscription lu to kuch extra discount doge?!",price_negotiation,"Hey, Agar 2 years ka subscription lu to kuch extra discount doge?!",,0,2
price_negotiation_010,Bhai Agar 2 years ka subscription lu to kuch extra discount doge? jaldi batao,price_negotiation,Bhai Agar 2 years ka subscription lu to kuch extra discount doge? jaldi batao,,0,2
price_negotiation_010,Sir Agar 2 years ka subscription lu to kuch extra discount doge? kindly confirm,price_negotiation,Sir Agar 2 years ka subscription lu to kuch extra discount doge? kindly confirm,,0,2
price_negotiation_010,Sunna Agar 2 years ka subscription lu to kuch extra discount doge?...,price_negotiation,Sunna Agar 2 years ka subscription lu to kuch extra discount doge?.,,1,2
price_negotiation_010,Dekho Agar 2 years ka subscription lu to kuch extra discount doge? actually,price_negotiation,Dekho Agar 2 years ka subscription lu to kuch extra discount doge? actually,,0,2
price_negotiation_010,"Hello team, Agar 2 years ka subscription lu to kuch extra discount doge?",price_negotiation,"Hello team, Agar 2 years ka subscription lu to kuch extra discount doge?",,0,2
price_negotiation_011,"Market rate se kaafi high quote kar rahe ho, thoda adjust karo.",price_negotiation,"Market rate se kaafi high quote kar rahe ho, thoda adjust karo.",,0,2
price_negotiation_011,"Arre Market rate se kaafi high quote kar rahe ho, thoda adjust karo. please",price_negotiation,"Arre Market rate se kaafi high quote kar rahe ho, thoda adjust karo. please",,0,2
price_negotiation_011,"Hey, Market rate se kaafi high quote kar rahe ho, thoda adjust karo.!",price_negotiation,"Hey, Market rate se kaafi high quote kar rahe ho, thoda adjust karo.!",,0,2
price_negotiation_011,"Bhai Market rate se kaafi high quote kar rahe ho, thoda adjust karo. jaldi batao",price_negotiation,"Bhai Market rate se kaafi high quote kar rahe ho, thoda adjust karo. jaldi batao",,0,2
price_negotiation_011,"Sir Market rate se kaafi high quote kar rahe ho, thoda adjust karo. kindly confirm",price_negotiation,"Sir Market rate se kaafi high quote kar rahe ho, thoda adjust karo. kindly confirm",,0,2
price_negotiation_011,"Sunna Market rate se kaafi high quote kar rahe ho, thoda adjust karo....",price_negotiation,"Sunna Market rate se kaafi high quote kar rahe ho, thoda adjust karo.",,1,2
price_negotiation_011,"Dekho Market rate se kaafi high quote kar rahe ho, thoda adjust karo. actually",price_negotiation,"Dekho Market rate se kaafi high quote kar rahe ho, thoda adjust karo. actually",,0,2
price_negotiation_011,"Hello team, Market rate se kaafi high quote kar rahe ho, thoda adjust karo.",price_negotiation,"Hello team, Market rate se kaafi high quote kar rahe ho, thoda adjust karo.",,0,2
price_negotiation_014,"Mere budget me fit nahi baith raha, 5000 tak settle kar lo.",price_negotiation,"Mere budget me fit nahi baith raha, 500 tak settle kar lo.",,0,2
price_negotiation_014,"Arre Mere budget me fit nahi baith raha, 5000 tak settle kar lo. please",price_negotiation,"Arre Mere budget me fit nahi baith raha, 500 tak settle kar lo. please",,0,2
price_negotiation_014,"Hey, Mere budget me fit nahi baith raha, 5000 tak settle kar lo.!",price_negotiation,"Hey, Mere budget me fit nahi baith raha, 500 tak settle kar lo.!",,0,2
price_negotiation_014,"Bhai Mere budget me fit nahi baith raha, 5000 tak settle kar lo. jaldi batao",price_negotiation,"Bhai Mere budget me fit nahi baith raha, 500 tak settle kar lo. jaldi batao",,0,2
price_negotiation_014,"Sir Mere budget me fit nahi baith raha, 5000 tak settle kar lo. kindly confirm",price_negotiation,"Sir Mere budget me fit nahi baith raha, 500 tak settle kar lo. kindly confirm",,0,2
price_negotiation_014,"Sunna Mere budget me fit nahi baith raha, 5000 tak settle kar lo....",price_negotiation,"Sunna Mere budget me fit nahi baith raha, 500 tak settle kar lo.",,1,2
price_negotiation_014,"Dekho Mere budget me fit nahi baith raha, 5000 tak settle kar lo. actually",price_negotiation,"Dekho Mere budget me fit nahi baith raha, 500 tak settle kar lo. actually",,0,2
price_negotiation_014,"Hello team, Mere budget me fit nahi baith raha, 5000 tak settle kar lo.",price_negotiation,"Hello team, Mere budget me fit nahi baith raha, 500 tak settle kar lo.",,0,2
price_negotiation_015,Without GST price kitna padega agar invoice nahi chahiye?,price_negotiation,Without GST price kitna padega agar invoice nahi chahiye?,,0,2
price_negotiation_015,Arre Without GST price kitna padega agar invoice nahi chahiye? please,price_negotiation,Arre Without GST price kitna padega agar invoice nahi chahiye? please,,0,2
price_negotiation_015,"Hey, Without GST price kitna padega agar invoice nahi chahiye?!",price_negotiation,"Hey, Without GST price kitna padega agar invoice nahi chahiye?!",,0,2
price_negotiation_015,Bhai Without GST price kitna padega agar invoice nahi chahiye? jaldi batao,price_negotiation,Bhai Without GST price kitna padega agar invoice nahi chahiye? jaldi batao,,0,2
price_negotiation_015,Sir Without GST price kitna padega agar invoice nahi chahiye? kindly confirm,price_negotiation,Sir Without GST price kitna padega agar invoice nahi chahiye? kindly confirm,,0,2
price_negotiation_015,Sunna Without GST price kitna padega agar invoice nahi chahiye?...,price_negotiation,Sunna Without GST price kitna padega agar invoice nahi chahiye?.,,1,2
price_negotiation_015,Dekho Without GST price kitna padega agar invoice nahi chahiye? actually,price_negotiation,Dekho Without GST price kitna padega agar invoice nahi chahiye? actually,,0,2
price_negotiation_015,"Hello team, Without GST price kitna padega agar invoice nahi chahiye?",price_negotiation,"Hello team, Without GST price kitna padega agar invoice nahi chahiye?",,0,2
price_negotiation_018,Last final amount batao kitna payment karna hoga final discount ke baad.,price_negotiation,Last final amount batao kitna payment karna hoga final discount ke baad.,,0,2
price_negotiation_018,Arre Last final amount batao kitna payment karna hoga final discount ke baad. please,price_negotiation,Arre Last final amount batao kitna payment karna hoga final discount ke baad. please,,0,2
price_negotiation_018,"Hey, Last final amount batao kitna payment karna hoga final discount ke baad.!",price_negotiation,"Hey, Last final amount batao kitna payment karna hoga final discount ke baad.!",,0,2
price_negotiation_018,Bhai Last final amount batao kitna payment karna hoga final discount ke baad. jaldi batao,price_negotiation,Bhai Last final amount batao kitna payment karna hoga final discount ke baad. jaldi batao,,0,2
price_negotiation_018,Sir Last final amount batao kitna payment karna hoga final discount ke baad. kindly confirm,price_negotiation,Sir Last final amount batao kitna payment karna hoga final discount ke baad. kindly confirm,,0,2
price_negotiation_018,Sunna Last final amount batao kitna payment karna hoga final discount ke baad....,price_negotiation,Sunna Last final amount batao kitna payment karna hoga final discount ke baad.,,1,2
price_negotiation_018,Dekho Last final amount batao kitna payment karna hoga final discount ke baad. actually,price_negotiation,Dekho Last final amount batao kitna payment karna hoga final discount ke baad. actually,,0,2
price_negotiation_018,"Hello team, Last final amount batao kitna payment karna hoga final discount ke baad.",price_negotiation,"Hello team, Last final amount batao kitna payment karna hoga final discount ke baad.",,0,2
price_negotiation_020,Student discount ya referral discount apply ho sakta hai kya ispe?,price_negotiation,Student discount ya referral discount apply ho sakta hai kya ispe?,,0,2
price_negotiation_020,Arre Student discount ya referral discount apply ho sakta hai kya ispe? please,price_negotiation,Arre Student discount ya referral discount apply ho sakta hai kya ispe? please,,0,2
price_negotiation_020,"Hey, Student discount ya referral discount apply ho sakta hai kya ispe?!",price_negotiation,"Hey, Student discount ya referral discount apply ho sakta hai kya ispe?!",,0,2
price_negotiation_020,Bhai Student discount ya referral discount apply ho sakta hai kya ispe? jaldi batao,price_negotiation,Bhai Student discount ya referral discount apply ho sakta hai kya ispe? jaldi batao,,0,2
price_negotiation_020,Sir Student discount ya referral discount apply ho sakta hai kya ispe? kindly confirm,price_negotiation,Sir Student discount ya referral discount apply ho sakta hai kya ispe? kindly confirm,,0,2
price_negotiation_020,Sunna Student discount ya referral discount apply ho sakta hai kya ispe?...,price_negotiation,Sunna Student discount ya referral discount apply ho sakta hai kya ispe?.,,1,2
price_negotiation_020,Dekho Student discount ya referral discount apply ho sakta hai kya ispe? actually,price_negotiation,Dekho Student discount ya referral discount apply ho sakta hai kya ispe? actually,,0,2
price_negotiation_020,"Hello team, Student discount ya referral discount apply ho sakta hai kya ispe?",price_negotiation,"Hello team, Student discount ya referral discount apply ho sakta hai kya ispe?",,0,2
price_negotiation_021,Agar advance me pay kar du pura amount to extra off milega?,price_negotiation,Agar advance me pay kar du pura amount to extra off milega?,,0,2
price_negotiation_021,Arre Agar advance me pay kar du pura amount to extra off milega? please,price_negotiation,Arre Agar advance me pay kar du pura amount to extra off milega? please,,0,2
price_negotiation_021,"Hey, Agar advance me pay kar du pura amount to extra off milega?!",price_negotiation,"Hey, Agar advance me pay kar du pura amount to extra off milega?!",,0,2
price_negotiation_021,Bhai Agar advance me pay kar du pura amount to extra off milega? jaldi batao,price_negotiation,Bhai Agar advance me pay kar du pura amount to extra off milega? jaldi batao,,0,2
price_negotiation_021,Sir Agar advance me pay kar du pura amount to extra off milega? kindly confirm,price_negotiation,Sir Agar advance me pay kar du pura amount to extra off milega? kindly confirm,,0,2
price_negotiation_021,Sunna Agar advance me pay kar du pura amount to extra off milega?...,price_negotiation,Sunna Agar advance me pay kar du pura amount to extra off milega?.,,1,2
price_negotiation_021,Dekho Agar advance me pay kar du pura amount to extra off milega? actually,price_negotiation,Dekho Agar advance me pay kar du pura amount to extra off milega? actually,,0,2
price_negotiation_021,"Hello team, Agar advance me pay kar du pura amount to extra off milega?",price_negotiation,"Hello team, Agar advance me pay kar du pura amount to extra off milega?",,0,2
price_negotiation_022,"Online price to isse sasta dikha raha hai, match karoge rate?",price_negotiation,"Online price to isse sasta dikha raha hai, match karoge rate?",,0,2
price_negotiation_022,"Arre Online price to isse sasta dikha raha hai, match karoge rate? please",price_negotiation,"Arre Online price to isse sasta dikha raha hai, match karoge rate? please",,0,2
price_negotiation_022,"Hey, Online price to isse sasta dikha raha hai, match karoge rate?!",price_negotiation,"Hey, Online price to isse sasta dikha raha hai, match karoge rate?!",,0,2
price_negotiation_022,"Bhai Online price to isse sasta dikha raha hai, match karoge rate? jaldi batao",price_negotiation,"Bhai Online price to isse sasta dikha raha hai, match karoge rate? jaldi batao",,0,2
price_negotiation_022,"Sir Online price to isse sasta dikha raha hai, match karoge rate? kindly confirm",price_negotiation,"Sir Online price to isse sasta dikha raha hai, match karoge rate? kindly confirm",,0,2
price_negotiation_022,"Sunna Online price to isse sasta dikha raha hai, match karoge rate?...",price_negotiation,"Sunna Online price to isse sasta dikha raha hai, match karoge rate?.",,1,2
price_negotiation_022,"Dekho Online price to isse sasta dikha raha hai, match karoge rate? actually",price_negotiation,"Dekho Online price to isse sasta dikha raha hai, match karoge rate? actually",,0,2
price_negotiation_022,"Hello team, Online price to isse sasta dikha raha hai, match karoge rate?",price_negotiation,"Hello team, Online price to isse sasta dikha raha hai, match karoge rate?",,0,2
price_negotiation_024,Dussehra ya Diwali sale ka coupon code apply kar do please.,price_negotiation,Dussehra ya Diwali sale ka coupon code apply kar do please.,,0,2
price_negotiation_024,Arre Dussehra ya Diwali sale ka coupon code apply kar do please. please,price_negotiation,Arre Dussehra ya Diwali sale ka coupon code apply kar do please. please,,0,2
price_negotiation_024,"Hey, Dussehra ya Diwali sale ka coupon code apply kar do please.!",price_negotiation,"Hey, Dussehra ya Diwali sale ka coupon code apply kar do please.!",,0,2
price_negotiation_024,Bhai Dussehra ya Diwali sale ka coupon code apply kar do please. jaldi batao,price_negotiation,Bhai Dussehra ya Diwali sale ka coupon code apply kar do please. jaldi batao,,0,2
price_negotiation_024,Sir Dussehra ya Diwali sale ka coupon code apply kar do please. kindly confirm,price_negotiation,Sir Dussehra ya Diwali sale ka coupon code apply kar do please. kindly confirm,,0,2
price_negotiation_024,Sunna Dussehra ya Diwali sale ka coupon code apply kar do please....,price_negotiation,Sunna Dussehra ya Diwali sale ka coupon code apply kar do please.,,1,2
price_negotiation_024,Dekho Dussehra ya Diwali sale ka coupon code apply kar do please. actually,price_negotiation,Dekho Dussehra ya Diwali sale ka coupon code apply kar do please. actually,,0,2
price_negotiation_024,"Hello team, Dussehra ya Diwali sale ka coupon code apply kar do please.",price_negotiation,"Hello team, Dussehra ya Diwali sale ka coupon code apply kar do please.",,0,2
price_negotiation_026,"Delivery charges bohot high hain, discount de do shipping par.",price_negotiation,"Delivery charges bohot high hain, discount de do shipping par.",,0,2
price_negotiation_026,"Arre Delivery charges bohot high hain, discount de do shipping par. please",price_negotiation,"Arre Delivery charges bohot high hain, discount de do shipping par. please",,0,2
price_negotiation_026,"Hey, Delivery charges bohot high hain, discount de do shipping par.!",price_negotiation,"Hey, Delivery charges bohot high hain, discount de do shipping par.!",,0,2
price_negotiation_026,"Bhai Delivery charges bohot high hain, discount de do shipping par. jaldi batao",price_negotiation,"Bhai Delivery charges bohot high hain, discount de do shipping par. jaldi batao",,0,2
price_negotiation_026,"Sir Delivery charges bohot high hain, discount de do shipping par. kindly confirm",price_negotiation,"Sir Delivery charges bohot high hain, discount de do shipping par. kindly confirm",,0,2
price_negotiation_026,"Sunna Delivery charges bohot high hain, discount de do shipping par....",price_negotiation,"Sunna Delivery charges bohot high hain, discount de do shipping par.",,1,2
price_negotiation_026,"Dekho Delivery charges bohot high hain, discount de do shipping par. actually",price_negotiation,"Dekho Delivery charges bohot high hain, discount de do shipping par. actually",,0,2
price_negotiation_026,"Hello team, Delivery charges bohot high hain, discount de do shipping par.",price_negotiation,"Hello team, Delivery charges bohot high hain, discount de do shipping par.",,0,2
price_negotiation_027,Thoda price kam karo toh main apne 2 friends ko bhi recommend karunga.,price_negotiation,Thoda price kam karo toh main apne 2 friends ko bhi recommend karunga.,,0,2
price_negotiation_027,Arre Thoda price kam karo toh main apne 2 friends ko bhi recommend karunga. please,price_negotiation,Arre Thoda price kam karo toh main apne 2 friends ko bhi recommend karunga. please,,0,2
price_negotiation_027,"Hey, Thoda price kam karo toh main apne 2 friends ko bhi recommend karunga.!",price_negotiation,"Hey, Thoda price kam karo toh main apne 2 friends ko bhi recommend karunga.!",,0,2
price_negotiation_027,Bhai Thoda price kam karo toh main apne 2 friends ko bhi recommend karunga. jaldi batao,price_negotiation,Bhai Thoda price kam karo toh main apne 2 friends ko bhi recommend karunga. jaldi batao,,0,2
price_negotiation_027,Sir Thoda price kam karo toh main apne 2 friends ko bhi recommend karunga. kindly confirm,price_negotiation,Sir Thoda price kam karo toh main apne 2 friends ko bhi recommend karunga. kindly confirm,,0,2
price_negotiation_027,Sunna Thoda price kam karo toh main apne 2 friends ko bhi recommend karunga....,price_negotiation,Sunna Thoda price kam karo toh main apne 2 friends ko bhi recommend karunga.,,1,2
price_negotiation_027,Dekho Thoda price kam karo toh main apne 2 friends ko bhi recommend karunga. actually,price_negotiation,Dekho Thoda price kam karo toh main apne 2 friends ko bhi recommend karunga. actually,,0,2
price_negotiation_027,"Hello team, Thoda price kam karo toh main apne 2 friends ko bhi recommend karunga.",price_negotiation,"Hello team, Thoda price kam karo toh main apne 2 friends ko bhi recommend karunga.",,0,2
price_negotiation_029,Kuch discount do tabhi booking advance transfer karunga.,price_negotiation,Kuch discount do tabhi booking advance transfer karunga.,,0,2
price_negotiation_029,Arre Kuch discount do tabhi booking advance transfer karunga. please,price_negotiation,Arre Kuch discount do tabhi booking advance transfer karunga. please,,0,2
price_negotiation_029,"Hey, Kuch discount do tabhi booking advance transfer karunga.!",price_negotiation,"Hey, Kuch discount do tabhi booking advance transfer karunga.!",,0,2
price_negotiation_029,Bhai Kuch discount do tabhi booking advance transfer karunga. jaldi batao,price_negotiation,Bhai Kuch discount do tabhi booking advance transfer karunga. jaldi batao,,0,2
price_negotiation_029,Sir Kuch discount do tabhi booking advance transfer karunga. kindly confirm,price_negotiation,Sir Kuch discount do tabhi booking advance transfer karunga. kindly confirm,,0,2
price_negotiation_029,Sunna Kuch discount do tabhi booking advance transfer karunga....,price_negotiation,Sunna Kuch discount do tabhi booking advance transfer karunga.,,1,2
price_negotiation_029,Dekho Kuch discount do tabhi booking advance transfer karunga. actually,price_negotiation,Dekho Kuch discount do tabhi booking advance transfer karunga. actually,,0,2
price_negotiation_029,"Hello team, Kuch discount do tabhi booking advance transfer karunga.",price_negotiation,"Hello team, Kuch discount do tabhi booking advance transfer karunga.",,0,2
price_negotiation_031,"Itna mehnga rate kyu laga rahe ho, local market me adhe daam me mil raha hai.",price_negotiation,"Itna mehnga rate kyu laga rahe ho, local market me adhe daam me mil raha hai.",,0,2
price_negotiation_031,"Arre Itna mehnga rate kyu laga rahe ho, local market me adhe daam me mil raha hai. please",price_negotiation,"Arre Itna mehnga rate kyu laga rahe ho, local market me adhe daam me mil raha hai. please",,0,2
price_negotiation_031,"Hey, Itna mehnga rate kyu laga rahe ho, local market me adhe daam me mil raha hai.!",price_negotiation,"Hey, Itna mehnga rate kyu laga rahe ho, local market me adhe daam me mil raha hai.!",,0,2
price_negotiation_031,"Bhai Itna mehnga rate kyu laga rahe ho, local market me adhe daam me mil raha hai. jaldi batao",price_negotiation,"Bhai Itna mehnga rate kyu laga rahe ho, local market me adhe daam me mil raha hai. jaldi batao",,0,2
price_negotiation_031,"Sir Itna mehnga rate kyu laga rahe ho, local market me adhe daam me mil raha hai. kindly confirm",price_negotiation,"Sir Itna mehnga rate kyu laga rahe ho, local market me adhe daam me mil raha hai. kindly confirm",,0,2
price_negotiation_031,"Sunna Itna mehnga rate kyu laga rahe ho, local market me adhe daam me mil raha hai....",price_negotiation,"Sunna Itna mehnga rate kyu laga rahe ho, local market me adhe daam me mil raha hai.",,1,2
price_negotiation_031,"Dekho Itna mehnga rate kyu laga rahe ho, local market me adhe daam me mil raha hai. actually",price_negotiation,"Dekho Itna mehnga rate kyu laga rahe ho, local market me adhe daam me mil raha hai. actually",,0,2
price_negotiation_031,"Hello team, Itna mehnga rate kyu laga rahe ho, local market me adhe daam me mil raha hai.",price_negotiation,"Hello team, Itna mehnga rate kyu laga rahe ho, local market me adhe daam me mil raha hai.",,0,2
price_negotiation_032,"Main regular customer hu aapka, mujhe to special loyalty discount milna chahiye.",price_negotiation,"Main regular customer hu aapka, mujhe to special loyalty discount milna chahiye.",,0,2
price_negotiation_032,"Arre Main regular customer hu aapka, mujhe to special loyalty discount milna chahiye. please",price_negotiation,"Arre Main regular customer hu aapka, mujhe to special loyalty discount milna chahiye. please",,0,2
price_negotiation_032,"Hey, Main regular customer hu aapka, mujhe to special loyalty discount milna chahiye.!",price_negotiation,"Hey, Main regular customer hu aapka, mujhe to special loyalty discount milna chahiye.!",,0,2
price_negotiation_032,"Bhai Main regular customer hu aapka, mujhe to special loyalty discount milna chahiye. jaldi batao",price_negotiation,"Bhai Main regular customer hu aapka, mujhe to special loyalty discount milna chahiye. jaldi batao",,0,2
price_negotiation_032,"Sir Main regular customer hu aapka, mujhe to special loyalty discount milna chahiye. kindly confirm",price_negotiation,"Sir Main regular customer hu aapka, mujhe to special loyalty discount milna chahiye. kindly confirm",,0,2
price_negotiation_032,"Sunna Main regular customer hu aapka, mujhe to special loyalty discount milna chahiye....",price_negotiation,"Sunna Main regular customer hu aapka, mujhe to special loyalty discount milna chahiye.",,1,2
price_negotiation_032,"Dekho Main regular customer hu aapka, mujhe to special loyalty discount milna chahiye. actually",price_negotiation,"Dekho Main regular customer hu aapka, mujhe to special loyalty discount milna chahiye. actually",,0,2
price_negotiation_032,"Hello team, Main regular customer hu aapka, mujhe to special loyalty discount milna chahiye.",price_negotiation,"Hello team, Main regular customer hu aapka, mujhe to special loyalty discount milna chahiye.",,0,2
price_negotiation_033,"Round figure me 10,000 kar do to main Google Pay kar deta hu turant.",price_negotiation,"Round figure me 10,00 kar do to main Google Pay kar deta hu turant.",,0,2
price_negotiation_033,"Arre Round figure me 10,000 kar do to main Google Pay kar deta hu turant. please",price_negotiation,"Arre Round figure me 10,00 kar do to main Google Pay kar deta hu turant. please",,0,2
price_negotiation_033,"Hey, Round figure me 10,000 kar do to main Google Pay kar deta hu turant.!",price_negotiation,"Hey, Round figure me 10,00 kar do to main Google Pay kar deta hu turant.!",,0,2
price_negotiation_033,"Bhai Round figure me 10,000 kar do to main Google Pay kar deta hu turant. jaldi batao",price_negotiation,"Bhai Round figure me 10,00 kar do to main Google Pay kar deta hu turant. jaldi batao",,0,2
price_negotiation_033,"Sir Round figure me 10,000 kar do to main Google Pay kar deta hu turant. kindly confirm",price_negotiation,"Sir Round figure me 10,00 kar do to main Google Pay kar deta hu turant. kindly confirm",,0,2
price_negotiation_033,"Sunna Round figure me 10,000 kar do to main Google Pay kar deta hu turant....",price_negotiation,"Sunna Round figure me 10,00 kar do to main Google Pay kar deta hu turant.",,1,2
price_negotiation_033,"Dekho Round figure me 10,000 kar do to main Google Pay kar deta hu turant. actually",price_negotiation,"Dekho Round figure me 10,00 kar do to main Google Pay kar deta hu turant. actually",,0,2
price_negotiation_033,"Hello team, Round figure me 10,000 kar do to main Google Pay kar deta hu turant.",price_negotiation,"Hello team, Round figure me 10,00 kar do to main Google Pay kar deta hu turant.",,0,2
price_negotiation_034,Maintenance fee me thoda concession kar sakte ho kya pehle saal ke liye?,price_negotiation,Maintenance fee me thoda concession kar sakte ho kya pehle saal ke liye?,,0,2
price_negotiation_034,Arre Maintenance fee me thoda concession kar sakte ho kya pehle saal ke liye? please,price_negotiation,Arre Maintenance fee me thoda concession kar sakte ho kya pehle saal ke liye? please,,0,2
price_negotiation_034,"Hey, Maintenance fee me thoda concession kar sakte ho kya pehle saal ke liye?!",price_negotiation,"Hey, Maintenance fee me thoda concession kar sakte ho kya pehle saal ke liye?!",,0,2
price_negotiation_034,Bhai Maintenance fee me thoda concession kar sakte ho kya pehle saal ke liye? jaldi batao,price_negotiation,Bhai Maintenance fee me thoda concession kar sakte ho kya pehle saal ke liye? jaldi batao,,0,2
price_negotiation_034,Sir Maintenance fee me thoda concession kar sakte ho kya pehle saal ke liye? kindly confirm,price_negotiation,Sir Maintenance fee me thoda concession kar sakte ho kya pehle saal ke liye? kindly confirm,,0,2
price_negotiation_034,Sunna Maintenance fee me thoda concession kar sakte ho kya pehle saal ke liye?...,price_negotiation,Sunna Maintenance fee me thoda concession kar sakte ho kya pehle saal ke liye?.,,1,2
price_negotiation_034,Dekho Maintenance fee me thoda concession kar sakte ho kya pehle saal ke liye? actually,price_negotiation,Dekho Maintenance fee me thoda concession kar sakte ho kya pehle saal ke liye? actually,,0,2
price_negotiation_034,"Hello team, Maintenance fee me thoda concession kar sakte ho kya pehle saal ke liye?",price_negotiation,"Hello team, Maintenance fee me thoda concession kar sakte ho kya pehle saal ke liye?",,0,2
price_negotiation_035,Agar main aaj hi booking confirm karu to maximum kitna percent off doge?,price_negotiation,Agar main aaj hi booking confirm karu to maximum kitna percent off doge?,,0,2
price_negotiation_035,Arre Agar main aaj hi booking confirm karu to maximum kitna percent off doge? please,price_negotiation,Arre Agar main aaj hi booking confirm karu to maximum kitna percent off doge? please,,0,2
price_negotiation_035,"Hey, Agar main aaj hi booking confirm karu to maximum kitna percent off doge?!",price_negotiation,"Hey, Agar main aaj hi booking confirm karu to maximum kitna percent off doge?!",,0,2
price_negotiation_035,Bhai Agar main aaj hi booking confirm karu to maximum kitna percent off doge? jaldi batao,price_negotiation,Bhai Agar main aaj hi booking confirm karu to maximum kitna percent off doge? jaldi batao,,0,2
price_negotiation_035,Sir Agar main aaj hi booking confirm karu to maximum kitna percent off doge? kindly confirm,price_negotiation,Sir Agar main aaj hi booking confirm karu to maximum kitna percent off doge? kindly confirm,,0,2
price_negotiation_035,Sunna Agar main aaj hi booking confirm karu to maximum kitna percent off doge?...,price_negotiation,Sunna Agar main aaj hi booking confirm karu to maximum kitna percent off doge?.,,1,2
price_negotiation_035,Dekho Agar main aaj hi booking confirm karu to maximum kitna percent off doge? actually,price_negotiation,Dekho Agar main aaj hi booking confirm karu to maximum kitna percent off doge? actually,,0,2
price_negotiation_035,"Hello team, Agar main aaj hi booking confirm karu to maximum kitna percent off doge?",price_negotiation,"Hello team, Agar main aaj hi booking confirm karu to maximum kitna percent off doge?",,0,2
price_negotiation_036,"Thoda rate kam karo bhai, itna quotation dekh ke koi approve nahi karega.",price_negotiation,"Thoda rate kam karo bhai, itna quotation dekh ke koi approve nahi karega.",,0,2
price_negotiation_036,"Arre Thoda rate kam karo bhai, itna quotation dekh ke koi approve nahi karega. please",price_negotiation,"Arre Thoda rate kam karo bhai, itna quotation dekh ke koi approve nahi karega. please",,0,2
price_negotiation_036,"Hey, Thoda rate kam karo bhai, itna quotation dekh ke koi approve nahi karega.!",price_negotiation,"Hey, Thoda rate kam karo bhai, itna quotation dekh ke koi approve nahi karega.!",,0,2
price_negotiation_036,"Bhai Thoda rate kam karo bhai, itna quotation dekh ke koi approve nahi karega. jaldi batao",price_negotiation,"Bhai Thoda rate kam karo bhai, itna quotation dekh ke koi approve nahi karega. jaldi batao",,0,2
price_negotiation_036,"Sir Thoda rate kam karo bhai, itna quotation dekh ke koi approve nahi karega. kindly confirm",price_negotiation,"Sir Thoda rate kam karo bhai, itna quotation dekh ke koi approve nahi karega. kindly confirm",,0,2
price_negotiation_036,"Sunna Thoda rate kam karo bhai, itna quotation dekh ke koi approve nahi karega....",price_negotiation,"Sunna Thoda rate kam karo bhai, itna quotation dekh ke koi approve nahi karega.",,1,2
price_negotiation_036,"Dekho Thoda rate kam karo bhai, itna quotation dekh ke koi approve nahi karega. actually",price_negotiation,"Dekho Thoda rate kam karo bhai, itna quotation dekh ke koi approve nahi karega. actually",,0,2
price_negotiation_036,"Hello team, Thoda rate kam karo bhai, itna quotation dekh ke koi approve nahi karega.",price_negotiation,"Hello team, Thoda rate kam karo bhai, itna quotation dekh ke koi approve nahi karega.",,0,2
price_negotiation_038,"Aapke rates over the top hain, 15% discount ke bina baat nahi banegi.",price_negotiation,"Aapke rates over the top hain, 15% discount ke bina baat nahi banegi.",,0,2
price_negotiation_038,"Arre Aapke rates over the top hain, 15% discount ke bina baat nahi banegi. please",price_negotiation,"Arre Aapke rates over the top hain, 15% discount ke bina baat nahi banegi. please",,0,2
price_negotiation_038,"Hey, Aapke rates over the top hain, 15% discount ke bina baat nahi banegi.!",price_negotiation,"Hey, Aapke rates over the top hain, 15% discount ke bina baat nahi banegi.!",,0,2
price_negotiation_038,"Bhai Aapke rates over the top hain, 15% discount ke bina baat nahi banegi. jaldi batao",price_negotiation,"Bhai Aapke rates over the top hain, 15% discount ke bina baat nahi banegi. jaldi batao",,0,2
price_negotiation_038,"Sir Aapke rates over the top hain, 15% discount ke bina baat nahi banegi. kindly confirm",price_negotiation,"Sir Aapke rates over the top hain, 15% discount ke bina baat nahi banegi. kindly confirm",,0,2
price_negotiation_038,"Sunna Aapke rates over the top hain, 15% discount ke bina baat nahi banegi....",price_negotiation,"Sunna Aapke rates over the top hain, 15% discount ke bina baat nahi banegi.",,1,2
price_negotiation_038,"Dekho Aapke rates over the top hain, 15% discount ke bina baat nahi banegi. actually",price_negotiation,"Dekho Aapke rates over the top hain, 15% discount ke bina baat nahi banegi. actually",,0,2
price_negotiation_038,"Hello team, Aapke rates over the top hain, 15% discount ke bina baat nahi banegi.",price_negotiation,"Hello team, Aapke rates over the top hain, 15% discount ke bina baat nahi banegi.",,0,2
price_negotiation_039,Agar main upfront lump sum pay karu to processing charge maaf karoge?,price_negotiation,Agar main upfront lump sum pay karu to processing charge maaf karoge?,,0,2
price_negotiation_039,Arre Agar main upfront lump sum pay karu to processing charge maaf karoge? please,price_negotiation,Arre Agar main upfront lump sum pay karu to processing charge maaf karoge? please,,0,2
price_negotiation_039,"Hey, Agar main upfront lump sum pay karu to processing charge maaf karoge?!",price_negotiation,"Hey, Agar main upfront lump sum pay karu to processing charge maaf karoge?!",,0,2
price_negotiation_039,Bhai Agar main upfront lump sum pay karu to processing charge maaf karoge? jaldi batao,price_negotiation,Bhai Agar main upfront lump sum pay karu to processing charge maaf karoge? jaldi batao,,0,2
price_negotiation_039,Sir Agar main upfront lump sum pay karu to processing charge maaf karoge? kindly confirm,price_negotiation,Sir Agar main upfront lump sum pay karu to processing charge maaf karoge? kindly confirm,,0,2
price_negotiation_039,Sunna Agar main upfront lump sum pay karu to processing charge maaf karoge?...,price_negotiation,Sunna Agar main upfront lump sum pay karu to processing charge maaf karoge?.,,1,2
price_negotiation_039,Dekho Agar main upfront lump sum pay karu to processing charge maaf karoge? actually,price_negotiation,Dekho Agar main upfront lump sum pay karu to processing charge maaf karoge? actually,,0,2
price_negotiation_039,"Hello team, Agar main upfront lump sum pay karu to processing charge maaf karoge?",price_negotiation,"Hello team, Agar main upfront lump sum pay karu to processing charge maaf karoge?",,0,2
price_negotiation_040,Dono course ka bundle bana ke thoda discounted rate me de do please.,price_negotiation,Dono course ka bundle bana ke thoda discounted rate me de do please.,,0,2
price_negotiation_040,Arre Dono course ka bundle bana ke thoda discounted rate me de do please. please,price_negotiation,Arre Dono course ka bundle bana ke thoda discounted rate me de do please. please,,0,2
price_negotiation_040,"Hey, Dono course ka bundle bana ke thoda discounted rate me de do please.!",price_negotiation,"Hey, Dono course ka bundle bana ke thoda discounted rate me de do please.!",,0,2
price_negotiation_040,Bhai Dono course ka bundle bana ke thoda discounted rate me de do please. jaldi batao,price_negotiation,Bhai Dono course ka bundle bana ke thoda discounted rate me de do please. jaldi batao,,0,2
price_negotiation_040,Sir Dono course ka bundle bana ke thoda discounted rate me de do please. kindly confirm,price_negotiation,Sir Dono course ka bundle bana ke thoda discounted rate me de do please. kindly confirm,,0,2
price_negotiation_040,Sunna Dono course ka bundle bana ke thoda discounted rate me de do please....,price_negotiation,Sunna Dono course ka bundle bana ke thoda discounted rate me de do please.,,1,2
price_negotiation_040,Dekho Dono course ka bundle bana ke thoda discounted rate me de do please. actually,price_negotiation,Dekho Dono course ka bundle bana ke thoda discounted rate me de do please. actually,,0,2
price_negotiation_040,"Hello team, Dono course ka bundle bana ke thoda discounted rate me de do please.",price_negotiation,"Hello team, Dono course ka bundle bana ke thoda discounted rate me de do please.",,0,2
price_negotiation_041,Bhai thoda discount to banta hai na pehli deal par.,price_negotiation,Bhai thoda discount to banta hai na pehli deal par.,,0,2
price_negotiation_041,Arre Bhai thoda discount to banta hai na pehli deal par. please,price_negotiation,Arre Bhai thoda discount to banta hai na pehli deal par. please,,0,2
price_negotiation_041,"Hey, Bhai thoda discount to banta hai na pehli deal par.!",price_negotiation,"Hey, Bhai thoda discount to banta hai na pehli deal par.!",,0,2
price_negotiation_041,Bhai Bhai thoda discount to banta hai na pehli deal par. jaldi batao,price_negotiation,Bhai Bhai thoda discount to banta hai na pehli deal par. jaldi batao,,0,2
price_negotiation_041,Sir Bhai thoda discount to banta hai na pehli deal par. kindly confirm,price_negotiation,Sir Bhai thoda discount to banta hai na pehli deal par. kindly confirm,,0,2
price_negotiation_041,Sunna Bhai thoda discount to banta hai na pehli deal par....,price_negotiation,Sunna Bhai thoda discount to banta hai na pehli deal par.,,1,2
price_negotiation_041,Dekho Bhai thoda discount to banta hai na pehli deal par. actually,price_negotiation,Dekho Bhai thoda discount to banta hai na pehli deal par. actually,,0,2
price_negotiation_041,"Hello team, Bhai thoda discount to banta hai na pehli deal par.",price_negotiation,"Hello team, Bhai thoda discount to banta hai na pehli deal par.",,0,2
price_negotiation_042,"Is price me deal crack nahi hogi, thoda negotiation room rakho.",price_negotiation,"Is price me deal crack nahi hogi, thoda negotiation room rakho.",,0,2
price_negotiation_042,"Arre Is price me deal crack nahi hogi, thoda negotiation room rakho. please",price_negotiation,"Arre Is price me deal crack nahi hogi, thoda negotiation room rakho. please",,0,2
price_negotiation_042,"Hey, Is price me deal crack nahi hogi, thoda negotiation room rakho.!",price_negotiation,"Hey, Is price me deal crack nahi hogi, thoda negotiation room rakho.!",,0,2
price_negotiation_042,"Bhai Is price me deal crack nahi hogi, thoda negotiation room rakho. jaldi batao",price_negotiation,"Bhai Is price me deal crack nahi hogi, thoda negotiation room rakho. jaldi batao",,0,2
price_negotiation_042,"Sir Is price me deal crack nahi hogi, thoda negotiation room rakho. kindly confirm",price_negotiation,"Sir Is price me deal crack nahi hogi, thoda negotiation room rakho. kindly confirm",,0,2
price_negotiation_042,"Sunna Is price me deal crack nahi hogi, thoda negotiation room rakho....",price_negotiation,"Sunna Is price me deal crack nahi hogi, thoda negotiation room rakho.",,1,2
price_negotiation_042,"Dekho Is price me deal crack nahi hogi, thoda negotiation room rakho. actually",price_negotiation,"Dekho Is price me deal crack nahi hogi, thoda negotiation room rakho. actually",,0,2
price_negotiation_042,"Hello team, Is price me deal crack nahi hogi, thoda negotiation room rakho.",price_negotiation,"Hello team, Is price me deal crack nahi hogi, thoda negotiation room rakho.",,0,2
price_negotiation_043,Agar hum 10 licenses ek sath khareede to enterprise pricing me kitna cut karoge?,price_negotiation,Agar hum 10 licenses ek sath khareede to enterprise pricing me kitna cut karoge?,,0,2
price_negotiation_043,Arre Agar hum 10 licenses ek sath khareede to enterprise pricing me kitna cut karoge? please,price_negotiation,Arre Agar hum 10 licenses ek sath khareede to enterprise pricing me kitna cut karoge? please,,0,2
price_negotiation_043,"Hey, Agar hum 10 licenses ek sath khareede to enterprise pricing me kitna cut karoge?!",price_negotiation,"Hey, Agar hum 10 licenses ek sath khareede to enterprise pricing me kitna cut karoge?!",,0,2
price_negotiation_043,Bhai Agar hum 10 licenses ek sath khareede to enterprise pricing me kitna cut karoge? jaldi batao,price_negotiation,Bhai Agar hum 10 licenses ek sath khareede to enterprise pricing me kitna cut karoge? jaldi batao,,0,2
price_negotiation_043,Sir Agar hum 10 licenses ek sath khareede to enterprise pricing me kitna cut karoge? kindly confirm,price_negotiation,Sir Agar hum 10 licenses ek sath khareede to enterprise pricing me kitna cut karoge? kindly confirm,,0,2
price_negotiation_043,Sunna Agar hum 10 licenses ek sath khareede to enterprise pricing me kitna cut karoge?...,price_negotiation,Sunna Agar hum 10 licenses ek sath khareede to enterprise pricing me kitna cut karoge?.,,1,2
price_negotiation_043,Dekho Agar hum 10 licenses ek sath khareede to enterprise pricing me kitna cut karoge? actually,price_negotiation,Dekho Agar hum 10 licenses ek sath khareede to enterprise pricing me kitna cut karoge? actually,,0,2
price_negotiation_043,"Hello team, Agar hum 10 licenses ek sath khareede to enterprise pricing me kitna cut karoge?",price_negotiation,"Hello team, Agar hum 10 licenses ek sath khareede to enterprise pricing me kitna cut karoge?",,0,2
price_negotiation_044,"Price thoda realistic quote karo, budget se bahar ja raha hai.",price_negotiation,"Price thoda realistic quote karo, budget se bahar ja raha hai.",,0,2
price_negotiation_044,"Arre Price thoda realistic quote karo, budget se bahar ja raha hai. please",price_negotiation,"Arre Price thoda realistic quote karo, budget se bahar ja raha hai. please",,0,2
price_negotiation_044,"Hey, Price thoda realistic quote karo, budget se bahar ja raha hai.!",price_negotiation,"Hey, Price thoda realistic quote karo, budget se bahar ja raha hai.!",,0,2
price_negotiation_044,"Bhai Price thoda realistic quote karo, budget se bahar ja raha hai. jaldi batao",price_negotiation,"Bhai Price thoda realistic quote karo, budget se bahar ja raha hai. jaldi batao",,0,2
price_negotiation_044,"Sir Price thoda realistic quote karo, budget se bahar ja raha hai. kindly confirm",price_negotiation,"Sir Price thoda realistic quote karo, budget se bahar ja raha hai. kindly confirm",,0,2
price_negotiation_044,"Sunna Price thoda realistic quote karo, budget se bahar ja raha hai....",price_negotiation,"Sunna Price thoda realistic quote karo, budget se bahar ja raha hai.",,1,2
price_negotiation_044,"Dekho Price thoda realistic quote karo, budget se bahar ja raha hai. actually",price_negotiation,"Dekho Price thoda realistic quote karo, budget se bahar ja raha hai. actually",,0,2
price_negotiation_044,"Hello team, Price thoda realistic quote karo, budget se bahar ja raha hai.",price_negotiation,"Hello team, Price thoda realistic quote karo, budget se bahar ja raha hai.",,0,2
price_negotiation_045,Delivery charge hata do aur final amount batao payment ke liye.,price_negotiation,Delivery charge hata do aur final amount batao payment ke liye.,,0,2
price_negotiation_045,Arre Delivery charge hata do aur final amount batao payment ke liye. please,price_negotiation,Arre Delivery charge hata do aur final amount batao payment ke liye. please,,0,2
price_negotiation_045,"Hey, Delivery charge hata do aur final amount batao payment ke liye.!",price_negotiation,"Hey, Delivery charge hata do aur final amount batao payment ke liye.!",,0,2
price_negotiation_045,Bhai Delivery charge hata do aur final amount batao payment ke liye. jaldi batao,price_negotiation,Bhai Delivery charge hata do aur final amount batao payment ke liye. jaldi batao,,0,2
price_negotiation_045,Sir Delivery charge hata do aur final amount batao payment ke liye. kindly confirm,price_negotiation,Sir Delivery charge hata do aur final amount batao payment ke liye. kindly confirm,,0,2
price_negotiation_045,Sunna Delivery charge hata do aur final amount batao payment ke liye....,price_negotiation,Sunna Delivery charge hata do aur final amount batao payment ke liye.,,1,2
price_negotiation_045,Dekho Delivery charge hata do aur final amount batao payment ke liye. actually,price_negotiation,Dekho Delivery charge hata do aur final amount batao payment ke liye. actually,,0,2
price_negotiation_045,"Hello team, Delivery charge hata do aur final amount batao payment ke liye.",price_negotiation,"Hello team, Delivery charge hata do aur final amount batao payment ke liye.",,0,2
price_negotiation_046,Agar discount nahi milega to mujhe doosre vendor se quote mangwana padega.,price_negotiation,Agar discount nahi milega to mujhe doosre vendor se quote mangwana padega.,,0,2
price_negotiation_046,Arre Agar discount nahi milega to mujhe doosre vendor se quote mangwana padega. please,price_negotiation,Arre Agar discount nahi milega to mujhe doosre vendor se quote mangwana padega. please,,0,2
price_negotiation_046,"Hey, Agar discount nahi milega to mujhe doosre vendor se quote mangwana padega.!",price_negotiation,"Hey, Agar discount nahi milega to mujhe doosre vendor se quote mangwana padega.!",,0,2
price_negotiation_046,Bhai Agar discount nahi milega to mujhe doosre vendor se quote mangwana padega. jaldi batao,price_negotiation,Bhai Agar discount nahi milega to mujhe doosre vendor se quote mangwana padega. jaldi batao,,0,2
price_negotiation_046,Sir Agar discount nahi milega to mujhe doosre vendor se quote mangwana padega. kindly confirm,price_negotiation,Sir Agar discount nahi milega to mujhe doosre vendor se quote mangwana padega. kindly confirm,,0,2
price_negotiation_046,Sunna Agar discount nahi milega to mujhe doosre vendor se quote mangwana padega....,price_negotiation,Sunna Agar discount nahi milega to mujhe doosre vendor se quote mangwana padega.,,1,2
price_negotiation_046,Dekho Agar discount nahi milega to mujhe doosre vendor se quote mangwana padega. actually,price_negotiation,Dekho Agar discount nahi milega to mujhe doosre vendor se quote mangwana padega. actually,,0,2
price_negotiation_046,"Hello team, Agar discount nahi milega to mujhe doosre vendor se quote mangwana padega.",price_negotiation,"Hello team, Agar discount nahi milega to mujhe doosre vendor se quote mangwana padega.",,0,2
price_negotiation_047,"Thoda bargain kar lete hain, 8000 me deal pakki karte hain.",price_negotiation,"Thoda bargain kar lete hain, 800 me deal pakki karte hain.",,0,2
price_negotiation_047,"Arre Thoda bargain kar lete hain, 8000 me deal pakki karte hain. please",price_negotiation,"Arre Thoda bargain kar lete hain, 800 me deal pakki karte hain. please",,0,2
price_negotiation_047,"Hey, Thoda bargain kar lete hain, 8000 me deal pakki karte hain.!",price_negotiation,"Hey, Thoda bargain kar lete hain, 800 me deal pakki karte hain.!",,0,2
price_negotiation_047,"Bhai Thoda bargain kar lete hain, 8000 me deal pakki karte hain. jaldi batao",price_negotiation,"Bhai Thoda bargain kar lete hain, 800 me deal pakki karte hain. jaldi batao",,0,2
price_negotiation_047,"Sir Thoda bargain kar lete hain, 8000 me deal pakki karte hain. kindly confirm",price_negotiation,"Sir Thoda bargain kar lete hain, 800 me deal pakki karte hain. kindly confirm",,0,2
price_negotiation_047,"Sunna Thoda bargain kar lete hain, 8000 me deal pakki karte hain....",price_negotiation,"Sunna Thoda bargain kar lete hain, 800 me deal pakki karte hain.",,1,2
price_negotiation_047,"Dekho Thoda bargain kar lete hain, 8000 me deal pakki karte hain. actually",price_negotiation,"Dekho Thoda bargain kar lete hain, 800 me deal pakki karte hain. actually",,0,2
price_negotiation_047,"Hello team, Thoda bargain kar lete hain, 8000 me deal pakki karte hain.",price_negotiation,"Hello team, Thoda bargain kar lete hain, 800 me deal pakki karte hain.",,0,2
price_negotiation_048,Aapke sales executive ne to 10% extra concession promise kiya tha call par.,price_negotiation,Aapke sales executive ne to 10% extra concession promise kiya tha call par.,,0,2
price_negotiation_048,Arre Aapke sales executive ne to 10% extra concession promise kiya tha call par. please,price_negotiation,Arre Aapke sales executive ne to 10% extra concession promise kiya tha call par. please,,0,2
price_negotiation_048,"Hey, Aapke sales executive ne to 10% extra concession promise kiya tha call par.!",price_negotiation,"Hey, Aapke sales executive ne to 10% extra concession promise kiya tha call par.!",,0,2
price_negotiation_048,Bhai Aapke sales executive ne to 10% extra concession promise kiya tha call par. jaldi batao,price_negotiation,Bhai Aapke sales executive ne to 10% extra concession promise kiya tha call par. jaldi batao,,0,2
price_negotiation_048,Sir Aapke sales executive ne to 10% extra concession promise kiya tha call par. kindly confirm,price_negotiation,Sir Aapke sales executive ne to 10% extra concession promise kiya tha call par. kindly confirm,,0,2
price_negotiation_048,Sunna Aapke sales executive ne to 10% extra concession promise kiya tha call par....,price_negotiation,Sunna Aapke sales executive ne to 10% extra concession promise kiya tha call par.,,1,2
price_negotiation_048,Dekho Aapke sales executive ne to 10% extra concession promise kiya tha call par. actually,price_negotiation,Dekho Aapke sales executive ne to 10% extra concession promise kiya tha call par. actually,,0,2
price_negotiation_048,"Hello team, Aapke sales executive ne to 10% extra concession promise kiya tha call par.",price_negotiation,"Hello team, Aapke sales executive ne to 10% extra concession promise kiya tha call par.",,0,2
price_negotiation_050,Free accessories sath me bundle kar do tab main ye price accept karunga.,price_negotiation,Free accessories sath me bundle kar do tab main ye price accept karunga.,,0,2
price_negotiation_050,Arre Free accessories sath me bundle kar do tab main ye price accept karunga. please,price_negotiation,Arre Free accessories sath me bundle kar do tab main ye price accept karunga. please,,0,2
price_negotiation_050,"Hey, Free accessories sath me bundle kar do tab main ye price accept karunga.!",price_negotiation,"Hey, Free accessories sath me bundle kar do tab main ye price accept karunga.!",,0,2
price_negotiation_050,Bhai Free accessories sath me bundle kar do tab main ye price accept karunga. jaldi batao,price_negotiation,Bhai Free accessories sath me bundle kar do tab main ye price accept karunga. jaldi batao,,0,2
price_negotiation_050,Sir Free accessories sath me bundle kar do tab main ye price accept karunga. kindly confirm,price_negotiation,Sir Free accessories sath me bundle kar do tab main ye price accept karunga. kindly confirm,,0,2
price_negotiation_050,Sunna Free accessories sath me bundle kar do tab main ye price accept karunga....,price_negotiation,Sunna Free accessories sath me bundle kar do tab main ye price accept karunga.,,1,2
price_negotiation_050,Dekho Free accessories sath me bundle kar do tab main ye price accept karunga. actually,price_negotiation,Dekho Free accessories sath me bundle kar do tab main ye price accept karunga. actually,,0,2
price_negotiation_050,"Hello team, Free accessories sath me bundle kar do tab main ye price accept karunga.",price_negotiation,"Hello team, Free accessories sath me bundle kar do tab main ye price accept karunga.",,0,2
price_negotiation_051,Off-season chal raha hai thoda special seasonal rate offer karo.,price_negotiation,Off-season chal raha hai thoda special seasonal rate offer karo.,,0,2
price_negotiation_051,Arre Off-season chal raha hai thoda special seasonal rate offer karo. please,price_negotiation,Arre Off-season chal raha hai thoda special seasonal rate offer karo. please,,0,2
price_negotiation_051,"Hey, Off-season chal raha hai thoda special seasonal rate offer karo.!",price_negotiation,"Hey, Off-season chal raha hai thoda special seasonal rate offer karo.!",,0,2
price_negotiation_051,Bhai Off-season chal raha hai thoda special seasonal rate offer karo. jaldi batao,price_negotiation,Bhai Off-season chal raha hai thoda special seasonal rate offer karo. jaldi batao,,0,2
price_negotiation_051,Sir Off-season chal raha hai thoda special seasonal rate offer karo. kindly confirm,price_negotiation,Sir Off-season chal raha hai thoda special seasonal rate offer karo. kindly confirm,,0,2
price_negotiation_051,Sunna Off-season chal raha hai thoda special seasonal rate offer karo....,price_negotiation,Sunna Off-season chal raha hai thoda special seasonal rate offer karo.,,1,2
price_negotiation_051,Dekho Off-season chal raha hai thoda special seasonal rate offer karo. actually,price_negotiation,Dekho Off-season chal raha hai thoda special seasonal rate offer karo. actually,,0,2
price_negotiation_051,"Hello team, Off-season chal raha hai thoda special seasonal rate offer karo.",price_negotiation,"Hello team, Off-season chal raha hai thoda special seasonal rate offer karo.",,0,2
price_negotiation_054,Old device exchange ki value thodi better lagao tab new phone buy karunga.,price_negotiation,Old device exchange ki value thodi better lagao tab new phone buy karunga.,,0,2
price_negotiation_054,Arre Old device exchange ki value thodi better lagao tab new phone buy karunga. please,price_negotiation,Arre Old device exchange ki value thodi better lagao tab new phone buy karunga. please,,0,2
price_negotiation_054,"Hey, Old device exchange ki value thodi better lagao tab new phone buy karunga.!",price_negotiation,"Hey, Old device exchange ki value thodi better lagao tab new phone buy karunga.!",,0,2
price_negotiation_054,Bhai Old device exchange ki value thodi better lagao tab new phone buy karunga. jaldi batao,price_negotiation,Bhai Old device exchange ki value thodi better lagao tab new phone buy karunga. jaldi batao,,0,2
price_negotiation_054,Sir Old device exchange ki value thodi better lagao tab new phone buy karunga. kindly confirm,price_negotiation,Sir Old device exchange ki value thodi better lagao tab new phone buy karunga. kindly confirm,,0,2
price_negotiation_054,Sunna Old device exchange ki value thodi better lagao tab new phone buy karunga....,price_negotiation,Sunna Old device exchange ki value thodi better lagao tab new phone buy karunga.,,1,2
price_negotiation_054,Dekho Old device exchange ki value thodi better lagao tab new phone buy karunga. actually,price_negotiation,Dekho Old device exchange ki value thodi better lagao tab new phone buy karunga. actually,,0,2
price_negotiation_054,"Hello team, Old device exchange ki value thodi better lagao tab new phone buy karunga.",price_negotiation,"Hello team, Old device exchange ki value thodi better lagao tab new phone buy karunga.",,0,2
price_negotiation_055,Kuch coupon code apply ho sakta hai kya checkout cart par discount ke liye?,price_negotiation,Kuch coupon code apply ho sakta hai kya checkout cart par discount ke liye?,,0,2
price_negotiation_055,Arre Kuch coupon code apply ho sakta hai kya checkout cart par discount ke liye? please,price_negotiation,Arre Kuch coupon code apply ho sakta hai kya checkout cart par discount ke liye? please,,0,2
price_negotiation_055,"Hey, Kuch coupon code apply ho sakta hai kya checkout cart par discount ke liye?!",price_negotiation,"Hey, Kuch coupon code apply ho sakta hai kya checkout cart par discount ke liye?!",,0,2
price_negotiation_055,Bhai Kuch coupon code apply ho sakta hai kya checkout cart par discount ke liye? jaldi batao,price_negotiation,Bhai Kuch coupon code apply ho sakta hai kya checkout cart par discount ke liye? jaldi batao,,0,2
price_negotiation_055,Sir Kuch coupon code apply ho sakta hai kya checkout cart par discount ke liye? kindly confirm,price_negotiation,Sir Kuch coupon code apply ho sakta hai kya checkout cart par discount ke liye? kindly confirm,,0,2
price_negotiation_055,Sunna Kuch coupon code apply ho sakta hai kya checkout cart par discount ke liye?...,price_negotiation,Sunna Kuch coupon code apply ho sakta hai kya checkout cart par discount ke liye?.,,1,2
price_negotiation_055,Dekho Kuch coupon code apply ho sakta hai kya checkout cart par discount ke liye? actually,price_negotiation,Dekho Kuch coupon code apply ho sakta hai kya checkout cart par discount ke liye? actually,,0,2
price_negotiation_055,"Hello team, Kuch coupon code apply ho sakta hai kya checkout cart par discount ke liye?",price_negotiation,"Hello team, Kuch coupon code apply ho sakta hai kya checkout cart par discount ke liye?",,0,2
price_negotiation_056,Hamara NGO startup hai thoda discounted subsidized rate laga do.,price_negotiation,Hamara NGO startup hai thoda discounted subsidized rate laga do.,,0,2
price_negotiation_056,Arre Hamara NGO startup hai thoda discounted subsidized rate laga do. please,price_negotiation,Arre Hamara NGO startup hai thoda discounted subsidized rate laga do. please,,0,2
price_negotiation_056,"Hey, Hamara NGO startup hai thoda discounted subsidized rate laga do.!",price_negotiation,"Hey, Hamara NGO startup hai thoda discounted subsidized rate laga do.!",,0,2
price_negotiation_056,Bhai Hamara NGO startup hai thoda discounted subsidized rate laga do. jaldi batao,price_negotiation,Bhai Hamara NGO startup hai thoda discounted subsidized rate laga do. jaldi batao,,0,2
price_negotiation_056,Sir Hamara NGO startup hai thoda discounted subsidized rate laga do. kindly confirm,price_negotiation,Sir Hamara NGO startup hai thoda discounted subsidized rate laga do. kindly confirm,,0,2
price_negotiation_056,Sunna Hamara NGO startup hai thoda discounted subsidized rate laga do....,price_negotiation,Sunna Hamara NGO startup hai thoda discounted subsidized rate laga do.,,1,2
price_negotiation_056,Dekho Hamara NGO startup hai thoda discounted subsidized rate laga do. actually,price_negotiation,Dekho Hamara NGO startup hai thoda discounted subsidized rate laga do. actually,,0,2
price_negotiation_056,"Hello team, Hamara NGO startup hai thoda discounted subsidized rate laga do.",price_negotiation,"Hello team, Hamara NGO startup hai thoda discounted subsidized rate laga do.",,0,2
price_negotiation_057,Sir price 2000 kam kar do main turant swipe kar deta hu card.,price_negotiation,Sir price 200 kam kar do main turant swipe kar deta hu card.,,0,2
price_negotiation_057,Arre Sir price 2000 kam kar do main turant swipe kar deta hu card. please,price_negotiation,Arre Sir price 200 kam kar do main turant swipe kar deta hu card. please,,0,2
price_negotiation_057,"Hey, Sir price 2000 kam kar do main turant swipe kar deta hu card.!",price_negotiation,"Hey, Sir price 200 kam kar do main turant swipe kar deta hu card.!",,0,2
price_negotiation_057,Bhai Sir price 2000 kam kar do main turant swipe kar deta hu card. jaldi batao,price_negotiation,Bhai Sir price 200 kam kar do main turant swipe kar deta hu card. jaldi batao,,0,2
price_negotiation_057,Sir Sir price 2000 kam kar do main turant swipe kar deta hu card. kindly confirm,price_negotiation,Sir Sir price 200 kam kar do main turant swipe kar deta hu card. kindly confirm,,0,2
price_negotiation_057,Sunna Sir price 2000 kam kar do main turant swipe kar deta hu card....,price_negotiation,Sunna Sir price 200 kam kar do main turant swipe kar deta hu card.,,1,2
price_negotiation_057,Dekho Sir price 2000 kam kar do main turant swipe kar deta hu card. actually,price_negotiation,Dekho Sir price 200 kam kar do main turant swipe kar deta hu card. actually,,0,2
price_negotiation_057,"Hello team, Sir price 2000 kam kar do main turant swipe kar deta hu card.",price_negotiation,"Hello team, Sir price 200 kam kar do main turant swipe kar deta hu card.",,0,2
price_negotiation_058,Other brands 30% discount de rahe hain aap sirf 5% de rahe ho aisa kyu?,price_negotiation,Other brands 30% discount de rahe hain aap sirf 5% de rahe ho aisa kyu?,,0,2
price_negotiation_058,Arre Other brands 30% discount de rahe hain aap sirf 5% de rahe ho aisa kyu? please,price_negotiation,Arre Other brands 30% discount de rahe hain aap sirf 5% de rahe ho aisa kyu? please,,0,2
price_negotiation_058,"Hey, Other brands 30% discount de rahe hain aap sirf 5% de rahe ho aisa kyu?!",price_negotiation,"Hey, Other brands 30% discount de rahe hain aap sirf 5% de rahe ho aisa kyu?!",,0,2
price_negotiation_058,Bhai Other brands 30% discount de rahe hain aap sirf 5% de rahe ho aisa kyu? jaldi batao,price_negotiation,Bhai Other brands 30% discount de rahe hain aap sirf 5% de rahe ho aisa kyu? jaldi batao,,0,2
price_negotiation_058,Sir Other brands 30% discount de rahe hain aap sirf 5% de rahe ho aisa kyu? kindly confirm,price_negotiation,Sir Other brands 30% discount de rahe hain aap sirf 5% de rahe ho aisa kyu? kindly confirm,,0,2
price_negotiation_058,Sunna Other brands 30% discount de rahe hain aap sirf 5% de rahe ho aisa kyu?...,price_negotiation,Sunna Other brands 30% discount de rahe hain aap sirf 5% de rahe ho aisa kyu?.,,1,2
price_negotiation_058,Dekho Other brands 30% discount de rahe hain aap sirf 5% de rahe ho aisa kyu? actually,price_negotiation,Dekho Other brands 30% discount de rahe hain aap sirf 5% de rahe ho aisa kyu? actually,,0,2
price_negotiation_058,"Hello team, Other brands 30% discount de rahe hain aap sirf 5% de rahe ho aisa kyu?",price_negotiation,"Hello team, Other brands 30% discount de rahe hain aap sirf 5% de rahe ho aisa kyu?",,0,2
price_negotiation_060,Bhai last final rate lagao jisme main abhi seal kar du.,price_negotiation,Bhai last final rate lagao jisme main abhi seal kar du.,,0,2
price_negotiation_060,Arre Bhai last final rate lagao jisme main abhi seal kar du. please,price_negotiation,Arre Bhai last final rate lagao jisme main abhi seal kar du. please,,0,2
price_negotiation_060,"Hey, Bhai last final rate lagao jisme main abhi seal kar du.!",price_negotiation,"Hey, Bhai last final rate lagao jisme main abhi seal kar du.!",,0,2
price_negotiation_060,Bhai Bhai last final rate lagao jisme main abhi seal kar du. jaldi batao,price_negotiation,Bhai Bhai last final rate lagao jisme main abhi seal kar du. jaldi batao,,0,2
price_negotiation_060,Sir Bhai last final rate lagao jisme main abhi seal kar du. kindly confirm,price_negotiation,Sir Bhai last final rate lagao jisme main abhi seal kar du. kindly confirm,,0,2
price_negotiation_060,Sunna Bhai last final rate lagao jisme main abhi seal kar du....,price_negotiation,Sunna Bhai last final rate lagao jisme main abhi seal kar du.,,1,2
price_negotiation_060,Dekho Bhai last final rate lagao jisme main abhi seal kar du. actually,price_negotiation,Dekho Bhai last final rate lagao jisme main abhi seal kar du. actually,,0,2
price_negotiation_060,"Hello team, Bhai last final rate lagao jisme main abhi seal kar du.",price_negotiation,"Hello team, Bhai last final rate lagao jisme main abhi seal kar du.",,0,2
price_negotiation_063,"Aapka price thoda inflated hai, realistic market price pe aao.",price_negotiation,"Aapka price thoda inflated hai, realistic market price pe aao.",,0,2
price_negotiation_063,"Arre Aapka price thoda inflated hai, realistic market price pe aao. please",price_negotiation,"Arre Aapka price thoda inflated hai, realistic market price pe aao. please",,0,2
price_negotiation_063,"Hey, Aapka price thoda inflated hai, realistic market price pe aao.!",price_negotiation,"Hey, Aapka price thoda inflated hai, realistic market price pe aao.!",,0,2
price_negotiation_063,"Bhai Aapka price thoda inflated hai, realistic market price pe aao. jaldi batao",price_negotiation,"Bhai Aapka price thoda inflated hai, realistic market price pe aao. jaldi batao",,0,2
price_negotiation_063,"Sir Aapka price thoda inflated hai, realistic market price pe aao. kindly confirm",price_negotiation,"Sir Aapka price thoda inflated hai, realistic market price pe aao. kindly confirm",,0,2
price_negotiation_063,"Sunna Aapka price thoda inflated hai, realistic market price pe aao....",price_negotiation,"Sunna Aapka price thoda inflated hai, realistic market price pe aao.",,1,2
price_negotiation_063,"Dekho Aapka price thoda inflated hai, realistic market price pe aao. actually",price_negotiation,"Dekho Aapka price thoda inflated hai, realistic market price pe aao. actually",,0,2
price_negotiation_063,"Hello team, Aapka price thoda inflated hai, realistic market price pe aao.",price_negotiation,"Hello team, Aapka price thoda inflated hai, realistic market price pe aao.",,0,2
price_negotiation_064,Yearly package lene pe kitna months ka free extension doge?,price_negotiation,Yearly package lene pe kitna months ka free extension doge?,,0,2
price_negotiation_064,Arre Yearly package lene pe kitna months ka free extension doge? please,price_negotiation,Arre Yearly package lene pe kitna months ka free extension doge? please,,0,2
price_negotiation_064,"Hey, Yearly package lene pe kitna months ka free extension doge?!",price_negotiation,"Hey, Yearly package lene pe kitna months ka free extension doge?!",,0,2
price_negotiation_064,Bhai Yearly package lene pe kitna months ka free extension doge? jaldi batao,price_negotiation,Bhai Yearly package lene pe kitna months ka free extension doge? jaldi batao,,0,2
price_negotiation_064,Sir Yearly package lene pe kitna months ka free extension doge? kindly confirm,price_negotiation,Sir Yearly package lene pe kitna months ka free extension doge? kindly confirm,,0,2
price_negotiation_064,Sunna Yearly package lene pe kitna months ka free extension doge?...,price_negotiation,Sunna Yearly package lene pe kitna months ka free extension doge?.,,1,2
price_negotiation_064,Dekho Yearly package lene pe kitna months ka free extension doge? actually,price_negotiation,Dekho Yearly package lene pe kitna months ka free extension doge? actually,,0,2
price_negotiation_064,"Hello team, Yearly package lene pe kitna months ka free extension doge?",price_negotiation,"Hello team, Yearly package lene pe kitna months ka free extension doge?",,0,2
price_negotiation_065,Thoda discount badha do to family me sabko yahi product purchase karwa dunga.,price_negotiation,Thoda discount badha do to family me sabko yahi product purchase karwa dunga.,,0,2
price_negotiation_065,Arre Thoda discount badha do to family me sabko yahi product purchase karwa dunga. please,price_negotiation,Arre Thoda discount badha do to family me sabko yahi product purchase karwa dunga. please,,0,2
price_negotiation_065,"Hey, Thoda discount badha do to family me sabko yahi product purchase karwa dunga.!",price_negotiation,"Hey, Thoda discount badha do to family me sabko yahi product purchase karwa dunga.!",,0,2
price_negotiation_065,Bhai Thoda discount badha do to family me sabko yahi product purchase karwa dunga. jaldi batao,price_negotiation,Bhai Thoda discount badha do to family me sabko yahi product purchase karwa dunga. jaldi batao,,0,2
price_negotiation_065,Sir Thoda discount badha do to family me sabko yahi product purchase karwa dunga. kindly confirm,price_negotiation,Sir Thoda discount badha do to family me sabko yahi product purchase karwa dunga. kindly confirm,,0,2
price_negotiation_065,Sunna Thoda discount badha do to family me sabko yahi product purchase karwa dunga....,price_negotiation,Sunna Thoda discount badha do to family me sabko yahi product purchase karwa dunga.,,1,2
price_negotiation_065,Dekho Thoda discount badha do to family me sabko yahi product purchase karwa dunga. actually,price_negotiation,Dekho Thoda discount badha do to family me sabko yahi product purchase karwa dunga. actually,,0,2
price_negotiation_065,"Hello team, Thoda discount badha do to family me sabko yahi product purchase karwa dunga.",price_negotiation,"Hello team, Thoda discount badha do to family me sabko yahi product purchase karwa dunga.",,0,2
price_negotiation_066,Main cash down payment kar raha hu to credit card processing fees hatao.,price_negotiation,Main cash down payment kar raha hu to credit card processing fees hatao.,,0,2
price_negotiation_066,Arre Main cash down payment kar raha hu to credit card processing fees hatao. please,price_negotiation,Arre Main cash down payment kar raha hu to credit card processing fees hatao. please,,0,2
price_negotiation_066,"Hey, Main cash down payment kar raha hu to credit card processing fees hatao.!",price_negotiation,"Hey, Main cash down payment kar raha hu to credit card processing fees hatao.!",,0,2
price_negotiation_066,Bhai Main cash down payment kar raha hu to credit card processing fees hatao. jaldi batao,price_negotiation,Bhai Main cash down payment kar raha hu to credit card processing fees hatao. jaldi batao,,0,2
price_negotiation_066,Sir Main cash down payment kar raha hu to credit card processing fees hatao. kindly confirm,price_negotiation,Sir Main cash down payment kar raha hu to credit card processing fees hatao. kindly confirm,,0,2
price_negotiation_066,Sunna Main cash down payment kar raha hu to credit card processing fees hatao....,price_negotiation,Sunna Main cash down payment kar raha hu to credit card processing fees hatao.,,1,2
price_negotiation_066,Dekho Main cash down payment kar raha hu to credit card processing fees hatao. actually,price_negotiation,Dekho Main cash down payment kar raha hu to credit card processing fees hatao. actually,,0,2
price_negotiation_066,"Hello team, Main cash down payment kar raha hu to credit card processing fees hatao.",price_negotiation,"Hello team, Main cash down payment kar raha hu to credit card processing fees hatao.",,0,2
price_negotiation_067,"Deal finalize karo 12000 me, aage bhi aapse hi purchase karunga.",price_negotiation,"Deal finalize karo 1200 me, aage bhi aapse hi purchase karunga.",,0,2
price_negotiation_067,"Arre Deal finalize karo 12000 me, aage bhi aapse hi purchase karunga. please",price_negotiation,"Arre Deal finalize karo 1200 me, aage bhi aapse hi purchase karunga. please",,0,2
price_negotiation_067,"Hey, Deal finalize karo 12000 me, aage bhi aapse hi purchase karunga.!",price_negotiation,"Hey, Deal finalize karo 1200 me, aage bhi aapse hi purchase karunga.!",,0,2
price_negotiation_067,"Bhai Deal finalize karo 12000 me, aage bhi aapse hi purchase karunga. jaldi batao",price_negotiation,"Bhai Deal finalize karo 1200 me, aage bhi aapse hi purchase karunga. jaldi batao",,0,2
price_negotiation_067,"Sir Deal finalize karo 12000 me, aage bhi aapse hi purchase karunga. kindly confirm",price_negotiation,"Sir Deal finalize karo 1200 me, aage bhi aapse hi purchase karunga. kindly confirm",,0,2
price_negotiation_067,"Sunna Deal finalize karo 12000 me, aage bhi aapse hi purchase karunga....",price_negotiation,"Sunna Deal finalize karo 1200 me, aage bhi aapse hi purchase karunga.",,1,2
price_negotiation_067,"Dekho Deal finalize karo 12000 me, aage bhi aapse hi purchase karunga. actually",price_negotiation,"Dekho Deal finalize karo 1200 me, aage bhi aapse hi purchase karunga. actually",,0,2
price_negotiation_067,"Hello team, Deal finalize karo 12000 me, aage bhi aapse hi purchase karunga.",price_negotiation,"Hello team, Deal finalize karo 1200 me, aage bhi aapse hi purchase karunga.",,0,2
price_negotiation_068,Competitor ka quotation mail karu kya aapko price match karne ke liye?,price_negotiation,Competitor ka quotation mail karu kya aapko price match karne ke liye?,,0,2
price_negotiation_068,Arre Competitor ka quotation mail karu kya aapko price match karne ke liye? please,price_negotiation,Arre Competitor ka quotation mail karu kya aapko price match karne ke liye? please,,0,2
price_negotiation_068,"Hey, Competitor ka quotation mail karu kya aapko price match karne ke liye?!",price_negotiation,"Hey, Competitor ka quotation mail karu kya aapko price match karne ke liye?!",,0,2
price_negotiation_068,Bhai Competitor ka quotation mail karu kya aapko price match karne ke liye? jaldi batao,price_negotiation,Bhai Competitor ka quotation mail karu kya aapko price match karne ke liye? jaldi batao,,0,2
price_negotiation_068,Sir Competitor ka quotation mail karu kya aapko price match karne ke liye? kindly confirm,price_negotiation,Sir Competitor ka quotation mail karu kya aapko price match karne ke liye? kindly confirm,,0,2
price_negotiation_068,Sunna Competitor ka quotation mail karu kya aapko price match karne ke liye?...,price_negotiation,Sunna Competitor ka quotation mail karu kya aapko price match karne ke liye?.,,1,2
price_negotiation_068,Dekho Competitor ka quotation mail karu kya aapko price match karne ke liye? actually,price_negotiation,Dekho Competitor ka quotation mail karu kya aapko price match karne ke liye? actually,,0,2
price_negotiation_068,"Hello team, Competitor ka quotation mail karu kya aapko price match karne ke liye?",price_negotiation,"Hello team, Competitor ka quotation mail karu kya aapko price match karne ke liye?",,0,2
price_negotiation_070,Thoda margin compress karo aur customer ko benefit pass karo.,price_negotiation,Thoda margin compress karo aur customer ko benefit pass karo.,,0,2
price_negotiation_070,Arre Thoda margin compress karo aur customer ko benefit pass karo. please,price_negotiation,Arre Thoda margin compress karo aur customer ko benefit pass karo. please,,0,2
price_negotiation_070,"Hey, Thoda margin compress karo aur customer ko benefit pass karo.!",price_negotiation,"Hey, Thoda margin compress karo aur customer ko benefit pass karo.!",,0,2
price_negotiation_070,Bhai Thoda margin compress karo aur customer ko benefit pass karo. jaldi batao,price_negotiation,Bhai Thoda margin compress karo aur customer ko benefit pass karo. jaldi batao,,0,2
price_negotiation_070,Sir Thoda margin compress karo aur customer ko benefit pass karo. kindly confirm,price_negotiation,Sir Thoda margin compress karo aur customer ko benefit pass karo. kindly confirm,,0,2
price_negotiation_070,Sunna Thoda margin compress karo aur customer ko benefit pass karo....,price_negotiation,Sunna Thoda margin compress karo aur customer ko benefit pass karo.,,1,2
price_negotiation_070,Dekho Thoda margin compress karo aur customer ko benefit pass karo. actually,price_negotiation,Dekho Thoda margin compress karo aur customer ko benefit pass karo. actually,,0,2
price_negotiation_070,"Hello team, Thoda margin compress karo aur customer ko benefit pass karo.",price_negotiation,"Hello team, Thoda margin compress karo aur customer ko benefit pass karo.",,0,2
price_negotiation_072,Budget constrain hai thoda soft corner rakh ke rate fix karo.,price_negotiation,Budget constrain hai thoda soft corner rakh ke rate fix karo.,,0,2
price_negotiation_072,Arre Budget constrain hai thoda soft corner rakh ke rate fix karo. please,price_negotiation,Arre Budget constrain hai thoda soft corner rakh ke rate fix karo. please,,0,2
price_negotiation_072,"Hey, Budget constrain hai thoda soft corner rakh ke rate fix karo.!",price_negotiation,"Hey, Budget constrain hai thoda soft corner rakh ke rate fix karo.!",,0,2
price_negotiation_072,Bhai Budget constrain hai thoda soft corner rakh ke rate fix karo. jaldi batao,price_negotiation,Bhai Budget constrain hai thoda soft corner rakh ke rate fix karo. jaldi batao,,0,2
price_negotiation_072,Sir Budget constrain hai thoda soft corner rakh ke rate fix karo. kindly confirm,price_negotiation,Sir Budget constrain hai thoda soft corner rakh ke rate fix karo. kindly confirm,,0,2
price_negotiation_072,Sunna Budget constrain hai thoda soft corner rakh ke rate fix karo....,price_negotiation,Sunna Budget constrain hai thoda soft corner rakh ke rate fix karo.,,1,2
price_negotiation_072,Dekho Budget constrain hai thoda soft corner rakh ke rate fix karo. actually,price_negotiation,Dekho Budget constrain hai thoda soft corner rakh ke rate fix karo. actually,,0,2
price_negotiation_072,"Hello team, Budget constrain hai thoda soft corner rakh ke rate fix karo.",price_negotiation,"Hello team, Budget constrain hai thoda soft corner rakh ke rate fix karo.",,0,2
price_negotiation_073,Sir thoda rate down karo tabhi invoice generate karwana.,price_negotiation,Sir thoda rate down karo tabhi invoice generate karwana.,,0,2
price_negotiation_073,Arre Sir thoda rate down karo tabhi invoice generate karwana. please,price_negotiation,Arre Sir thoda rate down karo tabhi invoice generate karwana. please,,0,2
price_negotiation_073,"Hey, Sir thoda rate down karo tabhi invoice generate karwana.!",price_negotiation,"Hey, Sir thoda rate down karo tabhi invoice generate karwana.!",,0,2
price_negotiation_073,Bhai Sir thoda rate down karo tabhi invoice generate karwana. jaldi batao,price_negotiation,Bhai Sir thoda rate down karo tabhi invoice generate karwana. jaldi batao,,0,2
price_negotiation_073,Sir Sir thoda rate down karo tabhi invoice generate karwana. kindly confirm,price_negotiation,Sir Sir thoda rate down karo tabhi invoice generate karwana. kindly confirm,,0,2
price_negotiation_073,Sunna Sir thoda rate down karo tabhi invoice generate karwana....,price_negotiation,Sunna Sir thoda rate down karo tabhi invoice generate karwana.,,1,2
price_negotiation_073,Dekho Sir thoda rate down karo tabhi invoice generate karwana. actually,price_negotiation,Dekho Sir thoda rate down karo tabhi invoice generate karwana. actually,,0,2
price_negotiation_073,"Hello team, Sir thoda rate down karo tabhi invoice generate karwana.",price_negotiation,"Hello team, Sir thoda rate down karo tabhi invoice generate karwana.",,0,2
price_negotiation_074,"Renewal charges 20% badha diye aapne, pichle saal ka same rate rakhna hoga.",price_negotiation,"Renewal charges 20% badha diye aapne, pichle saal ka same rate rakhna hoga.",,0,2
price_negotiation_074,"Arre Renewal charges 20% badha diye aapne, pichle saal ka same rate rakhna hoga. please",price_negotiation,"Arre Renewal charges 20% badha diye aapne, pichle saal ka same rate rakhna hoga. please",,0,2
price_negotiation_074,"Hey, Renewal charges 20% badha diye aapne, pichle saal ka same rate rakhna hoga.!",price_negotiation,"Hey, Renewal charges 20% badha diye aapne, pichle saal ka same rate rakhna hoga.!",,0,2
price_negotiation_074,"Bhai Renewal charges 20% badha diye aapne, pichle saal ka same rate rakhna hoga. jaldi batao",price_negotiation,"Bhai Renewal charges 20% badha diye aapne, pichle saal ka same rate rakhna hoga. jaldi batao",,0,2
price_negotiation_074,"Sir Renewal charges 20% badha diye aapne, pichle saal ka same rate rakhna hoga. kindly confirm",price_negotiation,"Sir Renewal charges 20% badha diye aapne, pichle saal ka same rate rakhna hoga. kindly confirm",,0,2
price_negotiation_074,"Sunna Renewal charges 20% badha diye aapne, pichle saal ka same rate rakhna hoga....",price_negotiation,"Sunna Renewal charges 20% badha diye aapne, pichle saal ka same rate rakhna hoga.",,1,2
price_negotiation_074,"Dekho Renewal charges 20% badha diye aapne, pichle saal ka same rate rakhna hoga. actually",price_negotiation,"Dekho Renewal charges 20% badha diye aapne, pichle saal ka same rate rakhna hoga. actually",,0,2
price_negotiation_074,"Hello team, Renewal charges 20% badha diye aapne, pichle saal ka same rate rakhna hoga.",price_negotiation,"Hello team, Renewal charges 20% badha diye aapne, pichle saal ka same rate rakhna hoga.",,0,2
price_negotiation_075,Shipping fee wave off karoge to main cart checkout finalize karta hu.,price_negotiation,Shipping fee wave off karoge to main cart checkout finalize karta hu.,,0,2
price_negotiation_075,Arre Shipping fee wave off karoge to main cart checkout finalize karta hu. please,price_negotiation,Arre Shipping fee wave off karoge to main cart checkout finalize karta hu. please,,0,2
price_negotiation_075,"Hey, Shipping fee wave off karoge to main cart checkout finalize karta hu.!",price_negotiation,"Hey, Shipping fee wave off karoge to main cart checkout finalize karta hu.!",,0,2
price_negotiation_075,Bhai Shipping fee wave off karoge to main cart checkout finalize karta hu. jaldi batao,price_negotiation,Bhai Shipping fee wave off karoge to main cart checkout finalize karta hu. jaldi batao,,0,2
price_negotiation_075,Sir Shipping fee wave off karoge to main cart checkout finalize karta hu. kindly confirm,price_negotiation,Sir Shipping fee wave off karoge to main cart checkout finalize karta hu. kindly confirm,,0,2
price_negotiation_075,Sunna Shipping fee wave off karoge to main cart checkout finalize karta hu....,price_negotiation,Sunna Shipping fee wave off karoge to main cart checkout finalize karta hu.,,1,2
price_negotiation_075,Dekho Shipping fee wave off karoge to main cart checkout finalize karta hu. actually,price_negotiation,Dekho Shipping fee wave off karoge to main cart checkout finalize karta hu. actually,,0,2
price_negotiation_075,"Hello team, Shipping fee wave off karoge to main cart checkout finalize karta hu.",price_negotiation,"Hello team, Shipping fee wave off karoge to main cart checkout finalize karta hu.",,0,2
price_negotiation_077,"Price tag bohot heavy hai, EMI pe zero interest deal do.",price_negotiation,"Price tag bohot heavy hai, EMI pe zero interest deal do.",,0,2
price_negotiation_077,"Arre Price tag bohot heavy hai, EMI pe zero interest deal do. please",price_negotiation,"Arre Price tag bohot heavy hai, EMI pe zero interest deal do. please",,0,2
price_negotiation_077,"Hey, Price tag bohot heavy hai, EMI pe zero interest deal do.!",price_negotiation,"Hey, Price tag bohot heavy hai, EMI pe zero interest deal do.!",,0,2
price_negotiation_077,"Bhai Price tag bohot heavy hai, EMI pe zero interest deal do. jaldi batao",price_negotiation,"Bhai Price tag bohot heavy hai, EMI pe zero interest deal do. jaldi batao",,0,2
price_negotiation_077,"Sir Price tag bohot heavy hai, EMI pe zero interest deal do. kindly confirm",price_negotiation,"Sir Price tag bohot heavy hai, EMI pe zero interest deal do. kindly confirm",,0,2
price_negotiation_077,"Sunna Price tag bohot heavy hai, EMI pe zero interest deal do....",price_negotiation,"Sunna Price tag bohot heavy hai, EMI pe zero interest deal do.",,1,2
price_negotiation_077,"Dekho Price tag bohot heavy hai, EMI pe zero interest deal do. actually",price_negotiation,"Dekho Price tag bohot heavy hai, EMI pe zero interest deal do. actually",,0,2
price_negotiation_077,"Hello team, Price tag bohot heavy hai, EMI pe zero interest deal do.",price_negotiation,"Hello team, Price tag bohot heavy hai, EMI pe zero interest deal do.",,0,2
price_negotiation_079,Bhai genuine rate lagao loot machane se customer bhag jayega.,price_negotiation,Bhai genuine rate lagao loot machane se customer bhag jayega.,,0,2
price_negotiation_079,Arre Bhai genuine rate lagao loot machane se customer bhag jayega. please,price_negotiation,Arre Bhai genuine rate lagao loot machane se customer bhag jayega. please,,0,2
price_negotiation_079,"Hey, Bhai genuine rate lagao loot machane se customer bhag jayega.!",price_negotiation,"Hey, Bhai genuine rate lagao loot machane se customer bhag jayega.!",,0,2
price_negotiation_079,Bhai Bhai genuine rate lagao loot machane se customer bhag jayega. jaldi batao,price_negotiation,Bhai Bhai genuine rate lagao loot machane se customer bhag jayega. jaldi batao,,0,2
price_negotiation_079,Sir Bhai genuine rate lagao loot machane se customer bhag jayega. kindly confirm,price_negotiation,Sir Bhai genuine rate lagao loot machane se customer bhag jayega. kindly confirm,,0,2
price_negotiation_079,Sunna Bhai genuine rate lagao loot machane se customer bhag jayega....,price_negotiation,Sunna Bhai genuine rate lagao loot machane se customer bhag jayega.,,1,2
price_negotiation_079,Dekho Bhai genuine rate lagao loot machane se customer bhag jayega. actually,price_negotiation,Dekho Bhai genuine rate lagao loot machane se customer bhag jayega. actually,,0,2
price_negotiation_079,"Hello team, Bhai genuine rate lagao loot machane se customer bhag jayega.",price_negotiation,"Hello team, Bhai genuine rate lagao loot machane se customer bhag jayega.",,0,2
price_negotiation_080,Early bird discount voucher code lagao is order par.,price_negotiation,Early bird discount voucher code lagao is order par.,,0,2
price_negotiation_080,Arre Early bird discount voucher code lagao is order par. please,price_negotiation,Arre Early bird discount voucher code lagao is order par. please,,0,2
price_negotiation_080,"Hey, Early bird discount voucher code lagao is order par.!",price_negotiation,"Hey, Early bird discount voucher code lagao is order par.!",,0,2
price_negotiation_080,Bhai Early bird discount voucher code lagao is order par. jaldi batao,price_negotiation,Bhai Early bird discount voucher code lagao is order par. jaldi batao,,0,2
price_negotiation_080,Sir Early bird discount voucher code lagao is order par. kindly confirm,price_negotiation,Sir Early bird discount voucher code lagao is order par. kindly confirm,,0,2
price_negotiation_080,Sunna Early bird discount voucher code lagao is order par....,price_negotiation,Sunna Early bird discount voucher code lagao is order par.,,1,2
price_negotiation_080,Dekho Early bird discount voucher code lagao is order par. actually,price_negotiation,Dekho Early bird discount voucher code lagao is order par. actually,,0,2
price_negotiation_080,"Hello team, Early bird discount voucher code lagao is order par.",price_negotiation,"Hello team, Early bird discount voucher code lagao is order par.",,0,2
price_negotiation_081,Hum long term client ban sakte hain agar initial rate competitive doge.,price_negotiation,Hum long term client ban sakte hain agar initial rate competitive doge.,,0,2
price_negotiation_081,Arre Hum long term client ban sakte hain agar initial rate competitive doge. please,price_negotiation,Arre Hum long term client ban sakte hain agar initial rate competitive doge. please,,0,2
price_negotiation_081,"Hey, Hum long term client ban sakte hain agar initial rate competitive doge.!",price_negotiation,"Hey, Hum long term client ban sakte hain agar initial rate competitive doge.!",,0,2
price_negotiation_081,Bhai Hum long term client ban sakte hain agar initial rate competitive doge. jaldi batao,price_negotiation,Bhai Hum long term client ban sakte hain agar initial rate competitive doge. jaldi batao,,0,2
price_negotiation_081,Sir Hum long term client ban sakte hain agar initial rate competitive doge. kindly confirm,price_negotiation,Sir Hum long term client ban sakte hain agar initial rate competitive doge. kindly confirm,,0,2
price_negotiation_081,Sunna Hum long term client ban sakte hain agar initial rate competitive doge....,price_negotiation,Sunna Hum long term client ban sakte hain agar initial rate competitive doge.,,1,2
price_negotiation_081,Dekho Hum long term client ban sakte hain agar initial rate competitive doge. actually,price_negotiation,Dekho Hum long term client ban sakte hain agar initial rate competitive doge. actually,,0,2
price_negotiation_081,"Hello team, Hum long term client ban sakte hain agar initial rate competitive doge.",price_negotiation,"Hello team, Hum long term client ban sakte hain agar initial rate competitive doge.",,0,2
price_negotiation_082,Price drop kar sakte ho kya black color model par?,price_negotiation,Price drop kar sakte ho kya black color model par?,,0,2
price_negotiation_082,Arre Price drop kar sakte ho kya black color model par? please,price_negotiation,Arre Price drop kar sakte ho kya black color model par? please,,0,2
price_negotiation_082,"Hey, Price drop kar sakte ho kya black color model par?!",price_negotiation,"Hey, Price drop kar sakte ho kya black color model par?!",,0,2
price_negotiation_082,Bhai Price drop kar sakte ho kya black color model par? jaldi batao,price_negotiation,Bhai Price drop kar sakte ho kya black color model par? jaldi batao,,0,2
price_negotiation_082,Sir Price drop kar sakte ho kya black color model par? kindly confirm,price_negotiation,Sir Price drop kar sakte ho kya black color model par? kindly confirm,,0,2
price_negotiation_082,Sunna Price drop kar sakte ho kya black color model par?...,price_negotiation,Sunna Price drop kar sakte ho kya black color model par?.,,1,2
price_negotiation_082,Dekho Price drop kar sakte ho kya black color model par? actually,price_negotiation,Dekho Price drop kar sakte ho kya black color model par? actually,,0,2
price_negotiation_082,"Hello team, Price drop kar sakte ho kya black color model par?",price_negotiation,"Hello team, Price drop kar sakte ho kya black color model par?",,0,2
price_negotiation_087,Package price me GST include karke final quote do alag se GST mat add karo.,price_negotiation,Package price me GST include karke final quote do alag se GST mat add karo.,,0,2
price_negotiation_087,Arre Package price me GST include karke final quote do alag se GST mat add karo. please,price_negotiation,Arre Package price me GST include karke final quote do alag se GST mat add karo. please,,0,2
price_negotiation_087,"Hey, Package price me GST include karke final quote do alag se GST mat add karo.!",price_negotiation,"Hey, Package price me GST include karke final quote do alag se GST mat add karo.!",,0,2
price_negotiation_087,Bhai Package price me GST include karke final quote do alag se GST mat add karo. jaldi batao,price_negotiation,Bhai Package price me GST include karke final quote do alag se GST mat add karo. jaldi batao,,0,2
price_negotiation_087,Sir Package price me GST include karke final quote do alag se GST mat add karo. kindly confirm,price_negotiation,Sir Package price me GST include karke final quote do alag se GST mat add karo. kindly confirm,,0,2
price_negotiation_087,Sunna Package price me GST include karke final quote do alag se GST mat add karo....,price_negotiation,Sunna Package price me GST include karke final quote do alag se GST mat add karo.,,1,2
price_negotiation_087,Dekho Package price me GST include karke final quote do alag se GST mat add karo. actually,price_negotiation,Dekho Package price me GST include karke final quote do alag se GST mat add karo. actually,,0,2
price_negotiation_087,"Hello team, Package price me GST include karke final quote do alag se GST mat add karo.",price_negotiation,"Hello team, Package price me GST include karke final quote do alag se GST mat add karo.",,0,2
price_negotiation_088,Thoda discount dedo bhaiya itna expensive afford nahi kar sakte middle class log.,price_negotiation,Thoda discount dedo bhaiya itna expensive afford nahi kar sakte middle class log.,,0,2
price_negotiation_088,Arre Thoda discount dedo bhaiya itna expensive afford nahi kar sakte middle class log. please,price_negotiation,Arre Thoda discount dedo bhaiya itna expensive afford nahi kar sakte middle class log. please,,0,2
price_negotiation_088,"Hey, Thoda discount dedo bhaiya itna expensive afford nahi kar sakte middle class log.!",price_negotiation,"Hey, Thoda discount dedo bhaiya itna expensive afford nahi kar sakte middle class log.!",,0,2
price_negotiation_088,Bhai Thoda discount dedo bhaiya itna expensive afford nahi kar sakte middle class log. jaldi batao,price_negotiation,Bhai Thoda discount dedo bhaiya itna expensive afford nahi kar sakte middle class log. jaldi batao,,0,2
price_negotiation_088,Sir Thoda discount dedo bhaiya itna expensive afford nahi kar sakte middle class log. kindly confirm,price_negotiation,Sir Thoda discount dedo bhaiya itna expensive afford nahi kar sakte middle class log. kindly confirm,,0,2
price_negotiation_088,Sunna Thoda discount dedo bhaiya itna expensive afford nahi kar sakte middle class log....,price_negotiation,Sunna Thoda discount dedo bhaiya itna expensive afford nahi kar sakte middle class log.,,1,2
price_negotiation_088,Dekho Thoda discount dedo bhaiya itna expensive afford nahi kar sakte middle class log. actually,price_negotiation,Dekho Thoda discount dedo bhaiya itna expensive afford nahi kar sakte middle class log. actually,,0,2
price_negotiation_088,"Hello team, Thoda discount dedo bhaiya itna expensive afford nahi kar sakte middle class log.",price_negotiation,"Hello team, Thoda discount dedo bhaiya itna expensive afford nahi kar sakte middle class log.",,0,2
price_negotiation_090,Agar 2 rooms ka painting contract ek sath du to labor rate me discount doge?,price_negotiation,Agar 2 rooms ka painting contract ek sath du to labor rate me discount doge?,,0,2
price_negotiation_090,Arre Agar 2 rooms ka painting contract ek sath du to labor rate me discount doge? please,price_negotiation,Arre Agar 2 rooms ka painting contract ek sath du to labor rate me discount doge? please,,0,2
price_negotiation_090,"Hey, Agar 2 rooms ka painting contract ek sath du to labor rate me discount doge?!",price_negotiation,"Hey, Agar 2 rooms ka painting contract ek sath du to labor rate me discount doge?!",,0,2
price_negotiation_090,Bhai Agar 2 rooms ka painting contract ek sath du to labor rate me discount doge? jaldi batao,price_negotiation,Bhai Agar 2 rooms ka painting contract ek sath du to labor rate me discount doge? jaldi batao,,0,2
price_negotiation_090,Sir Agar 2 rooms ka painting contract ek sath du to labor rate me discount doge? kindly confirm,price_negotiation,Sir Agar 2 rooms ka painting contract ek sath du to labor rate me discount doge? kindly confirm,,0,2
price_negotiation_090,Sunna Agar 2 rooms ka painting contract ek sath du to labor rate me discount doge?...,price_negotiation,Sunna Agar 2 rooms ka painting contract ek sath du to labor rate me discount doge?.,,1,2
price_negotiation_090,Dekho Agar 2 rooms ka painting contract ek sath du to labor rate me discount doge? actually,price_negotiation,Dekho Agar 2 rooms ka painting contract ek sath du to labor rate me discount doge? actually,,0,2
price_negotiation_090,"Hello team, Agar 2 rooms ka painting contract ek sath du to labor rate me discount doge?",price_negotiation,"Hello team, Agar 2 rooms ka painting contract ek sath du to labor rate me discount doge?",,0,2
price_negotiation_091,Customization ka extra charges mat lo base price me hi adjust karo.,price_negotiation,Customization ka extra charges mat lo base price me hi adjust karo.,,0,2
price_negotiation_091,Arre Customization ka extra charges mat lo base price me hi adjust karo. please,price_negotiation,Arre Customization ka extra charges mat lo base price me hi adjust karo. please,,0,2
price_negotiation_091,"Hey, Customization ka extra charges mat lo base price me hi adjust karo.!",price_negotiation,"Hey, Customization ka extra charges mat lo base price me hi adjust karo.!",,0,2
price_negotiation_091,Bhai Customization ka extra charges mat lo base price me hi adjust karo. jaldi batao,price_negotiation,Bhai Customization ka extra charges mat lo base price me hi adjust karo. jaldi batao,,0,2
price_negotiation_091,Sir Customization ka extra charges mat lo base price me hi adjust karo. kindly confirm,price_negotiation,Sir Customization ka extra charges mat lo base price me hi adjust karo. kindly confirm,,0,2
price_negotiation_091,Sunna Customization ka extra charges mat lo base price me hi adjust karo....,price_negotiation,Sunna Customization ka extra charges mat lo base price me hi adjust karo.,,1,2
price_negotiation_091,Dekho Customization ka extra charges mat lo base price me hi adjust karo. actually,price_negotiation,Dekho Customization ka extra charges mat lo base price me hi adjust karo. actually,,0,2
price_negotiation_091,"Hello team, Customization ka extra charges mat lo base price me hi adjust karo.",price_negotiation,"Hello team, Customization ka extra charges mat lo base price me hi adjust karo.",,0,2
price_negotiation_092,"Aapki pricing premium hai jabki features basic hain, discount zaruri hai.",price_negotiation,"Aapki pricing premium hai jabki features basic hain, discount zaruri hai.",,0,2
price_negotiation_092,"Arre Aapki pricing premium hai jabki features basic hain, discount zaruri hai. please",price_negotiation,"Arre Aapki pricing premium hai jabki features basic hain, discount zaruri hai. please",,0,2
price_negotiation_092,"Hey, Aapki pricing premium hai jabki features basic hain, discount zaruri hai.!",price_negotiation,"Hey, Aapki pricing premium hai jabki features basic hain, discount zaruri hai.!",,0,2
price_negotiation_092,"Bhai Aapki pricing premium hai jabki features basic hain, discount zaruri hai. jaldi batao",price_negotiation,"Bhai Aapki pricing premium hai jabki features basic hain, discount zaruri hai. jaldi batao",,0,2
price_negotiation_092,"Sir Aapki pricing premium hai jabki features basic hain, discount zaruri hai. kindly confirm",price_negotiation,"Sir Aapki pricing premium hai jabki features basic hain, discount zaruri hai. kindly confirm",,0,2
price_negotiation_092,"Sunna Aapki pricing premium hai jabki features basic hain, discount zaruri hai....",price_negotiation,"Sunna Aapki pricing premium hai jabki features basic hain, discount zaruri hai.",,1,2
price_negotiation_092,"Dekho Aapki pricing premium hai jabki features basic hain, discount zaruri hai. actually",price_negotiation,"Dekho Aapki pricing premium hai jabki features basic hain, discount zaruri hai. actually",,0,2
price_negotiation_092,"Hello team, Aapki pricing premium hai jabki features basic hain, discount zaruri hai.",price_negotiation,"Hello team, Aapki pricing premium hai jabki features basic hain, discount zaruri hai.",,0,2
price_negotiation_093,First month trial free kar do to full year subscription advance me le lunga.,price_negotiation,First month trial free kar do to full year subscription advance me le lunga.,,0,2
price_negotiation_093,Arre First month trial free kar do to full year subscription advance me le lunga. please,price_negotiation,Arre First month trial free kar do to full year subscription advance me le lunga. please,,0,2
price_negotiation_093,"Hey, First month trial free kar do to full year subscription advance me le lunga.!",price_negotiation,"Hey, First month trial free kar do to full year subscription advance me le lunga.!",,0,2
price_negotiation_093,Bhai First month trial free kar do to full year subscription advance me le lunga. jaldi batao,price_negotiation,Bhai First month trial free kar do to full year subscription advance me le lunga. jaldi batao,,0,2
price_negotiation_093,Sir First month trial free kar do to full year subscription advance me le lunga. kindly confirm,price_negotiation,Sir First month trial free kar do to full year subscription advance me le lunga. kindly confirm,,0,2
price_negotiation_093,Sunna First month trial free kar do to full year subscription advance me le lunga....,price_negotiation,Sunna First month trial free kar do to full year subscription advance me le lunga.,,1,2
price_negotiation_093,Dekho First month trial free kar do to full year subscription advance me le lunga. actually,price_negotiation,Dekho First month trial free kar do to full year subscription advance me le lunga. actually,,0,2
price_negotiation_093,"Hello team, First month trial free kar do to full year subscription advance me le lunga.",price_negotiation,"Hello team, First month trial free kar do to full year subscription advance me le lunga.",,0,2
price_negotiation_094,Thoda sa consideration karo quotation par tab management sign off karega.,price_negotiation,Thoda sa consideration karo quotation par tab management sign off karega.,,0,2
price_negotiation_094,Arre Thoda sa consideration karo quotation par tab management sign off karega. please,price_negotiation,Arre Thoda sa consideration karo quotation par tab management sign off karega. please,,0,2
price_negotiation_094,"Hey, Thoda sa consideration karo quotation par tab management sign off karega.!",price_negotiation,"Hey, Thoda sa consideration karo quotation par tab management sign off karega.!",,0,2
price_negotiation_094,Bhai Thoda sa consideration karo quotation par tab management sign off karega. jaldi batao,price_negotiation,Bhai Thoda sa consideration karo quotation par tab management sign off karega. jaldi batao,,0,2
price_negotiation_094,Sir Thoda sa consideration karo quotation par tab management sign off karega. kindly confirm,price_negotiation,Sir Thoda sa consideration karo quotation par tab management sign off karega. kindly confirm,,0,2
price_negotiation_094,Sunna Thoda sa consideration karo quotation par tab management sign off karega....,price_negotiation,Sunna Thoda sa consideration karo quotation par tab management sign off karega.,,1,2
price_negotiation_094,Dekho Thoda sa consideration karo quotation par tab management sign off karega. actually,price_negotiation,Dekho Thoda sa consideration karo quotation par tab management sign off karega. actually,,0,2
price_negotiation_094,"Hello team, Thoda sa consideration karo quotation par tab management sign off karega.",price_negotiation,"Hello team, Thoda sa consideration karo quotation par tab management sign off karega.",,0,2
price_negotiation_097,Bhai transport charge me concession karo warehouse to pass me hi hai.,price_negotiation,Bhai transport charge me concession karo warehouse to pass me hi hai.,,0,2
price_negotiation_097,Arre Bhai transport charge me concession karo warehouse to pass me hi hai. please,price_negotiation,Arre Bhai transport charge me concession karo warehouse to pass me hi hai. please,,0,2
price_negotiation_097,"Hey, Bhai transport charge me concession karo warehouse to pass me hi hai.!",price_negotiation,"Hey, Bhai transport charge me concession karo warehouse to pass me hi hai.!",,0,2
price_negotiation_097,Bhai Bhai transport charge me concession karo warehouse to pass me hi hai. jaldi batao,price_negotiation,Bhai Bhai transport charge me concession karo warehouse to pass me hi hai. jaldi batao,,0,2
price_negotiation_097,Sir Bhai transport charge me concession karo warehouse to pass me hi hai. kindly confirm,price_negotiation,Sir Bhai transport charge me concession karo warehouse to pass me hi hai. kindly confirm,,0,2
price_negotiation_097,Sunna Bhai transport charge me concession karo warehouse to pass me hi hai....,price_negotiation,Sunna Bhai transport charge me concession karo warehouse to pass me hi hai.,,1,2
price_negotiation_097,Dekho Bhai transport charge me concession karo warehouse to pass me hi hai. actually,price_negotiation,Dekho Bhai transport charge me concession karo warehouse to pass me hi hai. actually,,0,2
price_negotiation_097,"Hello team, Bhai transport charge me concession karo warehouse to pass me hi hai.",price_negotiation,"Hello team, Bhai transport charge me concession karo warehouse to pass me hi hai.",,0,2
price_negotiation_098,Deal thodi attractive banao kuch discount coupon push karo.,price_negotiation,Deal thodi attractive banao kuch discount coupon push karo.,,0,2
price_negotiation_098,Arre Deal thodi attractive banao kuch discount coupon push karo. please,price_negotiation,Arre Deal thodi attractive banao kuch discount coupon push karo. please,,0,2
price_negotiation_098,"Hey, Deal thodi attractive banao kuch discount coupon push karo.!",price_negotiation,"Hey, Deal thodi attractive banao kuch discount coupon push karo.!",,0,2
price_negotiation_098,Bhai Deal thodi attractive banao kuch discount coupon push karo. jaldi batao,price_negotiation,Bhai Deal thodi attractive banao kuch discount coupon push karo. jaldi batao,,0,2
price_negotiation_098,Sir Deal thodi attractive banao kuch discount coupon push karo. kindly confirm,price_negotiation,Sir Deal thodi attractive banao kuch discount coupon push karo. kindly confirm,,0,2
price_negotiation_098,Sunna Deal thodi attractive banao kuch discount coupon push karo....,price_negotiation,Sunna Deal thodi attractive banao kuch discount coupon push karo.,,1,2
price_negotiation_098,Dekho Deal thodi attractive banao kuch discount coupon push karo. actually,price_negotiation,Dekho Deal thodi attractive banao kuch discount coupon push karo. actually,,0,2
price_negotiation_098,"Hello team, Deal thodi attractive banao kuch discount coupon push karo.",price_negotiation,"Hello team, Deal thodi attractive banao kuch discount coupon push karo.",,0,2
price_negotiation_101,Sir thoda negotiate karke 10% kam kar lo order turant place kar deta hu.,price_negotiation,Sir thoda negotiate karke 10% kam kar lo order turant place kar deta hu.,,0,2
price_negotiation_101,Arre Sir thoda negotiate karke 10% kam kar lo order turant place kar deta hu. please,price_negotiation,Arre Sir thoda negotiate karke 10% kam kar lo order turant place kar deta hu. please,,0,2
price_negotiation_101,"Hey, Sir thoda negotiate karke 10% kam kar lo order turant place kar deta hu.!",price_negotiation,"Hey, Sir thoda negotiate karke 10% kam kar lo order turant place kar deta hu.!",,0,2
price_negotiation_101,Bhai Sir thoda negotiate karke 10% kam kar lo order turant place kar deta hu. jaldi batao,price_negotiation,Bhai Sir thoda negotiate karke 10% kam kar lo order turant place kar deta hu. jaldi batao,,0,2
price_negotiation_101,Sir Sir thoda negotiate karke 10% kam kar lo order turant place kar deta hu. kindly confirm,price_negotiation,Sir Sir thoda negotiate karke 10% kam kar lo order turant place kar deta hu. kindly confirm,,0,2
price_negotiation_101,Sunna Sir thoda negotiate karke 10% kam kar lo order turant place kar deta hu....,price_negotiation,Sunna Sir thoda negotiate karke 10% kam kar lo order turant place kar deta hu.,,1,2
price_negotiation_101,Dekho Sir thoda negotiate karke 10% kam kar lo order turant place kar deta hu. actually,price_negotiation,Dekho Sir thoda negotiate karke 10% kam kar lo order turant place kar deta hu. actually,,0,2
price_negotiation_101,"Hello team, Sir thoda negotiate karke 10% kam kar lo order turant place kar deta hu.",price_negotiation,"Hello team, Sir thoda negotiate karke 10% kam kar lo order turant place kar deta hu.",,0,2
price_negotiation_102,Old customer discount apply kiya hai kya is bill me?,price_negotiation,Old customer discount apply kiya hai kya is bill me?,,0,2
price_negotiation_102,Arre Old customer discount apply kiya hai kya is bill me? please,price_negotiation,Arre Old customer discount apply kiya hai kya is bill me? please,,0,2
price_negotiation_102,"Hey, Old customer discount apply kiya hai kya is bill me?!",price_negotiation,"Hey, Old customer discount apply kiya hai kya is bill me?!",,0,2
price_negotiation_102,Bhai Old customer discount apply kiya hai kya is bill me? jaldi batao,price_negotiation,Bhai Old customer discount apply kiya hai kya is bill me? jaldi batao,,0,2
price_negotiation_102,Sir Old customer discount apply kiya hai kya is bill me? kindly confirm,price_negotiation,Sir Old customer discount apply kiya hai kya is bill me? kindly confirm,,0,2
price_negotiation_102,Sunna Old customer discount apply kiya hai kya is bill me?...,price_negotiation,Sunna Old customer discount apply kiya hai kya is bill me?.,,1,2
price_negotiation_102,Dekho Old customer discount apply kiya hai kya is bill me? actually,price_negotiation,Dekho Old customer discount apply kiya hai kya is bill me? actually,,0,2
price_negotiation_102,"Hello team, Old customer discount apply kiya hai kya is bill me?",price_negotiation,"Hello team, Old customer discount apply kiya hai kya is bill me?",,0,2
price_negotiation_103,Pricing negotiation ke liye kya procedure hai authorization team se baat karao.,price_negotiation,Pricing negotiation ke liye kya procedure hai authorization team se baat karao.,,0,2
price_negotiation_103,Arre Pricing negotiation ke liye kya procedure hai authorization team se baat karao. please,price_negotiation,Arre Pricing negotiation ke liye kya procedure hai authorization team se baat karao. please,,0,2
price_negotiation_103,"Hey, Pricing negotiation ke liye kya procedure hai authorization team se baat karao.!",price_negotiation,"Hey, Pricing negotiation ke liye kya procedure hai authorization team se baat karao.!",,0,2
price_negotiation_103,Bhai Pricing negotiation ke liye kya procedure hai authorization team se baat karao. jaldi batao,price_negotiation,Bhai Pricing negotiation ke liye kya procedure hai authorization team se baat karao. jaldi batao,,0,2
price_negotiation_103,Sir Pricing negotiation ke liye kya procedure hai authorization team se baat karao. kindly confirm,price_negotiation,Sir Pricing negotiation ke liye kya procedure hai authorization team se baat karao. kindly confirm,,0,2
price_negotiation_103,Sunna Pricing negotiation ke liye kya procedure hai authorization team se baat karao....,price_negotiation,Sunna Pricing negotiation ke liye kya procedure hai authorization team se baat karao.,,1,2
price_negotiation_103,Dekho Pricing negotiation ke liye kya procedure hai authorization team se baat karao. actually,price_negotiation,Dekho Pricing negotiation ke liye kya procedure hai authorization team se baat karao. actually,,0,2
price_negotiation_103,"Hello team, Pricing negotiation ke liye kya procedure hai authorization team se baat karao.",price_negotiation,"Hello team, Pricing negotiation ke liye kya procedure hai authorization team se baat karao.",,0,2
price_negotiation_104,Thoda rebate mil sakta hai kya advance payment karne par?,price_negotiation,Thoda rebate mil sakta hai kya advance payment karne par?,,0,2
price_negotiation_104,Arre Thoda rebate mil sakta hai kya advance payment karne par? please,price_negotiation,Arre Thoda rebate mil sakta hai kya advance payment karne par? please,,0,2
price_negotiation_104,"Hey, Thoda rebate mil sakta hai kya advance payment karne par?!",price_negotiation,"Hey, Thoda rebate mil sakta hai kya advance payment karne par?!",,0,2
price_negotiation_104,Bhai Thoda rebate mil sakta hai kya advance payment karne par? jaldi batao,price_negotiation,Bhai Thoda rebate mil sakta hai kya advance payment karne par? jaldi batao,,0,2
price_negotiation_104,Sir Thoda rebate mil sakta hai kya advance payment karne par? kindly confirm,price_negotiation,Sir Thoda rebate mil sakta hai kya advance payment karne par? kindly confirm,,0,2
price_negotiation_104,Sunna Thoda rebate mil sakta hai kya advance payment karne par?...,price_negotiation,Sunna Thoda rebate mil sakta hai kya advance payment karne par?.,,1,2
price_negotiation_104,Dekho Thoda rebate mil sakta hai kya advance payment karne par? actually,price_negotiation,Dekho Thoda rebate mil sakta hai kya advance payment karne par? actually,,0,2
price_negotiation_104,"Hello team, Thoda rebate mil sakta hai kya advance payment karne par?",price_negotiation,"Hello team, Thoda rebate mil sakta hai kya advance payment karne par?",,0,2
price_negotiation_106,Bhai thoda adjustment karo budget 4000 se upar nahi allow karta.,price_negotiation,Bhai thoda adjustment karo budget 400 se upar nahi allow karta.,,0,2
price_negotiation_106,Arre Bhai thoda adjustment karo budget 4000 se upar nahi allow karta. please,price_negotiation,Arre Bhai thoda adjustment karo budget 400 se upar nahi allow karta. please,,0,2
price_negotiation_106,"Hey, Bhai thoda adjustment karo budget 4000 se upar nahi allow karta.!",price_negotiation,"Hey, Bhai thoda adjustment karo budget 400 se upar nahi allow karta.!",,0,2
price_negotiation_106,Bhai Bhai thoda adjustment karo budget 4000 se upar nahi allow karta. jaldi batao,price_negotiation,Bhai Bhai thoda adjustment karo budget 400 se upar nahi allow karta. jaldi batao,,0,2
price_negotiation_106,Sir Bhai thoda adjustment karo budget 4000 se upar nahi allow karta. kindly confirm,price_negotiation,Sir Bhai thoda adjustment karo budget 400 se upar nahi allow karta. kindly confirm,,0,2
price_negotiation_106,Sunna Bhai thoda adjustment karo budget 4000 se upar nahi allow karta....,price_negotiation,Sunna Bhai thoda adjustment karo budget 400 se upar nahi allow karta.,,1,2
price_negotiation_106,Dekho Bhai thoda adjustment karo budget 4000 se upar nahi allow karta. actually,price_negotiation,Dekho Bhai thoda adjustment karo budget 400 se upar nahi allow karta. actually,,0,2
price_negotiation_106,"Hello team, Bhai thoda adjustment karo budget 4000 se upar nahi allow karta.",price_negotiation,"Hello team, Bhai thoda adjustment karo budget 400 se upar nahi allow karta.",,0,2
price_negotiation_107,Free demo session ke sath ek free refill bundle kar do deal done.,price_negotiation,Free demo session ke sath ek free refill bundle kar do deal done.,,0,2
price_negotiation_107,Arre Free demo session ke sath ek free refill bundle kar do deal done. please,price_negotiation,Arre Free demo session ke sath ek free refill bundle kar do deal done. please,,0,2
price_negotiation_107,"Hey, Free demo session ke sath ek free refill bundle kar do deal done.!",price_negotiation,"Hey, Free demo session ke sath ek free refill bundle kar do deal done.!",,0,2
price_negotiation_107,Bhai Free demo session ke sath ek free refill bundle kar do deal done. jaldi batao,price_negotiation,Bhai Free demo session ke sath ek free refill bundle kar do deal done. jaldi batao,,0,2
price_negotiation_107,Sir Free demo session ke sath ek free refill bundle kar do deal done. kindly confirm,price_negotiation,Sir Free demo session ke sath ek free refill bundle kar do deal done. kindly confirm,,0,2
price_negotiation_107,Sunna Free demo session ke sath ek free refill bundle kar do deal done....,price_negotiation,Sunna Free demo session ke sath ek free refill bundle kar do deal done.,,1,2
price_negotiation_107,Dekho Free demo session ke sath ek free refill bundle kar do deal done. actually,price_negotiation,Dekho Free demo session ke sath ek free refill bundle kar do deal done. actually,,0,2
price_negotiation_107,"Hello team, Free demo session ke sath ek free refill bundle kar do deal done.",price_negotiation,"Hello team, Free demo session ke sath ek free refill bundle kar do deal done.",,0,2
price_negotiation_108,Agar contract 5 years ka renew karein to annual hike waive off hogi?,price_negotiation,Agar contract 5 years ka renew karein to annual hike waive off hogi?,,0,2
price_negotiation_108,Arre Agar contract 5 years ka renew karein to annual hike waive off hogi? please,price_negotiation,Arre Agar contract 5 years ka renew karein to annual hike waive off hogi? please,,0,2
price_negotiation_108,"Hey, Agar contract 5 years ka renew karein to annual hike waive off hogi?!",price_negotiation,"Hey, Agar contract 5 years ka renew karein to annual hike waive off hogi?!",,0,2
price_negotiation_108,Bhai Agar contract 5 years ka renew karein to annual hike waive off hogi? jaldi batao,price_negotiation,Bhai Agar contract 5 years ka renew karein to annual hike waive off hogi? jaldi batao,,0,2
price_negotiation_108,Sir Agar contract 5 years ka renew karein to annual hike waive off hogi? kindly confirm,price_negotiation,Sir Agar contract 5 years ka renew karein to annual hike waive off hogi? kindly confirm,,0,2
price_negotiation_108,Sunna Agar contract 5 years ka renew karein to annual hike waive off hogi?...,price_negotiation,Sunna Agar contract 5 years ka renew karein to annual hike waive off hogi?.,,1,2
price_negotiation_108,Dekho Agar contract 5 years ka renew karein to annual hike waive off hogi? actually,price_negotiation,Dekho Agar contract 5 years ka renew karein to annual hike waive off hogi? actually,,0,2
price_negotiation_108,"Hello team, Agar contract 5 years ka renew karein to annual hike waive off hogi?",price_negotiation,"Hello team, Agar contract 5 years ka renew karein to annual hike waive off hogi?",,0,2
price_negotiation_110,Market me slump hai thoda competitive discount rate do.,price_negotiation,Market me slump hai thoda competitive discount rate do.,,0,2
price_negotiation_110,Arre Market me slump hai thoda competitive discount rate do. please,price_negotiation,Arre Market me slump hai thoda competitive discount rate do. please,,0,2
price_negotiation_110,"Hey, Market me slump hai thoda competitive discount rate do.!",price_negotiation,"Hey, Market me slump hai thoda competitive discount rate do.!",,0,2
price_negotiation_110,Bhai Market me slump hai thoda competitive discount rate do. jaldi batao,price_negotiation,Bhai Market me slump hai thoda competitive discount rate do. jaldi batao,,0,2
price_negotiation_110,Sir Market me slump hai thoda competitive discount rate do. kindly confirm,price_negotiation,Sir Market me slump hai thoda competitive discount rate do. kindly confirm,,0,2
price_negotiation_110,Sunna Market me slump hai thoda competitive discount rate do....,price_negotiation,Sunna Market me slump hai thoda competitive discount rate do.,,1,2
price_negotiation_110,Dekho Market me slump hai thoda competitive discount rate do. actually,price_negotiation,Dekho Market me slump hai thoda competitive discount rate do. actually,,0,2
price_negotiation_110,"Hello team, Market me slump hai thoda competitive discount rate do.",price_negotiation,"Hello team, Market me slump hai thoda competitive discount rate do.",,0,2
price_negotiation_111,Bhai customer retention team se baat karao unke pass discount voucher hota hai.,price_negotiation,Bhai customer retention team se baat karao unke pass discount voucher hota hai.,,0,2
price_negotiation_111,Arre Bhai customer retention team se baat karao unke pass discount voucher hota hai. please,price_negotiation,Arre Bhai customer retention team se baat karao unke pass discount voucher hota hai. please,,0,2
price_negotiation_111,"Hey, Bhai customer retention team se baat karao unke pass discount voucher hota hai.!",price_negotiation,"Hey, Bhai customer retention team se baat karao unke pass discount voucher hota hai.!",,0,2
price_negotiation_111,Bhai Bhai customer retention team se baat karao unke pass discount voucher hota hai. jaldi batao,price_negotiation,Bhai Bhai customer retention team se baat karao unke pass discount voucher hota hai. jaldi batao,,0,2
price_negotiation_111,Sir Bhai customer retention team se baat karao unke pass discount voucher hota hai. kindly confirm,price_negotiation,Sir Bhai customer retention team se baat karao unke pass discount voucher hota hai. kindly confirm,,0,2
price_negotiation_111,Sunna Bhai customer retention team se baat karao unke pass discount voucher hota hai....,price_negotiation,Sunna Bhai customer retention team se baat karao unke pass discount voucher hota hai.,,1,2
price_negotiation_111,Dekho Bhai customer retention team se baat karao unke pass discount voucher hota hai. actually,price_negotiation,Dekho Bhai customer retention team se baat karao unke pass discount voucher hota hai. actually,,0,2
price_negotiation_111,"Hello team, Bhai customer retention team se baat karao unke pass discount voucher hota hai.",price_negotiation,"Hello team, Bhai customer retention team se baat karao unke pass discount voucher hota hai.",,0,2
price_negotiation_114,Sir 2000 waive off kar do deal final maniye.,price_negotiation,Sir 200 waive off kar do deal final maniye.,,0,2
price_negotiation_114,Arre Sir 2000 waive off kar do deal final maniye. please,price_negotiation,Arre Sir 200 waive off kar do deal final maniye. please,,0,2
price_negotiation_114,"Hey, Sir 2000 waive off kar do deal final maniye.!",price_negotiation,"Hey, Sir 200 waive off kar do deal final maniye.!",,0,2
price_negotiation_114,Bhai Sir 2000 waive off kar do deal final maniye. jaldi batao,price_negotiation,Bhai Sir 200 waive off kar do deal final maniye. jaldi batao,,0,2
price_negotiation_114,Sir Sir 2000 waive off kar do deal final maniye. kindly confirm,price_negotiation,Sir Sir 200 waive off kar do deal final maniye. kindly confirm,,0,2
price_negotiation_114,Sunna Sir 2000 waive off kar do deal final maniye....,price_negotiation,Sunna Sir 200 waive off kar do deal final maniye.,,1,2
price_negotiation_114,Dekho Sir 2000 waive off kar do deal final maniye. actually,price_negotiation,Dekho Sir 200 waive off kar do deal final maniye. actually,,0,2
price_negotiation_114,"Hello team, Sir 2000 waive off kar do deal final maniye.",price_negotiation,"Hello team, Sir 200 waive off kar do deal final maniye.",,0,2
price_negotiation_115,Discount offer expand karo tabhi main apne circle me promote karunga.,price_negotiation,Discount offer expand karo tabhi main apne circle me promote karunga.,,0,2
price_negotiation_115,Arre Discount offer expand karo tabhi main apne circle me promote karunga. please,price_negotiation,Arre Discount offer expand karo tabhi main apne circle me promote karunga. please,,0,2
price_negotiation_115,"Hey, Discount offer expand karo tabhi main apne circle me promote karunga.!",price_negotiation,"Hey, Discount offer expand karo tabhi main apne circle me promote karunga.!",,0,2
price_negotiation_115,Bhai Discount offer expand karo tabhi main apne circle me promote karunga. jaldi batao,price_negotiation,Bhai Discount offer expand karo tabhi main apne circle me promote karunga. jaldi batao,,0,2
price_negotiation_115,Sir Discount offer expand karo tabhi main apne circle me promote karunga. kindly confirm,price_negotiation,Sir Discount offer expand karo tabhi main apne circle me promote karunga. kindly confirm,,0,2
price_negotiation_115,Sunna Discount offer expand karo tabhi main apne circle me promote karunga....,price_negotiation,Sunna Discount offer expand karo tabhi main apne circle me promote karunga.,,1,2
price_negotiation_115,Dekho Discount offer expand karo tabhi main apne circle me promote karunga. actually,price_negotiation,Dekho Discount offer expand karo tabhi main apne circle me promote karunga. actually,,0,2
price_negotiation_115,"Hello team, Discount offer expand karo tabhi main apne circle me promote karunga.",price_negotiation,"Hello team, Discount offer expand karo tabhi main apne circle me promote karunga.",,0,2
price_negotiation_116,Bhai quote 25000 se 22000 pe le aao abhi advance cheque de raha hu.,price_negotiation,Bhai quote 2500 se 2200 pe le aao abhi advance cheque de raha hu.,,0,2
price_negotiation_116,Arre Bhai quote 25000 se 22000 pe le aao abhi advance cheque de raha hu. please,price_negotiation,Arre Bhai quote 2500 se 2200 pe le aao abhi advance cheque de raha hu. please,,0,2
price_negotiation_116,"Hey, Bhai quote 25000 se 22000 pe le aao abhi advance cheque de raha hu.!",price_negotiation,"Hey, Bhai quote 2500 se 2200 pe le aao abhi advance cheque de raha hu.!",,0,2
price_negotiation_116,Bhai Bhai quote 25000 se 22000 pe le aao abhi advance cheque de raha hu. jaldi batao,price_negotiation,Bhai Bhai quote 2500 se 2200 pe le aao abhi advance cheque de raha hu. jaldi batao,,0,2
price_negotiation_116,Sir Bhai quote 25000 se 22000 pe le aao abhi advance cheque de raha hu. kindly confirm,price_negotiation,Sir Bhai quote 2500 se 2200 pe le aao abhi advance cheque de raha hu. kindly confirm,,0,2
price_negotiation_116,Sunna Bhai quote 25000 se 22000 pe le aao abhi advance cheque de raha hu....,price_negotiation,Sunna Bhai quote 2500 se 2200 pe le aao abhi advance cheque de raha hu.,,1,2
price_negotiation_116,Dekho Bhai quote 25000 se 22000 pe le aao abhi advance cheque de raha hu. actually,price_negotiation,Dekho Bhai quote 2500 se 2200 pe le aao abhi advance cheque de raha hu. actually,,0,2
price_negotiation_116,"Hello team, Bhai quote 25000 se 22000 pe le aao abhi advance cheque de raha hu.",price_negotiation,"Hello team, Bhai quote 2500 se 2200 pe le aao abhi advance cheque de raha hu.",,0,2
price_negotiation_117,Delivery charges free kar do baaki payment full ready hai.,price_negotiation,Delivery charges free kar do baaki payment full ready hai.,,0,2
price_negotiation_117,Arre Delivery charges free kar do baaki payment full ready hai. please,price_negotiation,Arre Delivery charges free kar do baaki payment full ready hai. please,,0,2
price_negotiation_117,"Hey, Delivery charges free kar do baaki payment full ready hai.!",price_negotiation,"Hey, Delivery charges free kar do baaki payment full ready hai.!",,0,2
price_negotiation_117,Bhai Delivery charges free kar do baaki payment full ready hai. jaldi batao,price_negotiation,Bhai Delivery charges free kar do baaki payment full ready hai. jaldi batao,,0,2
price_negotiation_117,Sir Delivery charges free kar do baaki payment full ready hai. kindly confirm,price_negotiation,Sir Delivery charges free kar do baaki payment full ready hai. kindly confirm,,0,2
price_negotiation_117,Sunna Delivery charges free kar do baaki payment full ready hai....,price_negotiation,Sunna Delivery charges free kar do baaki payment full ready hai.,,1,2
price_negotiation_117,Dekho Delivery charges free kar do baaki payment full ready hai. actually,price_negotiation,Dekho Delivery charges free kar do baaki payment full ready hai. actually,,0,2
price_negotiation_117,"Hello team, Delivery charges free kar do baaki payment full ready hai.",price_negotiation,"Hello team, Delivery charges free kar do baaki payment full ready hai.",,0,2
price_negotiation_118,Agar second hand variant lu to usme extra markdown kitna milega?,price_negotiation,Agar second hand variant lu to usme extra markdown kitna milega?,,0,2
price_negotiation_118,Arre Agar second hand variant lu to usme extra markdown kitna milega? please,price_negotiation,Arre Agar second hand variant lu to usme extra markdown kitna milega? please,,0,2
price_negotiation_118,"Hey, Agar second hand variant lu to usme extra markdown kitna milega?!",price_negotiation,"Hey, Agar second hand variant lu to usme extra markdown kitna milega?!",,0,2
price_negotiation_118,Bhai Agar second hand variant lu to usme extra markdown kitna milega? jaldi batao,price_negotiation,Bhai Agar second hand variant lu to usme extra markdown kitna milega? jaldi batao,,0,2
price_negotiation_118,Sir Agar second hand variant lu to usme extra markdown kitna milega? kindly confirm,price_negotiation,Sir Agar second hand variant lu to usme extra markdown kitna milega? kindly confirm,,0,2
price_negotiation_118,Sunna Agar second hand variant lu to usme extra markdown kitna milega?...,price_negotiation,Sunna Agar second hand variant lu to usme extra markdown kitna milega?.,,1,2
price_negotiation_118,Dekho Agar second hand variant lu to usme extra markdown kitna milega? actually,price_negotiation,Dekho Agar second hand variant lu to usme extra markdown kitna milega? actually,,0,2
price_negotiation_118,"Hello team, Agar second hand variant lu to usme extra markdown kitna milega?",price_negotiation,"Hello team, Agar second hand variant lu to usme extra markdown kitna milega?",,0,2
price_negotiation_121,Agar online review post karu to promo discount doge order par?,price_negotiation,Agar online review post karu to promo discount doge order par?,,0,2
price_negotiation_121,Arre Agar online review post karu to promo discount doge order par? please,price_negotiation,Arre Agar online review post karu to promo discount doge order par? please,,0,2
price_negotiation_121,"Hey, Agar online review post karu to promo discount doge order par?!",price_negotiation,"Hey, Agar online review post karu to promo discount doge order par?!",,0,2
price_negotiation_121,Bhai Agar online review post karu to promo discount doge order par? jaldi batao,price_negotiation,Bhai Agar online review post karu to promo discount doge order par? jaldi batao,,0,2
price_negotiation_121,Sir Agar online review post karu to promo discount doge order par? kindly confirm,price_negotiation,Sir Agar online review post karu to promo discount doge order par? kindly confirm,,0,2
price_negotiation_121,Sunna Agar online review post karu to promo discount doge order par?...,price_negotiation,Sunna Agar online review post karu to promo discount doge order par?.,,1,2
price_negotiation_121,Dekho Agar online review post karu to promo discount doge order par? actually,price_negotiation,Dekho Agar online review post karu to promo discount doge order par? actually,,0,2
price_negotiation_121,"Hello team, Agar online review post karu to promo discount doge order par?",price_negotiation,"Hello team, Agar online review post karu to promo discount doge order par?",,0,2
price_negotiation_123,Bhai 500 ka coupon code lagwa do to cart buy now kar du.,price_negotiation,Bhai 500 ka coupon code lagwa do to cart buy now kar du.,,0,2
price_negotiation_123,Arre Bhai 500 ka coupon code lagwa do to cart buy now kar du. please,price_negotiation,Arre Bhai 500 ka coupon code lagwa do to cart buy now kar du. please,,0,2
price_negotiation_123,"Hey, Bhai 500 ka coupon code lagwa do to cart buy now kar du.!",price_negotiation,"Hey, Bhai 500 ka coupon code lagwa do to cart buy now kar du.!",,0,2
price_negotiation_123,Bhai Bhai 500 ka coupon code lagwa do to cart buy now kar du. jaldi batao,price_negotiation,Bhai Bhai 500 ka coupon code lagwa do to cart buy now kar du. jaldi batao,,0,2
price_negotiation_123,Sir Bhai 500 ka coupon code lagwa do to cart buy now kar du. kindly confirm,price_negotiation,Sir Bhai 500 ka coupon code lagwa do to cart buy now kar du. kindly confirm,,0,2
price_negotiation_123,Sunna Bhai 500 ka coupon code lagwa do to cart buy now kar du....,price_negotiation,Sunna Bhai 500 ka coupon code lagwa do to cart buy now kar du.,,1,2
price_negotiation_123,Dekho Bhai 500 ka coupon code lagwa do to cart buy now kar du. actually,price_negotiation,Dekho Bhai 500 ka coupon code lagwa do to cart buy now kar du. actually,,0,2
price_negotiation_123,"Hello team, Bhai 500 ka coupon code lagwa do to cart buy now kar du.",price_negotiation,"Hello team, Bhai 500 ka coupon code lagwa do to cart buy now kar du.",,0,2
price_negotiation_124,Renewal penalty waive off kar do to main service continue rakhunga.,price_negotiation,Renewal penalty waive off kar do to main service continue rakhunga.,,0,2
price_negotiation_124,Arre Renewal penalty waive off kar do to main service continue rakhunga. please,price_negotiation,Arre Renewal penalty waive off kar do to main service continue rakhunga. please,,0,2
price_negotiation_124,"Hey, Renewal penalty waive off kar do to main service continue rakhunga.!",price_negotiation,"Hey, Renewal penalty waive off kar do to main service continue rakhunga.!",,0,2
price_negotiation_124,Bhai Renewal penalty waive off kar do to main service continue rakhunga. jaldi batao,price_negotiation,Bhai Renewal penalty waive off kar do to main service continue rakhunga. jaldi batao,,0,2
price_negotiation_124,Sir Renewal penalty waive off kar do to main service continue rakhunga. kindly confirm,price_negotiation,Sir Renewal penalty waive off kar do to main service continue rakhunga. kindly confirm,,0,2
price_negotiation_124,Sunna Renewal penalty waive off kar do to main service continue rakhunga....,price_negotiation,Sunna Renewal penalty waive off kar do to main service continue rakhunga.,,1,2
price_negotiation_124,Dekho Renewal penalty waive off kar do to main service continue rakhunga. actually,price_negotiation,Dekho Renewal penalty waive off kar do to main service continue rakhunga. actually,,0,2
price_negotiation_124,"Hello team, Renewal penalty waive off kar do to main service continue rakhunga.",price_negotiation,"Hello team, Renewal penalty waive off kar do to main service continue rakhunga.",,0,2
price_negotiation_125,Sir best quote dijiye jisme discount mention ho clear words me.,price_negotiation,Sir best quote dijiye jisme discount mention ho clear words me.,,0,2
price_negotiation_125,Arre Sir best quote dijiye jisme discount mention ho clear words me. please,price_negotiation,Arre Sir best quote dijiye jisme discount mention ho clear words me. please,,0,2
price_negotiation_125,"Hey, Sir best quote dijiye jisme discount mention ho clear words me.!",price_negotiation,"Hey, Sir best quote dijiye jisme discount mention ho clear words me.!",,0,2
price_negotiation_125,Bhai Sir best quote dijiye jisme discount mention ho clear words me. jaldi batao,price_negotiation,Bhai Sir best quote dijiye jisme discount mention ho clear words me. jaldi batao,,0,2
price_negotiation_125,Sir Sir best quote dijiye jisme discount mention ho clear words me. kindly confirm,price_negotiation,Sir Sir best quote dijiye jisme discount mention ho clear words me. kindly confirm,,0,2
price_negotiation_125,Sunna Sir best quote dijiye jisme discount mention ho clear words me....,price_negotiation,Sunna Sir best quote dijiye jisme discount mention ho clear words me.,,1,2
price_negotiation_125,Dekho Sir best quote dijiye jisme discount mention ho clear words me. actually,price_negotiation,Dekho Sir best quote dijiye jisme discount mention ho clear words me. actually,,0,2
price_negotiation_125,"Hello team, Sir best quote dijiye jisme discount mention ho clear words me.",price_negotiation,"Hello team, Sir best quote dijiye jisme discount mention ho clear words me.",,0,2
price_negotiation_126,Bhai concession karke transaction close karo delay mat karo.,price_negotiation,Bhai concession karke transaction close karo delay mat karo.,,0,2
price_negotiation_126,Arre Bhai concession karke transaction close karo delay mat karo. please,price_negotiation,Arre Bhai concession karke transaction close karo delay mat karo. please,,0,2
price_negotiation_126,"Hey, Bhai concession karke transaction close karo delay mat karo.!",price_negotiation,"Hey, Bhai concession karke transaction close karo delay mat karo.!",,0,2
price_negotiation_126,Bhai Bhai concession karke transaction close karo delay mat karo. jaldi batao,price_negotiation,Bhai Bhai concession karke transaction close karo delay mat karo. jaldi batao,,0,2
price_negotiation_126,Sir Bhai concession karke transaction close karo delay mat karo. kindly confirm,price_negotiation,Sir Bhai concession karke transaction close karo delay mat karo. kindly confirm,,0,2
price_negotiation_126,Sunna Bhai concession karke transaction close karo delay mat karo....,price_negotiation,Sunna Bhai concession karke transaction close karo delay mat karo.,,1,2
price_negotiation_126,Dekho Bhai concession karke transaction close karo delay mat karo. actually,price_negotiation,Dekho Bhai concession karke transaction close karo delay mat karo. actually,,0,2
price_negotiation_126,"Hello team, Bhai concession karke transaction close karo delay mat karo.",price_negotiation,"Hello team, Bhai concession karke transaction close karo delay mat karo.",,0,2
price_negotiation_127,Competitor se better rate do tabhi aapka brand select karenge.,price_negotiation,Competitor se better rate do tabhi aapka brand select karenge.,,0,2
price_negotiation_127,Arre Competitor se better rate do tabhi aapka brand select karenge. please,price_negotiation,Arre Competitor se better rate do tabhi aapka brand select karenge. please,,0,2
price_negotiation_127,"Hey, Competitor se better rate do tabhi aapka brand select karenge.!",price_negotiation,"Hey, Competitor se better rate do tabhi aapka brand select karenge.!",,0,2
price_negotiation_127,Bhai Competitor se better rate do tabhi aapka brand select karenge. jaldi batao,price_negotiation,Bhai Competitor se better rate do tabhi aapka brand select karenge. jaldi batao,,0,2
price_negotiation_127,Sir Competitor se better rate do tabhi aapka brand select karenge. kindly confirm,price_negotiation,Sir Competitor se better rate do tabhi aapka brand select karenge. kindly confirm,,0,2
price_negotiation_127,Sunna Competitor se better rate do tabhi aapka brand select karenge....,price_negotiation,Sunna Competitor se better rate do tabhi aapka brand select karenge.,,1,2
price_negotiation_127,Dekho Competitor se better rate do tabhi aapka brand select karenge. actually,price_negotiation,Dekho Competitor se better rate do tabhi aapka brand select karenge. actually,,0,2
price_negotiation_127,"Hello team, Competitor se better rate do tabhi aapka brand select karenge.",price_negotiation,"Hello team, Competitor se better rate do tabhi aapka brand select karenge.",,0,2
price_negotiation_128,Advance token 50% abhi dedu thoda price cut karo to.,price_negotiation,Advance token 50% abhi dedu thoda price cut karo to.,,0,2
price_negotiation_128,Arre Advance token 50% abhi dedu thoda price cut karo to. please,price_negotiation,Arre Advance token 50% abhi dedu thoda price cut karo to. please,,0,2
price_negotiation_128,"Hey, Advance token 50% abhi dedu thoda price cut karo to.!",price_negotiation,"Hey, Advance token 50% abhi dedu thoda price cut karo to.!",,0,2
price_negotiation_128,Bhai Advance token 50% abhi dedu thoda price cut karo to. jaldi batao,price_negotiation,Bhai Advance token 50% abhi dedu thoda price cut karo to. jaldi batao,,0,2
price_negotiation_128,Sir Advance token 50% abhi dedu thoda price cut karo to. kindly confirm,price_negotiation,Sir Advance token 50% abhi dedu thoda price cut karo to. kindly confirm,,0,2
price_negotiation_128,Sunna Advance token 50% abhi dedu thoda price cut karo to....,price_negotiation,Sunna Advance token 50% abhi dedu thoda price cut karo to.,,1,2
price_negotiation_128,Dekho Advance token 50% abhi dedu thoda price cut karo to. actually,price_negotiation,Dekho Advance token 50% abhi dedu thoda price cut karo to. actually,,0,2
price_negotiation_128,"Hello team, Advance token 50% abhi dedu thoda price cut karo to.",price_negotiation,"Hello team, Advance token 50% abhi dedu thoda price cut karo to.",,0,2
price_negotiation_129,Sir discount rate calculate karke fresh link generated share karo.,price_negotiation,Sir discount rate calculate karke fresh link generated share karo.,,0,2
price_negotiation_129,Arre Sir discount rate calculate karke fresh link generated share karo. please,price_negotiation,Arre Sir discount rate calculate karke fresh link generated share karo. please,,0,2
price_negotiation_129,"Hey, Sir discount rate calculate karke fresh link generated share karo.!",price_negotiation,"Hey, Sir discount rate calculate karke fresh link generated share karo.!",,0,2
price_negotiation_129,Bhai Sir discount rate calculate karke fresh link generated share karo. jaldi batao,price_negotiation,Bhai Sir discount rate calculate karke fresh link generated share karo. jaldi batao,,0,2
price_negotiation_129,Sir Sir discount rate calculate karke fresh link generated share karo. kindly confirm,price_negotiation,Sir Sir discount rate calculate karke fresh link generated share karo. kindly confirm,,0,2
price_negotiation_129,Sunna Sir discount rate calculate karke fresh link generated share karo....,price_negotiation,Sunna Sir discount rate calculate karke fresh link generated share karo.,,1,2
price_negotiation_129,Dekho Sir discount rate calculate karke fresh link generated share karo. actually,price_negotiation,Dekho Sir discount rate calculate karke fresh link generated share karo. actually,,0,2
price_negotiation_129,"Hello team, Sir discount rate calculate karke fresh link generated share karo.",price_negotiation,"Hello team, Sir discount rate calculate karke fresh link generated share karo.",,0,2
price_negotiation_130,Bhai price negotiate karo wrna mujhe doosri shop pe jaana padega.,price_negotiation,Bhai price negotiate karo wrna mujhe doosri shop pe jaana padega.,,0,2
price_negotiation_130,Arre Bhai price negotiate karo wrna mujhe doosri shop pe jaana padega. please,price_negotiation,Arre Bhai price negotiate karo wrna mujhe doosri shop pe jaana padega. please,,0,2
price_negotiation_130,"Hey, Bhai price negotiate karo wrna mujhe doosri shop pe jaana padega.!",price_negotiation,"Hey, Bhai price negotiate karo wrna mujhe doosri shop pe jaana padega.!",,0,2
price_negotiation_130,Bhai Bhai price negotiate karo wrna mujhe doosri shop pe jaana padega. jaldi batao,price_negotiation,Bhai Bhai price negotiate karo wrna mujhe doosri shop pe jaana padega. jaldi batao,,0,2
price_negotiation_130,Sir Bhai price negotiate karo wrna mujhe doosri shop pe jaana padega. kindly confirm,price_negotiation,Sir Bhai price negotiate karo wrna mujhe doosri shop pe jaana padega. kindly confirm,,0,2
price_negotiation_130,Sunna Bhai price negotiate karo wrna mujhe doosri shop pe jaana padega....,price_negotiation,Sunna Bhai price negotiate karo wrna mujhe doosri shop pe jaana padega.,,1,2
price_negotiation_130,Dekho Bhai price negotiate karo wrna mujhe doosri shop pe jaana padega. actually,price_negotiation,Dekho Bhai price negotiate karo wrna mujhe doosri shop pe jaana padega. actually,,0,2
price_negotiation_130,"Hello team, Bhai price negotiate karo wrna mujhe doosri shop pe jaana padega.",price_negotiation,"Hello team, Bhai price negotiate karo wrna mujhe doosri shop pe jaana padega.",,0,2
price_negotiation_131,Corporate tie up ke base par price markdown confirm karo.,price_negotiation,Corporate tie up ke base par price markdown confirm karo.,,0,2
price_negotiation_131,Arre Corporate tie up ke base par price markdown confirm karo. please,price_negotiation,Arre Corporate tie up ke base par price markdown confirm karo. please,,0,2
price_negotiation_131,"Hey, Corporate tie up ke base par price markdown confirm karo.!",price_negotiation,"Hey, Corporate tie up ke base par price markdown confirm karo.!",,0,2
price_negotiation_131,Bhai Corporate tie up ke base par price markdown confirm karo. jaldi batao,price_negotiation,Bhai Corporate tie up ke base par price markdown confirm karo. jaldi batao,,0,2
price_negotiation_131,Sir Corporate tie up ke base par price markdown confirm karo. kindly confirm,price_negotiation,Sir Corporate tie up ke base par price markdown confirm karo. kindly confirm,,0,2
price_negotiation_131,Sunna Corporate tie up ke base par price markdown confirm karo....,price_negotiation,Sunna Corporate tie up ke base par price markdown confirm karo.,,1,2
price_negotiation_131,Dekho Corporate tie up ke base par price markdown confirm karo. actually,price_negotiation,Dekho Corporate tie up ke base par price markdown confirm karo. actually,,0,2
price_negotiation_131,"Hello team, Corporate tie up ke base par price markdown confirm karo.",price_negotiation,"Hello team, Corporate tie up ke base par price markdown confirm karo.",,0,2
price_negotiation_132,Sir standard pricing se 10% kam kar dijiye deal pakki.,price_negotiation,Sir standard pricing se 10% kam kar dijiye deal pakki.,,0,2
price_negotiation_132,Arre Sir standard pricing se 10% kam kar dijiye deal pakki. please,price_negotiation,Arre Sir standard pricing se 10% kam kar dijiye deal pakki. please,,0,2
price_negotiation_132,"Hey, Sir standard pricing se 10% kam kar dijiye deal pakki.!",price_negotiation,"Hey, Sir standard pricing se 10% kam kar dijiye deal pakki.!",,0,2
price_negotiation_132,Bhai Sir standard pricing se 10% kam kar dijiye deal pakki. jaldi batao,price_negotiation,Bhai Sir standard pricing se 10% kam kar dijiye deal pakki. jaldi batao,,0,2
price_negotiation_132,Sir Sir standard pricing se 10% kam kar dijiye deal pakki. kindly confirm,price_negotiation,Sir Sir standard pricing se 10% kam kar dijiye deal pakki. kindly confirm,,0,2
price_negotiation_132,Sunna Sir standard pricing se 10% kam kar dijiye deal pakki....,price_negotiation,Sunna Sir standard pricing se 10% kam kar dijiye deal pakki.,,1,2
price_negotiation_132,Dekho Sir standard pricing se 10% kam kar dijiye deal pakki. actually,price_negotiation,Dekho Sir standard pricing se 10% kam kar dijiye deal pakki. actually,,0,2
price_negotiation_132,"Hello team, Sir standard pricing se 10% kam kar dijiye deal pakki.",price_negotiation,"Hello team, Sir standard pricing se 10% kam kar dijiye deal pakki.",,0,2
price_negotiation_135,Final negotiation price 18000 lock karo aur payment initiate karo.,price_negotiation,Final negotiation price 1800 lock karo aur payment initiate karo.,,0,2
price_negotiation_135,Arre Final negotiation price 18000 lock karo aur payment initiate karo. please,price_negotiation,Arre Final negotiation price 1800 lock karo aur payment initiate karo. please,,0,2
price_negotiation_135,"Hey, Final negotiation price 18000 lock karo aur payment initiate karo.!",price_negotiation,"Hey, Final negotiation price 1800 lock karo aur payment initiate karo.!",,0,2
price_negotiation_135,Bhai Final negotiation price 18000 lock karo aur payment initiate karo. jaldi batao,price_negotiation,Bhai Final negotiation price 1800 lock karo aur payment initiate karo. jaldi batao,,0,2
price_negotiation_135,Sir Final negotiation price 18000 lock karo aur payment initiate karo. kindly confirm,price_negotiation,Sir Final negotiation price 1800 lock karo aur payment initiate karo. kindly confirm,,0,2
price_negotiation_135,Sunna Final negotiation price 18000 lock karo aur payment initiate karo....,price_negotiation,Sunna Final negotiation price 1800 lock karo aur payment initiate karo.,,1,2
price_negotiation_135,Dekho Final negotiation price 18000 lock karo aur payment initiate karo. actually,price_negotiation,Dekho Final negotiation price 1800 lock karo aur payment initiate karo. actually,,0,2
price_negotiation_135,"Hello team, Final negotiation price 18000 lock karo aur payment initiate karo.",price_negotiation,"Hello team, Final negotiation price 1800 lock karo aur payment initiate karo.",,0,2
price_negotiation_139,Bhai thoda budget accommodate karo payment done samjho.,price_negotiation,Bhai thoda budget accommodate karo payment done samjho.,,0,2
price_negotiation_139,Arre Bhai thoda budget accommodate karo payment done samjho. please,price_negotiation,Arre Bhai thoda budget accommodate karo payment done samjho. please,,0,2
price_negotiation_139,"Hey, Bhai thoda budget accommodate karo payment done samjho.!",price_negotiation,"Hey, Bhai thoda budget accommodate karo payment done samjho.!",,0,2
price_negotiation_139,Bhai Bhai thoda budget accommodate karo payment done samjho. jaldi batao,price_negotiation,Bhai Bhai thoda budget accommodate karo payment done samjho. jaldi batao,,0,2
price_negotiation_139,Sir Bhai thoda budget accommodate karo payment done samjho. kindly confirm,price_negotiation,Sir Bhai thoda budget accommodate karo payment done samjho. kindly confirm,,0,2
price_negotiation_139,Sunna Bhai thoda budget accommodate karo payment done samjho....,price_negotiation,Sunna Bhai thoda budget accommodate karo payment done samjho.,,1,2
price_negotiation_139,Dekho Bhai thoda budget accommodate karo payment done samjho. actually,price_negotiation,Dekho Bhai thoda budget accommodate karo payment done samjho. actually,,0,2
price_negotiation_139,"Hello team, Bhai thoda budget accommodate karo payment done samjho.",price_negotiation,"Hello team, Bhai thoda budget accommodate karo payment done samjho.",,0,2
price_negotiation_140,Reasonable concession facilitate karo deal finalized.,price_negotiation,Reasonable concession facilitate karo deal finalized.,,0,2
price_negotiation_140,Arre Reasonable concession facilitate karo deal finalized. please,price_negotiation,Arre Reasonable concession facilitate karo deal finalized. please,,0,2
price_negotiation_140,"Hey, Reasonable concession facilitate karo deal finalized.!",price_negotiation,"Hey, Reasonable concession facilitate karo deal finalized.!",,0,2
price_negotiation_140,Bhai Reasonable concession facilitate karo deal finalized. jaldi batao,price_negotiation,Bhai Reasonable concession facilitate karo deal finalized. jaldi batao,,0,2
price_negotiation_140,Sir Reasonable concession facilitate karo deal finalized. kindly confirm,price_negotiation,Sir Reasonable concession facilitate karo deal finalized. kindly confirm,,0,2
price_negotiation_140,Sunna Reasonable concession facilitate karo deal finalized....,price_negotiation,Sunna Reasonable concession facilitate karo deal finalized.,,1,2
price_negotiation_140,Dekho Reasonable concession facilitate karo deal finalized. actually,price_negotiation,Dekho Reasonable concession facilitate karo deal finalized. actually,,0,2
price_negotiation_140,"Hello team, Reasonable concession facilitate karo deal finalized.",price_negotiation,"Hello team, Reasonable concession facilitate karo deal finalized.",,0,2
callback_request_001,"Abhi main drive kar raha hu, can you please call me back around 6 PM?",callback_request,"Abhi main drive kar raha hu, can you please call me back around 6 PM?",,0,3
callback_request_001,"Arre Abhi main drive kar raha hu, can you please call me back around 6 PM? please",callback_request,"Arre Abhi main drive kar raha hu, can you please call me back around 6 PM? please",,0,3
callback_request_001,"Hey, Abhi main drive kar raha hu, can you please call me back around 6 PM?!",callback_request,"Hey, Abhi main drive kar raha hu, can you please call me back around 6 PM?!",,0,3
callback_request_001,"Bhai Abhi main drive kar raha hu, can you please call me back around 6 PM? jaldi batao",callback_request,"Bhai Abhi main drive kar raha hu, can you please call me back around 6 PM? jaldi batao",,0,3
callback_request_001,"Sir Abhi main drive kar raha hu, can you please call me back around 6 PM? kindly confirm",callback_request,"Sir Abhi main drive kar raha hu, can you please call me back around 6 PM? kindly confirm",,0,3
callback_request_001,"Sunna Abhi main drive kar raha hu, can you please call me back around 6 PM?...",callback_request,"Sunna Abhi main drive kar raha hu, can you please call me back around 6 PM?.",,1,3
callback_request_001,"Dekho Abhi main drive kar raha hu, can you please call me back around 6 PM? actually",callback_request,"Dekho Abhi main drive kar raha hu, can you please call me back around 6 PM? actually",,0,3
callback_request_001,"Hello team, Abhi main drive kar raha hu, can you please call me back around 6 PM?",callback_request,"Hello team, Abhi main drive kar raha hu, can you please call me back around 6 PM?",,0,3
callback_request_004,"Main hospital me hu urgent, please call after 2 hours.",callback_request,"Main hospital me hu urgent, please call after 2 hours.",,0,3
callback_request_004,"Arre Main hospital me hu urgent, please call after 2 hours. please",callback_request,"Arre Main hospital me hu urgent, please call after 2 hours. please",,0,3
callback_request_004,"Hey, Main hospital me hu urgent, please call after 2 hours.!",callback_request,"Hey, Main hospital me hu urgent, please call after 2 hours.!",,0,3
callback_request_004,"Bhai Main hospital me hu urgent, please call after 2 hours. jaldi batao",callback_request,"Bhai Main hospital me hu urgent, please call after 2 hours. jaldi batao",,0,3
callback_request_004,"Sir Main hospital me hu urgent, please call after 2 hours. kindly confirm",callback_request,"Sir Main hospital me hu urgent, please call after 2 hours. kindly confirm",,0,3
callback_request_004,"Sunna Main hospital me hu urgent, please call after 2 hours....",callback_request,"Sunna Main hospital me hu urgent, please call after 2 hours.",,1,3
callback_request_004,"Dekho Main hospital me hu urgent, please call after 2 hours. actually",callback_request,"Dekho Main hospital me hu urgent, please call after 2 hours. actually",,0,3
callback_request_004,"Hello team, Main hospital me hu urgent, please call after 2 hours.",callback_request,"Hello team, Main hospital me hu urgent, please call after 2 hours.",,0,3
callback_request_005,Aapke team lead ya manager ko bolo mujhe sham ko connect kare.,callback_request,Aapke team lead ya manager ko bolo mujhe sham ko connect kare.,,0,3
callback_request_005,Arre Aapke team lead ya manager ko bolo mujhe sham ko connect kare. please,callback_request,Arre Aapke team lead ya manager ko bolo mujhe sham ko connect kare. please,,0,3
callback_request_005,"Hey, Aapke team lead ya manager ko bolo mujhe sham ko connect kare.!",callback_request,"Hey, Aapke team lead ya manager ko bolo mujhe sham ko connect kare.!",,0,3
callback_request_005,Bhai Aapke team lead ya manager ko bolo mujhe sham ko connect kare. jaldi batao,callback_request,Bhai Aapke team lead ya manager ko bolo mujhe sham ko connect kare. jaldi batao,,0,3
callback_request_005,Sir Aapke team lead ya manager ko bolo mujhe sham ko connect kare. kindly confirm,callback_request,Sir Aapke team lead ya manager ko bolo mujhe sham ko connect kare. kindly confirm,,0,3
callback_request_005,Sunna Aapke team lead ya manager ko bolo mujhe sham ko connect kare....,callback_request,Sunna Aapke team lead ya manager ko bolo mujhe sham ko connect kare.,,1,3
callback_request_005,Dekho Aapke team lead ya manager ko bolo mujhe sham ko connect kare. actually,callback_request,Dekho Aapke team lead ya manager ko bolo mujhe sham ko connect kare. actually,,0,3
callback_request_005,"Hello team, Aapke team lead ya manager ko bolo mujhe sham ko connect kare.",callback_request,"Hello team, Aapke team lead ya manager ko bolo mujhe sham ko connect kare.",,0,3
callback_request_006,"Abhi office me hu baat nahi ho payegi, Sunday afternoon connect karna.",callback_request,"Abhi office me hu baat nahi ho payegi, Sunday afternoon connect karna.",,0,3
callback_request_006,"Arre Abhi office me hu baat nahi ho payegi, Sunday afternoon connect karna. please",callback_request,"Arre Abhi office me hu baat nahi ho payegi, Sunday afternoon connect karna. please",,0,3
callback_request_006,"Hey, Abhi office me hu baat nahi ho payegi, Sunday afternoon connect karna.!",callback_request,"Hey, Abhi office me hu baat nahi ho payegi, Sunday afternoon connect karna.!",,0,3
callback_request_006,"Bhai Abhi office me hu baat nahi ho payegi, Sunday afternoon connect karna. jaldi batao",callback_request,"Bhai Abhi office me hu baat nahi ho payegi, Sunday afternoon connect karna. jaldi batao",,0,3
callback_request_006,"Sir Abhi office me hu baat nahi ho payegi, Sunday afternoon connect karna. kindly confirm",callback_request,"Sir Abhi office me hu baat nahi ho payegi, Sunday afternoon connect karna. kindly confirm",,0,3
callback_request_006,"Sunna Abhi office me hu baat nahi ho payegi, Sunday afternoon connect karna....",callback_request,"Sunna Abhi office me hu baat nahi ho payegi, Sunday afternoon connect karna.",,1,3
callback_request_006,"Dekho Abhi office me hu baat nahi ho payegi, Sunday afternoon connect karna. actually",callback_request,"Dekho Abhi office me hu baat nahi ho payegi, Sunday afternoon connect karna. actually",,0,3
callback_request_006,"Hello team, Abhi office me hu baat nahi ho payegi, Sunday afternoon connect karna.",callback_request,"Hello team, Abhi office me hu baat nahi ho payegi, Sunday afternoon connect karna.",,0,3
callback_request_007,"Signal bohot drop ho raha hai yaha, WhatsApp pe text kar do ya baad me call karo.",callback_request,"Signal bohot drop ho raha hai yaha, WhatsApp pe text kar do ya baad me call karo.",,0,3
callback_request_007,"Arre Signal bohot drop ho raha hai yaha, WhatsApp pe text kar do ya baad me call karo. please",callback_request,"Arre Signal bohot drop ho raha hai yaha, WhatsApp pe text kar do ya baad me call karo. please",,0,3
callback_request_007,"Hey, Signal bohot drop ho raha hai yaha, WhatsApp pe text kar do ya baad me call karo.!",callback_request,"Hey, Signal bohot drop ho raha hai yaha, WhatsApp pe text kar do ya baad me call karo.!",,0,3
callback_request_007,"Bhai Signal bohot drop ho raha hai yaha, WhatsApp pe text kar do ya baad me call karo. jaldi batao",callback_request,"Bhai Signal bohot drop ho raha hai yaha, WhatsApp pe text kar do ya baad me call karo. jaldi batao",,0,3
callback_request_007,"Sir Signal bohot drop ho raha hai yaha, WhatsApp pe text kar do ya baad me call karo. kindly confirm",callback_request,"Sir Signal bohot drop ho raha hai yaha, WhatsApp pe text kar do ya baad me call karo. kindly confirm",,0,3
callback_request_007,"Sunna Signal bohot drop ho raha hai yaha, WhatsApp pe text kar do ya baad me call karo....",callback_request,"Sunna Signal bohot drop ho raha hai yaha, WhatsApp pe text kar do ya baad me call karo.",,1,3
callback_request_007,"Dekho Signal bohot drop ho raha hai yaha, WhatsApp pe text kar do ya baad me call karo. actually",callback_request,"Dekho Signal bohot drop ho raha hai yaha, WhatsApp pe text kar do ya baad me call karo. actually",,0,3
callback_request_007,"Hello team, Signal bohot drop ho raha hai yaha, WhatsApp pe text kar do ya baad me call karo.",callback_request,"Hello team, Signal bohot drop ho raha hai yaha, WhatsApp pe text kar do ya baad me call karo.",,0,3
callback_request_008,"Family dinner pe hu, kal morning me reach out karna.",callback_request,"Family dinner pe hu, kal morning me reach out karna.",,0,3
callback_request_008,"Arre Family dinner pe hu, kal morning me reach out karna. please",callback_request,"Arre Family dinner pe hu, kal morning me reach out karna. please",,0,3
callback_request_008,"Hey, Family dinner pe hu, kal morning me reach out karna.!",callback_request,"Hey, Family dinner pe hu, kal morning me reach out karna.!",,0,3
callback_request_008,"Bhai Family dinner pe hu, kal morning me reach out karna. jaldi batao",callback_request,"Bhai Family dinner pe hu, kal morning me reach out karna. jaldi batao",,0,3
callback_request_008,"Sir Family dinner pe hu, kal morning me reach out karna. kindly confirm",callback_request,"Sir Family dinner pe hu, kal morning me reach out karna. kindly confirm",,0,3
callback_request_008,"Sunna Family dinner pe hu, kal morning me reach out karna....",callback_request,"Sunna Family dinner pe hu, kal morning me reach out karna.",,1,3
callback_request_008,"Dekho Family dinner pe hu, kal morning me reach out karna. actually",callback_request,"Dekho Family dinner pe hu, kal morning me reach out karna. actually",,0,3
callback_request_008,"Hello team, Family dinner pe hu, kal morning me reach out karna.",callback_request,"Hello team, Family dinner pe hu, kal morning me reach out karna.",,0,3
callback_request_009,"Main travel kar raha hu train me, Monday ko 11 AM ring back karo.",callback_request,"Main travel kar raha hu train me, Monday ko 11 AM ring back karo.",,0,3
callback_request_009,"Arre Main travel kar raha hu train me, Monday ko 11 AM ring back karo. please",callback_request,"Arre Main travel kar raha hu train me, Monday ko 11 AM ring back karo. please",,0,3
callback_request_009,"Hey, Main travel kar raha hu train me, Monday ko 11 AM ring back karo.!",callback_request,"Hey, Main travel kar raha hu train me, Monday ko 11 AM ring back karo.!",,0,3
callback_request_009,"Bhai Main travel kar raha hu train me, Monday ko 11 AM ring back karo. jaldi batao",callback_request,"Bhai Main travel kar raha hu train me, Monday ko 11 AM ring back karo. jaldi batao",,0,3
callback_request_009,"Sir Main travel kar raha hu train me, Monday ko 11 AM ring back karo. kindly confirm",callback_request,"Sir Main travel kar raha hu train me, Monday ko 11 AM ring back karo. kindly confirm",,0,3
callback_request_009,"Sunna Main travel kar raha hu train me, Monday ko 11 AM ring back karo....",callback_request,"Sunna Main travel kar raha hu train me, Monday ko 11 AM ring back karo.",,1,3
callback_request_009,"Dekho Main travel kar raha hu train me, Monday ko 11 AM ring back karo. actually",callback_request,"Dekho Main travel kar raha hu train me, Monday ko 11 AM ring back karo. actually",,0,3
callback_request_009,"Hello team, Main travel kar raha hu train me, Monday ko 11 AM ring back karo.",callback_request,"Hello team, Main travel kar raha hu train me, Monday ko 11 AM ring back karo.",,0,3
callback_request_010,Please drop a callback request for tomorrow evening.,callback_request,Please drop a callback request for tomorrow evening.,,0,3
callback_request_010,Arre Please drop a callback request for tomorrow evening. please,callback_request,Arre Please drop a callback request for tomorrow evening. please,,0,3
callback_request_010,"Hey, Please drop a callback request for tomorrow evening.!",callback_request,"Hey, Please drop a callback request for tomorrow evening.!",,0,3
callback_request_010,Bhai Please drop a callback request for tomorrow evening. jaldi batao,callback_request,Bhai Please drop a callback request for tomorrow evening. jaldi batao,,0,3
callback_request_010,Sir Please drop a callback request for tomorrow evening. kindly confirm,callback_request,Sir Please drop a callback request for tomorrow evening. kindly confirm,,0,3
callback_request_010,Sunna Please drop a callback request for tomorrow evening....,callback_request,Sunna Please drop a callback request for tomorrow evening.,,1,3
callback_request_010,Dekho Please drop a callback request for tomorrow evening. actually,callback_request,Dekho Please drop a callback request for tomorrow evening. actually,,0,3
callback_request_010,"Hello team, Please drop a callback request for tomorrow evening.",callback_request,"Hello team, Please drop a callback request for tomorrow evening.",,0,3
callback_request_011,"Abhi class chal rahi hai student ki, dopehar 3 baje phone lagana.",callback_request,"Abhi class chal rahi hai student ki, dopehar 3 baje phone lagana.",,0,3
callback_request_011,"Arre Abhi class chal rahi hai student ki, dopehar 3 baje phone lagana. please",callback_request,"Arre Abhi class chal rahi hai student ki, dopehar 3 baje phone lagana. please",,0,3
callback_request_011,"Hey, Abhi class chal rahi hai student ki, dopehar 3 baje phone lagana.!",callback_request,"Hey, Abhi class chal rahi hai student ki, dopehar 3 baje phone lagana.!",,0,3
callback_request_011,"Bhai Abhi class chal rahi hai student ki, dopehar 3 baje phone lagana. jaldi batao",callback_request,"Bhai Abhi class chal rahi hai student ki, dopehar 3 baje phone lagana. jaldi batao",,0,3
callback_request_011,"Sir Abhi class chal rahi hai student ki, dopehar 3 baje phone lagana. kindly confirm",callback_request,"Sir Abhi class chal rahi hai student ki, dopehar 3 baje phone lagana. kindly confirm",,0,3
callback_request_011,"Sunna Abhi class chal rahi hai student ki, dopehar 3 baje phone lagana....",callback_request,"Sunna Abhi class chal rahi hai student ki, dopehar 3 baje phone lagana.",,1,3
callback_request_011,"Dekho Abhi class chal rahi hai student ki, dopehar 3 baje phone lagana. actually",callback_request,"Dekho Abhi class chal rahi hai student ki, dopehar 3 baje phone lagana. actually",,0,3
callback_request_011,"Hello team, Abhi class chal rahi hai student ki, dopehar 3 baje phone lagana.",callback_request,"Hello team, Abhi class chal rahi hai student ki, dopehar 3 baje phone lagana.",,0,3
callback_request_012,"Currently driving on highway, safety issue hai call back later.",callback_request,"Currently driving on highway, safety issue hai call back later.",,0,3
callback_request_012,"Arre Currently driving on highway, safety issue hai call back later. please",callback_request,"Arre Currently driving on highway, safety issue hai call back later. please",,0,3
callback_request_012,"Hey, Currently driving on highway, safety issue hai call back later.!",callback_request,"Hey, Currently driving on highway, safety issue hai call back later.!",,0,3
callback_request_012,"Bhai Currently driving on highway, safety issue hai call back later. jaldi batao",callback_request,"Bhai Currently driving on highway, safety issue hai call back later. jaldi batao",,0,3
callback_request_012,"Sir Currently driving on highway, safety issue hai call back later. kindly confirm",callback_request,"Sir Currently driving on highway, safety issue hai call back later. kindly confirm",,0,3
callback_request_012,"Sunna Currently driving on highway, safety issue hai call back later....",callback_request,"Sunna Currently driving on highway, safety issue hai call back later.",,1,3
callback_request_012,"Dekho Currently driving on highway, safety issue hai call back later. actually",callback_request,"Dekho Currently driving on highway, safety issue hai call back later. actually",,0,3
callback_request_012,"Hello team, Currently driving on highway, safety issue hai call back later.",callback_request,"Hello team, Currently driving on highway, safety issue hai call back later.",,0,3
callback_request_013,"Main client call pe hu, call me back in 45 minutes.",callback_request,"Main client call pe hu, call me back in 45 minutes.",,0,3
callback_request_013,"Arre Main client call pe hu, call me back in 45 minutes. please",callback_request,"Arre Main client call pe hu, call me back in 45 minutes. please",,0,3
callback_request_013,"Hey, Main client call pe hu, call me back in 45 minutes.!",callback_request,"Hey, Main client call pe hu, call me back in 45 minutes.!",,0,3
callback_request_013,"Bhai Main client call pe hu, call me back in 45 minutes. jaldi batao",callback_request,"Bhai Main client call pe hu, call me back in 45 minutes. jaldi batao",,0,3
callback_request_013,"Sir Main client call pe hu, call me back in 45 minutes. kindly confirm",callback_request,"Sir Main client call pe hu, call me back in 45 minutes. kindly confirm",,0,3
callback_request_013,"Sunna Main client call pe hu, call me back in 45 minutes....",callback_request,"Sunna Main client call pe hu, call me back in 45 minutes.",,1,3
callback_request_013,"Dekho Main client call pe hu, call me back in 45 minutes. actually",callback_request,"Dekho Main client call pe hu, call me back in 45 minutes. actually",,0,3
callback_request_013,"Hello team, Main client call pe hu, call me back in 45 minutes.",callback_request,"Hello team, Main client call pe hu, call me back in 45 minutes.",,0,3
callback_request_014,Aapka executive kal sham ko call kare to comfortable rahega.,callback_request,Aapka executive kal sham ko call kare to comfortable rahega.,,0,3
callback_request_014,Arre Aapka executive kal sham ko call kare to comfortable rahega. please,callback_request,Arre Aapka executive kal sham ko call kare to comfortable rahega. please,,0,3
callback_request_014,"Hey, Aapka executive kal sham ko call kare to comfortable rahega.!",callback_request,"Hey, Aapka executive kal sham ko call kare to comfortable rahega.!",,0,3
callback_request_014,Bhai Aapka executive kal sham ko call kare to comfortable rahega. jaldi batao,callback_request,Bhai Aapka executive kal sham ko call kare to comfortable rahega. jaldi batao,,0,3
callback_request_014,Sir Aapka executive kal sham ko call kare to comfortable rahega. kindly confirm,callback_request,Sir Aapka executive kal sham ko call kare to comfortable rahega. kindly confirm,,0,3
callback_request_014,Sunna Aapka executive kal sham ko call kare to comfortable rahega....,callback_request,Sunna Aapka executive kal sham ko call kare to comfortable rahega.,,1,3
callback_request_014,Dekho Aapka executive kal sham ko call kare to comfortable rahega. actually,callback_request,Dekho Aapka executive kal sham ko call kare to comfortable rahega. actually,,0,3
callback_request_014,"Hello team, Aapka executive kal sham ko call kare to comfortable rahega.",callback_request,"Hello team, Aapka executive kal sham ko call kare to comfortable rahega.",,0,3
callback_request_016,"Flight board kar raha hu, landing ke baad call back karo around 8 PM.",callback_request,"Flight board kar raha hu, landing ke baad call back karo around 8 PM.",,0,3
callback_request_016,"Arre Flight board kar raha hu, landing ke baad call back karo around 8 PM. please",callback_request,"Arre Flight board kar raha hu, landing ke baad call back karo around 8 PM. please",,0,3
callback_request_016,"Hey, Flight board kar raha hu, landing ke baad call back karo around 8 PM.!",callback_request,"Hey, Flight board kar raha hu, landing ke baad call back karo around 8 PM.!",,0,3
callback_request_016,"Bhai Flight board kar raha hu, landing ke baad call back karo around 8 PM. jaldi batao",callback_request,"Bhai Flight board kar raha hu, landing ke baad call back karo around 8 PM. jaldi batao",,0,3
callback_request_016,"Sir Flight board kar raha hu, landing ke baad call back karo around 8 PM. kindly confirm",callback_request,"Sir Flight board kar raha hu, landing ke baad call back karo around 8 PM. kindly confirm",,0,3
callback_request_016,"Sunna Flight board kar raha hu, landing ke baad call back karo around 8 PM....",callback_request,"Sunna Flight board kar raha hu, landing ke baad call back karo around 8 PM.",,1,3
callback_request_016,"Dekho Flight board kar raha hu, landing ke baad call back karo around 8 PM. actually",callback_request,"Dekho Flight board kar raha hu, landing ke baad call back karo around 8 PM. actually",,0,3
callback_request_016,"Hello team, Flight board kar raha hu, landing ke baad call back karo around 8 PM.",callback_request,"Hello team, Flight board kar raha hu, landing ke baad call back karo around 8 PM.",,0,3
callback_request_017,"Busy schedule hai aaj pura din, weekend pe time milega baat karne ka.",callback_request,"Busy schedule hai aaj pura din, weekend pe time milega baat karne ka.",,0,3
callback_request_017,"Arre Busy schedule hai aaj pura din, weekend pe time milega baat karne ka. please",callback_request,"Arre Busy schedule hai aaj pura din, weekend pe time milega baat karne ka. please",,0,3
callback_request_017,"Hey, Busy schedule hai aaj pura din, weekend pe time milega baat karne ka.!",callback_request,"Hey, Busy schedule hai aaj pura din, weekend pe time milega baat karne ka.!",,0,3
callback_request_017,"Bhai Busy schedule hai aaj pura din, weekend pe time milega baat karne ka. jaldi batao",callback_request,"Bhai Busy schedule hai aaj pura din, weekend pe time milega baat karne ka. jaldi batao",,0,3
callback_request_017,"Sir Busy schedule hai aaj pura din, weekend pe time milega baat karne ka. kindly confirm",callback_request,"Sir Busy schedule hai aaj pura din, weekend pe time milega baat karne ka. kindly confirm",,0,3
callback_request_017,"Sunna Busy schedule hai aaj pura din, weekend pe time milega baat karne ka....",callback_request,"Sunna Busy schedule hai aaj pura din, weekend pe time milega baat karne ka.",,1,3
callback_request_017,"Dekho Busy schedule hai aaj pura din, weekend pe time milega baat karne ka. actually",callback_request,"Dekho Busy schedule hai aaj pura din, weekend pe time milega baat karne ka. actually",,0,3
callback_request_017,"Hello team, Busy schedule hai aaj pura din, weekend pe time milega baat karne ka.",callback_request,"Hello team, Busy schedule hai aaj pura din, weekend pe time milega baat karne ka.",,0,3
callback_request_018,Mujhe time dekar call back arrange kar do.,callback_request,Mujhe time dekar call back arrange kar do.,,0,3
callback_request_018,Arre Mujhe time dekar call back arrange kar do. please,callback_request,Arre Mujhe time dekar call back arrange kar do. please,,0,3
callback_request_018,"Hey, Mujhe time dekar call back arrange kar do.!",callback_request,"Hey, Mujhe time dekar call back arrange kar do.!",,0,3
callback_request_018,Bhai Mujhe time dekar call back arrange kar do. jaldi batao,callback_request,Bhai Mujhe time dekar call back arrange kar do. jaldi batao,,0,3
callback_request_018,Sir Mujhe time dekar call back arrange kar do. kindly confirm,callback_request,Sir Mujhe time dekar call back arrange kar do. kindly confirm,,0,3
callback_request_018,Sunna Mujhe time dekar call back arrange kar do....,callback_request,Sunna Mujhe time dekar call back arrange kar do.,,1,3
callback_request_018,Dekho Mujhe time dekar call back arrange kar do. actually,callback_request,Dekho Mujhe time dekar call back arrange kar do. actually,,0,3
callback_request_018,"Hello team, Mujhe time dekar call back arrange kar do.",callback_request,"Hello team, Mujhe time dekar call back arrange kar do.",,0,3
callback_request_019,"Important presentation start ho rahi hai, please ring after 5 PM.",callback_request,"Important presentation start ho rahi hai, please ring after 5 PM.",,0,3
callback_request_019,"Arre Important presentation start ho rahi hai, please ring after 5 PM. please",callback_request,"Arre Important presentation start ho rahi hai, please ring after 5 PM. please",,0,3
callback_request_019,"Hey, Important presentation start ho rahi hai, please ring after 5 PM.!",callback_request,"Hey, Important presentation start ho rahi hai, please ring after 5 PM.!",,0,3
callback_request_019,"Bhai Important presentation start ho rahi hai, please ring after 5 PM. jaldi batao",callback_request,"Bhai Important presentation start ho rahi hai, please ring after 5 PM. jaldi batao",,0,3
callback_request_019,"Sir Important presentation start ho rahi hai, please ring after 5 PM. kindly confirm",callback_request,"Sir Important presentation start ho rahi hai, please ring after 5 PM. kindly confirm",,0,3
callback_request_019,"Sunna Important presentation start ho rahi hai, please ring after 5 PM....",callback_request,"Sunna Important presentation start ho rahi hai, please ring after 5 PM.",,1,3
callback_request_019,"Dekho Important presentation start ho rahi hai, please ring after 5 PM. actually",callback_request,"Dekho Important presentation start ho rahi hai, please ring after 5 PM. actually",,0,3
callback_request_019,"Hello team, Important presentation start ho rahi hai, please ring after 5 PM.",callback_request,"Hello team, Important presentation start ho rahi hai, please ring after 5 PM.",,0,3
callback_request_020,"Doctor appointment me wait kar raha hu, 1 hour baad call karo.",callback_request,"Doctor appointment me wait kar raha hu, 1 hour baad call karo.",,0,3
callback_request_020,"Arre Doctor appointment me wait kar raha hu, 1 hour baad call karo. please",callback_request,"Arre Doctor appointment me wait kar raha hu, 1 hour baad call karo. please",,0,3
callback_request_020,"Hey, Doctor appointment me wait kar raha hu, 1 hour baad call karo.!",callback_request,"Hey, Doctor appointment me wait kar raha hu, 1 hour baad call karo.!",,0,3
callback_request_020,"Bhai Doctor appointment me wait kar raha hu, 1 hour baad call karo. jaldi batao",callback_request,"Bhai Doctor appointment me wait kar raha hu, 1 hour baad call karo. jaldi batao",,0,3
callback_request_020,"Sir Doctor appointment me wait kar raha hu, 1 hour baad call karo. kindly confirm",callback_request,"Sir Doctor appointment me wait kar raha hu, 1 hour baad call karo. kindly confirm",,0,3
callback_request_020,"Sunna Doctor appointment me wait kar raha hu, 1 hour baad call karo....",callback_request,"Sunna Doctor appointment me wait kar raha hu, 1 hour baad call karo.",,1,3
callback_request_020,"Dekho Doctor appointment me wait kar raha hu, 1 hour baad call karo. actually",callback_request,"Dekho Doctor appointment me wait kar raha hu, 1 hour baad call karo. actually",,0,3
callback_request_020,"Hello team, Doctor appointment me wait kar raha hu, 1 hour baad call karo.",callback_request,"Hello team, Doctor appointment me wait kar raha hu, 1 hour baad call karo.",,0,3
callback_request_023,"Bank counter pe khada hu, 20 mins baad connect karo.",callback_request,"Bank counter pe khada hu, 20 mins baad connect karo.",,0,3
callback_request_023,"Arre Bank counter pe khada hu, 20 mins baad connect karo. please",callback_request,"Arre Bank counter pe khada hu, 20 mins baad connect karo. please",,0,3
callback_request_023,"Hey, Bank counter pe khada hu, 20 mins baad connect karo.!",callback_request,"Hey, Bank counter pe khada hu, 20 mins baad connect karo.!",,0,3
callback_request_023,"Bhai Bank counter pe khada hu, 20 mins baad connect karo. jaldi batao",callback_request,"Bhai Bank counter pe khada hu, 20 mins baad connect karo. jaldi batao",,0,3
callback_request_023,"Sir Bank counter pe khada hu, 20 mins baad connect karo. kindly confirm",callback_request,"Sir Bank counter pe khada hu, 20 mins baad connect karo. kindly confirm",,0,3
callback_request_023,"Sunna Bank counter pe khada hu, 20 mins baad connect karo....",callback_request,"Sunna Bank counter pe khada hu, 20 mins baad connect karo.",,1,3
callback_request_023,"Dekho Bank counter pe khada hu, 20 mins baad connect karo. actually",callback_request,"Dekho Bank counter pe khada hu, 20 mins baad connect karo. actually",,0,3
callback_request_023,"Hello team, Bank counter pe khada hu, 20 mins baad connect karo.",callback_request,"Hello team, Bank counter pe khada hu, 20 mins baad connect karo.",,0,3
callback_request_025,"Aap note down kar lo, kal dopehar 1 baje callback fix kar lo.",callback_request,"Aap note down kar lo, kal dopehar 1 baje callback fix kar lo.",,0,3
callback_request_025,"Arre Aap note down kar lo, kal dopehar 1 baje callback fix kar lo. please",callback_request,"Arre Aap note down kar lo, kal dopehar 1 baje callback fix kar lo. please",,0,3
callback_request_025,"Hey, Aap note down kar lo, kal dopehar 1 baje callback fix kar lo.!",callback_request,"Hey, Aap note down kar lo, kal dopehar 1 baje callback fix kar lo.!",,0,3
callback_request_025,"Bhai Aap note down kar lo, kal dopehar 1 baje callback fix kar lo. jaldi batao",callback_request,"Bhai Aap note down kar lo, kal dopehar 1 baje callback fix kar lo. jaldi batao",,0,3
callback_request_025,"Sir Aap note down kar lo, kal dopehar 1 baje callback fix kar lo. kindly confirm",callback_request,"Sir Aap note down kar lo, kal dopehar 1 baje callback fix kar lo. kindly confirm",,0,3
callback_request_025,"Sunna Aap note down kar lo, kal dopehar 1 baje callback fix kar lo....",callback_request,"Sunna Aap note down kar lo, kal dopehar 1 baje callback fix kar lo.",,1,3
callback_request_025,"Dekho Aap note down kar lo, kal dopehar 1 baje callback fix kar lo. actually",callback_request,"Dekho Aap note down kar lo, kal dopehar 1 baje callback fix kar lo. actually",,0,3
callback_request_025,"Hello team, Aap note down kar lo, kal dopehar 1 baje callback fix kar lo.",callback_request,"Hello team, Aap note down kar lo, kal dopehar 1 baje callback fix kar lo.",,0,3
callback_request_026,"Ghar pe koi guest aaye hue hain, kal call kar sakte ho kya?",callback_request,"Ghar pe koi guest aaye hue hain, kal call kar sakte ho kya?",,0,3
callback_request_026,"Arre Ghar pe koi guest aaye hue hain, kal call kar sakte ho kya? please",callback_request,"Arre Ghar pe koi guest aaye hue hain, kal call kar sakte ho kya? please",,0,3
callback_request_026,"Hey, Ghar pe koi guest aaye hue hain, kal call kar sakte ho kya?!",callback_request,"Hey, Ghar pe koi guest aaye hue hain, kal call kar sakte ho kya?!",,0,3
callback_request_026,"Bhai Ghar pe koi guest aaye hue hain, kal call kar sakte ho kya? jaldi batao",callback_request,"Bhai Ghar pe koi guest aaye hue hain, kal call kar sakte ho kya? jaldi batao",,0,3
callback_request_026,"Sir Ghar pe koi guest aaye hue hain, kal call kar sakte ho kya? kindly confirm",callback_request,"Sir Ghar pe koi guest aaye hue hain, kal call kar sakte ho kya? kindly confirm",,0,3
callback_request_026,"Sunna Ghar pe koi guest aaye hue hain, kal call kar sakte ho kya?...",callback_request,"Sunna Ghar pe koi guest aaye hue hain, kal call kar sakte ho kya?.",,1,3
callback_request_026,"Dekho Ghar pe koi guest aaye hue hain, kal call kar sakte ho kya? actually",callback_request,"Dekho Ghar pe koi guest aaye hue hain, kal call kar sakte ho kya? actually",,0,3
callback_request_026,"Hello team, Ghar pe koi guest aaye hue hain, kal call kar sakte ho kya?",callback_request,"Hello team, Ghar pe koi guest aaye hue hain, kal call kar sakte ho kya?",,0,3
callback_request_027,"Court hearing me hu, can not speak right now call later.",callback_request,"Court hearing me hu, can not speak right now call later.",,0,3
callback_request_027,"Arre Court hearing me hu, can not speak right now call later. please",callback_request,"Arre Court hearing me hu, can not speak right now call later. please",,0,3
callback_request_027,"Hey, Court hearing me hu, can not speak right now call later.!",callback_request,"Hey, Court hearing me hu, can not speak right now call later.!",,0,3
callback_request_027,"Bhai Court hearing me hu, can not speak right now call later. jaldi batao",callback_request,"Bhai Court hearing me hu, can not speak right now call later. jaldi batao",,0,3
callback_request_027,"Sir Court hearing me hu, can not speak right now call later. kindly confirm",callback_request,"Sir Court hearing me hu, can not speak right now call later. kindly confirm",,0,3
callback_request_027,"Sunna Court hearing me hu, can not speak right now call later....",callback_request,"Sunna Court hearing me hu, can not speak right now call later.",,1,3
callback_request_027,"Dekho Court hearing me hu, can not speak right now call later. actually",callback_request,"Dekho Court hearing me hu, can not speak right now call later. actually",,0,3
callback_request_027,"Hello team, Court hearing me hu, can not speak right now call later.",callback_request,"Hello team, Court hearing me hu, can not speak right now call later.",,0,3
callback_request_028,"Gym me hu workout kar raha hu, 1 ghante baad phone ghumana.",callback_request,"Gym me hu workout kar raha hu, 1 ghante baad phone ghumana.",,0,3
callback_request_028,"Arre Gym me hu workout kar raha hu, 1 ghante baad phone ghumana. please",callback_request,"Arre Gym me hu workout kar raha hu, 1 ghante baad phone ghumana. please",,0,3
callback_request_028,"Hey, Gym me hu workout kar raha hu, 1 ghante baad phone ghumana.!",callback_request,"Hey, Gym me hu workout kar raha hu, 1 ghante baad phone ghumana.!",,0,3
callback_request_028,"Bhai Gym me hu workout kar raha hu, 1 ghante baad phone ghumana. jaldi batao",callback_request,"Bhai Gym me hu workout kar raha hu, 1 ghante baad phone ghumana. jaldi batao",,0,3
callback_request_028,"Sir Gym me hu workout kar raha hu, 1 ghante baad phone ghumana. kindly confirm",callback_request,"Sir Gym me hu workout kar raha hu, 1 ghante baad phone ghumana. kindly confirm",,0,3
callback_request_028,"Sunna Gym me hu workout kar raha hu, 1 ghante baad phone ghumana....",callback_request,"Sunna Gym me hu workout kar raha hu, 1 ghante baad phone ghumana.",,1,3
callback_request_028,"Dekho Gym me hu workout kar raha hu, 1 ghante baad phone ghumana. actually",callback_request,"Dekho Gym me hu workout kar raha hu, 1 ghante baad phone ghumana. actually",,0,3
callback_request_028,"Hello team, Gym me hu workout kar raha hu, 1 ghante baad phone ghumana.",callback_request,"Hello team, Gym me hu workout kar raha hu, 1 ghante baad phone ghumana.",,0,3
callback_request_029,"Abhi shift chal rahi hai factory me, night 9 PM call back karna.",callback_request,"Abhi shift chal rahi hai factory me, night 9 PM call back karna.",,0,3
callback_request_029,"Arre Abhi shift chal rahi hai factory me, night 9 PM call back karna. please",callback_request,"Arre Abhi shift chal rahi hai factory me, night 9 PM call back karna. please",,0,3
callback_request_029,"Hey, Abhi shift chal rahi hai factory me, night 9 PM call back karna.!",callback_request,"Hey, Abhi shift chal rahi hai factory me, night 9 PM call back karna.!",,0,3
callback_request_029,"Bhai Abhi shift chal rahi hai factory me, night 9 PM call back karna. jaldi batao",callback_request,"Bhai Abhi shift chal rahi hai factory me, night 9 PM call back karna. jaldi batao",,0,3
callback_request_029,"Sir Abhi shift chal rahi hai factory me, night 9 PM call back karna. kindly confirm",callback_request,"Sir Abhi shift chal rahi hai factory me, night 9 PM call back karna. kindly confirm",,0,3
callback_request_029,"Sunna Abhi shift chal rahi hai factory me, night 9 PM call back karna....",callback_request,"Sunna Abhi shift chal rahi hai factory me, night 9 PM call back karna.",,1,3
callback_request_029,"Dekho Abhi shift chal rahi hai factory me, night 9 PM call back karna. actually",callback_request,"Dekho Abhi shift chal rahi hai factory me, night 9 PM call back karna. actually",,0,3
callback_request_029,"Hello team, Abhi shift chal rahi hai factory me, night 9 PM call back karna.",callback_request,"Hello team, Abhi shift chal rahi hai factory me, night 9 PM call back karna.",,0,3
callback_request_031,"Awaaz kat kat ke aa rahi hai, call disconnect karke doobara milao.",callback_request,"Awaaz kat kat ke aa rahi hai, call disconnect karke doobara milao.",,0,3
callback_request_031,"Arre Awaaz kat kat ke aa rahi hai, call disconnect karke doobara milao. please",callback_request,"Arre Awaaz kat kat ke aa rahi hai, call disconnect karke doobara milao. please",,0,3
callback_request_031,"Hey, Awaaz kat kat ke aa rahi hai, call disconnect karke doobara milao.!",callback_request,"Hey, Awaaz kat kat ke aa rahi hai, call disconnect karke doobara milao.!",,0,3
callback_request_031,"Bhai Awaaz kat kat ke aa rahi hai, call disconnect karke doobara milao. jaldi batao",callback_request,"Bhai Awaaz kat kat ke aa rahi hai, call disconnect karke doobara milao. jaldi batao",,0,3
callback_request_031,"Sir Awaaz kat kat ke aa rahi hai, call disconnect karke doobara milao. kindly confirm",callback_request,"Sir Awaaz kat kat ke aa rahi hai, call disconnect karke doobara milao. kindly confirm",,0,3
callback_request_031,"Sunna Awaaz kat kat ke aa rahi hai, call disconnect karke doobara milao....",callback_request,"Sunna Awaaz kat kat ke aa rahi hai, call disconnect karke doobara milao.",,1,3
callback_request_031,"Dekho Awaaz kat kat ke aa rahi hai, call disconnect karke doobara milao. actually",callback_request,"Dekho Awaaz kat kat ke aa rahi hai, call disconnect karke doobara milao. actually",,0,3
callback_request_031,"Hello team, Awaaz kat kat ke aa rahi hai, call disconnect karke doobara milao.",callback_request,"Hello team, Awaaz kat kat ke aa rahi hai, call disconnect karke doobara milao.",,0,3
callback_request_032,"Main petrol pump pe hu, 10 minute me ring karna.",callback_request,"Main petrol pump pe hu, 10 minute me ring karna.",,0,3
callback_request_032,"Arre Main petrol pump pe hu, 10 minute me ring karna. please",callback_request,"Arre Main petrol pump pe hu, 10 minute me ring karna. please",,0,3
callback_request_032,"Hey, Main petrol pump pe hu, 10 minute me ring karna.!",callback_request,"Hey, Main petrol pump pe hu, 10 minute me ring karna.!",,0,3
callback_request_032,"Bhai Main petrol pump pe hu, 10 minute me ring karna. jaldi batao",callback_request,"Bhai Main petrol pump pe hu, 10 minute me ring karna. jaldi batao",,0,3
callback_request_032,"Sir Main petrol pump pe hu, 10 minute me ring karna. kindly confirm",callback_request,"Sir Main petrol pump pe hu, 10 minute me ring karna. kindly confirm",,0,3
callback_request_032,"Sunna Main petrol pump pe hu, 10 minute me ring karna....",callback_request,"Sunna Main petrol pump pe hu, 10 minute me ring karna.",,1,3
callback_request_032,"Dekho Main petrol pump pe hu, 10 minute me ring karna. actually",callback_request,"Dekho Main petrol pump pe hu, 10 minute me ring karna. actually",,0,3
callback_request_032,"Hello team, Main petrol pump pe hu, 10 minute me ring karna.",callback_request,"Hello team, Main petrol pump pe hu, 10 minute me ring karna.",,0,3
callback_request_034,"Aapka call right time pe nahi aaya, please reschedule for tomorrow.",callback_request,"Aapka call right time pe nahi aaya, please reschedule for tomorrow.",,0,3
callback_request_034,"Arre Aapka call right time pe nahi aaya, please reschedule for tomorrow. please",callback_request,"Arre Aapka call right time pe nahi aaya, please reschedule for tomorrow. please",,0,3
callback_request_034,"Hey, Aapka call right time pe nahi aaya, please reschedule for tomorrow.!",callback_request,"Hey, Aapka call right time pe nahi aaya, please reschedule for tomorrow.!",,0,3
callback_request_034,"Bhai Aapka call right time pe nahi aaya, please reschedule for tomorrow. jaldi batao",callback_request,"Bhai Aapka call right time pe nahi aaya, please reschedule for tomorrow. jaldi batao",,0,3
callback_request_034,"Sir Aapka call right time pe nahi aaya, please reschedule for tomorrow. kindly confirm",callback_request,"Sir Aapka call right time pe nahi aaya, please reschedule for tomorrow. kindly confirm",,0,3
callback_request_034,"Sunna Aapka call right time pe nahi aaya, please reschedule for tomorrow....",callback_request,"Sunna Aapka call right time pe nahi aaya, please reschedule for tomorrow.",,1,3
callback_request_034,"Dekho Aapka call right time pe nahi aaya, please reschedule for tomorrow. actually",callback_request,"Dekho Aapka call right time pe nahi aaya, please reschedule for tomorrow. actually",,0,3
callback_request_034,"Hello team, Aapka call right time pe nahi aaya, please reschedule for tomorrow.",callback_request,"Hello team, Aapka call right time pe nahi aaya, please reschedule for tomorrow.",,0,3
callback_request_035,"Main market me hu shor bohot hai, ghar pahuch ke baat karunga 8 baje phone karo.",callback_request,"Main market me hu shor bohot hai, ghar pahuch ke baat karunga 8 baje phone karo.",,0,3
callback_request_035,"Arre Main market me hu shor bohot hai, ghar pahuch ke baat karunga 8 baje phone karo. please",callback_request,"Arre Main market me hu shor bohot hai, ghar pahuch ke baat karunga 8 baje phone karo. please",,0,3
callback_request_035,"Hey, Main market me hu shor bohot hai, ghar pahuch ke baat karunga 8 baje phone karo.!",callback_request,"Hey, Main market me hu shor bohot hai, ghar pahuch ke baat karunga 8 baje phone karo.!",,0,3
callback_request_035,"Bhai Main market me hu shor bohot hai, ghar pahuch ke baat karunga 8 baje phone karo. jaldi batao",callback_request,"Bhai Main market me hu shor bohot hai, ghar pahuch ke baat karunga 8 baje phone karo. jaldi batao",,0,3
callback_request_035,"Sir Main market me hu shor bohot hai, ghar pahuch ke baat karunga 8 baje phone karo. kindly confirm",callback_request,"Sir Main market me hu shor bohot hai, ghar pahuch ke baat karunga 8 baje phone karo. kindly confirm",,0,3
callback_request_035,"Sunna Main market me hu shor bohot hai, ghar pahuch ke baat karunga 8 baje phone karo....",callback_request,"Sunna Main market me hu shor bohot hai, ghar pahuch ke baat karunga 8 baje phone karo.",,1,3
callback_request_035,"Dekho Main market me hu shor bohot hai, ghar pahuch ke baat karunga 8 baje phone karo. actually",callback_request,"Dekho Main market me hu shor bohot hai, ghar pahuch ke baat karunga 8 baje phone karo. actually",,0,3
callback_request_035,"Hello team, Main market me hu shor bohot hai, ghar pahuch ke baat karunga 8 baje phone karo.",callback_request,"Hello team, Main market me hu shor bohot hai, ghar pahuch ke baat karunga 8 baje phone karo.",,0,3
callback_request_036,"Mandir me hu pooja chal rahi hai, aadhe ghante baad contact karna.",callback_request,"Mandir me hu pooja chal rahi hai, aadhe ghante baad contact karna.",,0,3
callback_request_036,"Arre Mandir me hu pooja chal rahi hai, aadhe ghante baad contact karna. please",callback_request,"Arre Mandir me hu pooja chal rahi hai, aadhe ghante baad contact karna. please",,0,3
callback_request_036,"Hey, Mandir me hu pooja chal rahi hai, aadhe ghante baad contact karna.!",callback_request,"Hey, Mandir me hu pooja chal rahi hai, aadhe ghante baad contact karna.!",,0,3
callback_request_036,"Bhai Mandir me hu pooja chal rahi hai, aadhe ghante baad contact karna. jaldi batao",callback_request,"Bhai Mandir me hu pooja chal rahi hai, aadhe ghante baad contact karna. jaldi batao",,0,3
callback_request_036,"Sir Mandir me hu pooja chal rahi hai, aadhe ghante baad contact karna. kindly confirm",callback_request,"Sir Mandir me hu pooja chal rahi hai, aadhe ghante baad contact karna. kindly confirm",,0,3
callback_request_036,"Sunna Mandir me hu pooja chal rahi hai, aadhe ghante baad contact karna....",callback_request,"Sunna Mandir me hu pooja chal rahi hai, aadhe ghante baad contact karna.",,1,3
callback_request_036,"Dekho Mandir me hu pooja chal rahi hai, aadhe ghante baad contact karna. actually",callback_request,"Dekho Mandir me hu pooja chal rahi hai, aadhe ghante baad contact karna. actually",,0,3
callback_request_036,"Hello team, Mandir me hu pooja chal rahi hai, aadhe ghante baad contact karna.",callback_request,"Hello team, Mandir me hu pooja chal rahi hai, aadhe ghante baad contact karna.",,0,3
callback_request_037,"Abhi surgery me hu, please do not call now, call post 4 PM.",callback_request,"Abhi surgery me hu, please do not call now, call post 4 PM.",,0,3
callback_request_037,"Arre Abhi surgery me hu, please do not call now, call post 4 PM. please",callback_request,"Arre Abhi surgery me hu, please do not call now, call post 4 PM. please",,0,3
callback_request_037,"Hey, Abhi surgery me hu, please do not call now, call post 4 PM.!",callback_request,"Hey, Abhi surgery me hu, please do not call now, call post 4 PM.!",,0,3
callback_request_037,"Bhai Abhi surgery me hu, please do not call now, call post 4 PM. jaldi batao",callback_request,"Bhai Abhi surgery me hu, please do not call now, call post 4 PM. jaldi batao",,0,3
callback_request_037,"Sir Abhi surgery me hu, please do not call now, call post 4 PM. kindly confirm",callback_request,"Sir Abhi surgery me hu, please do not call now, call post 4 PM. kindly confirm",,0,3
callback_request_037,"Sunna Abhi surgery me hu, please do not call now, call post 4 PM....",callback_request,"Sunna Abhi surgery me hu, please do not call now, call post 4 PM.",,1,3
callback_request_037,"Dekho Abhi surgery me hu, please do not call now, call post 4 PM. actually",callback_request,"Dekho Abhi surgery me hu, please do not call now, call post 4 PM. actually",,0,3
callback_request_037,"Hello team, Abhi surgery me hu, please do not call now, call post 4 PM.",callback_request,"Hello team, Abhi surgery me hu, please do not call now, call post 4 PM.",,0,3
callback_request_039,"Battery 2 percent bachi hai phone switch off hone wala hai, recharge karke baad me baat karta hu.",callback_request,"Battery 2 percent bachi hai phone switch off hone wala hai, recharge karke baad me baat karta hu.",,0,3
callback_request_039,"Arre Battery 2 percent bachi hai phone switch off hone wala hai, recharge karke baad me baat karta hu. please",callback_request,"Arre Battery 2 percent bachi hai phone switch off hone wala hai, recharge karke baad me baat karta hu. please",,0,3
callback_request_039,"Hey, Battery 2 percent bachi hai phone switch off hone wala hai, recharge karke baad me baat karta hu.!",callback_request,"Hey, Battery 2 percent bachi hai phone switch off hone wala hai, recharge karke baad me baat karta hu.!",,0,3
callback_request_039,"Bhai Battery 2 percent bachi hai phone switch off hone wala hai, recharge karke baad me baat karta hu. jaldi batao",callback_request,"Bhai Battery 2 percent bachi hai phone switch off hone wala hai, recharge karke baad me baat karta hu. jaldi batao",,0,3
callback_request_039,"Sir Battery 2 percent bachi hai phone switch off hone wala hai, recharge karke baad me baat karta hu. kindly confirm",callback_request,"Sir Battery 2 percent bachi hai phone switch off hone wala hai, recharge karke baad me baat karta hu. kindly confirm",,0,3
callback_request_039,"Sunna Battery 2 percent bachi hai phone switch off hone wala hai, recharge karke baad me baat karta hu....",callback_request,"Sunna Battery 2 percent bachi hai phone switch off hone wala hai, recharge karke baad me baat karta hu.",,1,3
callback_request_039,"Dekho Battery 2 percent bachi hai phone switch off hone wala hai, recharge karke baad me baat karta hu. actually",callback_request,"Dekho Battery 2 percent bachi hai phone switch off hone wala hai, recharge karke baad me baat karta hu. actually",,0,3
callback_request_039,"Hello team, Battery 2 percent bachi hai phone switch off hone wala hai, recharge karke baad me baat karta hu.",callback_request,"Hello team, Battery 2 percent bachi hai phone switch off hone wala hai, recharge karke baad me baat karta hu.",,0,3
callback_request_040,Aap apna number WhatsApp kar do ya sham 5 baje call karo.,callback_request,Aap apna number WhatsApp kar do ya sham 5 baje call karo.,,0,3
callback_request_040,Arre Aap apna number WhatsApp kar do ya sham 5 baje call karo. please,callback_request,Arre Aap apna number WhatsApp kar do ya sham 5 baje call karo. please,,0,3
callback_request_040,"Hey, Aap apna number WhatsApp kar do ya sham 5 baje call karo.!",callback_request,"Hey, Aap apna number WhatsApp kar do ya sham 5 baje call karo.!",,0,3
callback_request_040,Bhai Aap apna number WhatsApp kar do ya sham 5 baje call karo. jaldi batao,callback_request,Bhai Aap apna number WhatsApp kar do ya sham 5 baje call karo. jaldi batao,,0,3
callback_request_040,Sir Aap apna number WhatsApp kar do ya sham 5 baje call karo. kindly confirm,callback_request,Sir Aap apna number WhatsApp kar do ya sham 5 baje call karo. kindly confirm,,0,3
callback_request_040,Sunna Aap apna number WhatsApp kar do ya sham 5 baje call karo....,callback_request,Sunna Aap apna number WhatsApp kar do ya sham 5 baje call karo.,,1,3
callback_request_040,Dekho Aap apna number WhatsApp kar do ya sham 5 baje call karo. actually,callback_request,Dekho Aap apna number WhatsApp kar do ya sham 5 baje call karo. actually,,0,3
callback_request_040,"Hello team, Aap apna number WhatsApp kar do ya sham 5 baje call karo.",callback_request,"Hello team, Aap apna number WhatsApp kar do ya sham 5 baje call karo.",,0,3
callback_request_041,"Traffic police ne roka hai, 15 minute baad ring karna.",callback_request,"Traffic police ne roka hai, 15 minute baad ring karna.",,0,3
callback_request_041,"Arre Traffic police ne roka hai, 15 minute baad ring karna. please",callback_request,"Arre Traffic police ne roka hai, 15 minute baad ring karna. please",,0,3
callback_request_041,"Hey, Traffic police ne roka hai, 15 minute baad ring karna.!",callback_request,"Hey, Traffic police ne roka hai, 15 minute baad ring karna.!",,0,3
callback_request_041,"Bhai Traffic police ne roka hai, 15 minute baad ring karna. jaldi batao",callback_request,"Bhai Traffic police ne roka hai, 15 minute baad ring karna. jaldi batao",,0,3
callback_request_041,"Sir Traffic police ne roka hai, 15 minute baad ring karna. kindly confirm",callback_request,"Sir Traffic police ne roka hai, 15 minute baad ring karna. kindly confirm",,0,3
callback_request_041,"Sunna Traffic police ne roka hai, 15 minute baad ring karna....",callback_request,"Sunna Traffic police ne roka hai, 15 minute baad ring karna.",,1,3
callback_request_041,"Dekho Traffic police ne roka hai, 15 minute baad ring karna. actually",callback_request,"Dekho Traffic police ne roka hai, 15 minute baad ring karna. actually",,0,3
callback_request_041,"Hello team, Traffic police ne roka hai, 15 minute baad ring karna.",callback_request,"Hello team, Traffic police ne roka hai, 15 minute baad ring karna.",,0,3
callback_request_043,"Cinema theatre me baitha hu, movie khatam hone ke baad 10 PM call karo.",callback_request,"Cinema theatre me baitha hu, movie khatam hone ke baad 10 PM call karo.",,0,3
callback_request_043,"Arre Cinema theatre me baitha hu, movie khatam hone ke baad 10 PM call karo. please",callback_request,"Arre Cinema theatre me baitha hu, movie khatam hone ke baad 10 PM call karo. please",,0,3
callback_request_043,"Hey, Cinema theatre me baitha hu, movie khatam hone ke baad 10 PM call karo.!",callback_request,"Hey, Cinema theatre me baitha hu, movie khatam hone ke baad 10 PM call karo.!",,0,3
callback_request_043,"Bhai Cinema theatre me baitha hu, movie khatam hone ke baad 10 PM call karo. jaldi batao",callback_request,"Bhai Cinema theatre me baitha hu, movie khatam hone ke baad 10 PM call karo. jaldi batao",,0,3
callback_request_043,"Sir Cinema theatre me baitha hu, movie khatam hone ke baad 10 PM call karo. kindly confirm",callback_request,"Sir Cinema theatre me baitha hu, movie khatam hone ke baad 10 PM call karo. kindly confirm",,0,3
callback_request_043,"Sunna Cinema theatre me baitha hu, movie khatam hone ke baad 10 PM call karo....",callback_request,"Sunna Cinema theatre me baitha hu, movie khatam hone ke baad 10 PM call karo.",,1,3
callback_request_043,"Dekho Cinema theatre me baitha hu, movie khatam hone ke baad 10 PM call karo. actually",callback_request,"Dekho Cinema theatre me baitha hu, movie khatam hone ke baad 10 PM call karo. actually",,0,3
callback_request_043,"Hello team, Cinema theatre me baitha hu, movie khatam hone ke baad 10 PM call karo.",callback_request,"Hello team, Cinema theatre me baitha hu, movie khatam hone ke baad 10 PM call karo.",,0,3
callback_request_044,"Boss samne khade hain, 1 ghante baad call karna please.",callback_request,"Boss samne khade hain, 1 ghante baad call karna please.",,0,3
callback_request_044,"Arre Boss samne khade hain, 1 ghante baad call karna please. please",callback_request,"Arre Boss samne khade hain, 1 ghante baad call karna please. please",,0,3
callback_request_044,"Hey, Boss samne khade hain, 1 ghante baad call karna please.!",callback_request,"Hey, Boss samne khade hain, 1 ghante baad call karna please.!",,0,3
callback_request_044,"Bhai Boss samne khade hain, 1 ghante baad call karna please. jaldi batao",callback_request,"Bhai Boss samne khade hain, 1 ghante baad call karna please. jaldi batao",,0,3
callback_request_044,"Sir Boss samne khade hain, 1 ghante baad call karna please. kindly confirm",callback_request,"Sir Boss samne khade hain, 1 ghante baad call karna please. kindly confirm",,0,3
callback_request_044,"Sunna Boss samne khade hain, 1 ghante baad call karna please....",callback_request,"Sunna Boss samne khade hain, 1 ghante baad call karna please.",,1,3
callback_request_044,"Dekho Boss samne khade hain, 1 ghante baad call karna please. actually",callback_request,"Dekho Boss samne khade hain, 1 ghante baad call karna please. actually",,0,3
callback_request_044,"Hello team, Boss samne khade hain, 1 ghante baad call karna please.",callback_request,"Hello team, Boss samne khade hain, 1 ghante baad call karna please.",,0,3
callback_request_045,"Main kitchen me cooking kar rahi hu, 30 mins baad connect ho sakti hu.",callback_request,"Main kitchen me cooking kar rahi hu, 30 mins baad connect ho sakti hu.",,0,3
callback_request_045,"Arre Main kitchen me cooking kar rahi hu, 30 mins baad connect ho sakti hu. please",callback_request,"Arre Main kitchen me cooking kar rahi hu, 30 mins baad connect ho sakti hu. please",,0,3
callback_request_045,"Hey, Main kitchen me cooking kar rahi hu, 30 mins baad connect ho sakti hu.!",callback_request,"Hey, Main kitchen me cooking kar rahi hu, 30 mins baad connect ho sakti hu.!",,0,3
callback_request_045,"Bhai Main kitchen me cooking kar rahi hu, 30 mins baad connect ho sakti hu. jaldi batao",callback_request,"Bhai Main kitchen me cooking kar rahi hu, 30 mins baad connect ho sakti hu. jaldi batao",,0,3
callback_request_045,"Sir Main kitchen me cooking kar rahi hu, 30 mins baad connect ho sakti hu. kindly confirm",callback_request,"Sir Main kitchen me cooking kar rahi hu, 30 mins baad connect ho sakti hu. kindly confirm",,0,3
callback_request_045,"Sunna Main kitchen me cooking kar rahi hu, 30 mins baad connect ho sakti hu....",callback_request,"Sunna Main kitchen me cooking kar rahi hu, 30 mins baad connect ho sakti hu.",,1,3
callback_request_045,"Dekho Main kitchen me cooking kar rahi hu, 30 mins baad connect ho sakti hu. actually",callback_request,"Dekho Main kitchen me cooking kar rahi hu, 30 mins baad connect ho sakti hu. actually",,0,3
callback_request_045,"Hello team, Main kitchen me cooking kar rahi hu, 30 mins baad connect ho sakti hu.",callback_request,"Hello team, Main kitchen me cooking kar rahi hu, 30 mins baad connect ho sakti hu.",,0,3
callback_request_046,"Heavy rain ho rahi hai signal weak hai, weather clear hone par call karo.",callback_request,"Heavy rain ho rahi hai signal weak hai, weather clear hone par call karo.",,0,3
callback_request_046,"Arre Heavy rain ho rahi hai signal weak hai, weather clear hone par call karo. please",callback_request,"Arre Heavy rain ho rahi hai signal weak hai, weather clear hone par call karo. please",,0,3
callback_request_046,"Hey, Heavy rain ho rahi hai signal weak hai, weather clear hone par call karo.!",callback_request,"Hey, Heavy rain ho rahi hai signal weak hai, weather clear hone par call karo.!",,0,3
callback_request_046,"Bhai Heavy rain ho rahi hai signal weak hai, weather clear hone par call karo. jaldi batao",callback_request,"Bhai Heavy rain ho rahi hai signal weak hai, weather clear hone par call karo. jaldi batao",,0,3
callback_request_046,"Sir Heavy rain ho rahi hai signal weak hai, weather clear hone par call karo. kindly confirm",callback_request,"Sir Heavy rain ho rahi hai signal weak hai, weather clear hone par call karo. kindly confirm",,0,3
callback_request_046,"Sunna Heavy rain ho rahi hai signal weak hai, weather clear hone par call karo....",callback_request,"Sunna Heavy rain ho rahi hai signal weak hai, weather clear hone par call karo.",,1,3
callback_request_046,"Dekho Heavy rain ho rahi hai signal weak hai, weather clear hone par call karo. actually",callback_request,"Dekho Heavy rain ho rahi hai signal weak hai, weather clear hone par call karo. actually",,0,3
callback_request_046,"Hello team, Heavy rain ho rahi hai signal weak hai, weather clear hone par call karo.",callback_request,"Hello team, Heavy rain ho rahi hai signal weak hai, weather clear hone par call karo.",,0,3
callback_request_047,"Examination hall me hu phone silent pe hai, evening me reach out karna.",callback_request,"Examination hall me hu phone silent pe hai, evening me reach out karna.",,0,3
callback_request_047,"Arre Examination hall me hu phone silent pe hai, evening me reach out karna. please",callback_request,"Arre Examination hall me hu phone silent pe hai, evening me reach out karna. please",,0,3
callback_request_047,"Hey, Examination hall me hu phone silent pe hai, evening me reach out karna.!",callback_request,"Hey, Examination hall me hu phone silent pe hai, evening me reach out karna.!",,0,3
callback_request_047,"Bhai Examination hall me hu phone silent pe hai, evening me reach out karna. jaldi batao",callback_request,"Bhai Examination hall me hu phone silent pe hai, evening me reach out karna. jaldi batao",,0,3
callback_request_047,"Sir Examination hall me hu phone silent pe hai, evening me reach out karna. kindly confirm",callback_request,"Sir Examination hall me hu phone silent pe hai, evening me reach out karna. kindly confirm",,0,3
callback_request_047,"Sunna Examination hall me hu phone silent pe hai, evening me reach out karna....",callback_request,"Sunna Examination hall me hu phone silent pe hai, evening me reach out karna.",,1,3
callback_request_047,"Dekho Examination hall me hu phone silent pe hai, evening me reach out karna. actually",callback_request,"Dekho Examination hall me hu phone silent pe hai, evening me reach out karna. actually",,0,3
callback_request_047,"Hello team, Examination hall me hu phone silent pe hai, evening me reach out karna.",callback_request,"Hello team, Examination hall me hu phone silent pe hai, evening me reach out karna.",,0,3
callback_request_048,"Main driving lesson le raha hu, 12 baje ke baad call karna.",callback_request,"Main driving lesson le raha hu, 12 baje ke baad call karna.",,0,3
callback_request_048,"Arre Main driving lesson le raha hu, 12 baje ke baad call karna. please",callback_request,"Arre Main driving lesson le raha hu, 12 baje ke baad call karna. please",,0,3
callback_request_048,"Hey, Main driving lesson le raha hu, 12 baje ke baad call karna.!",callback_request,"Hey, Main driving lesson le raha hu, 12 baje ke baad call karna.!",,0,3
callback_request_048,"Bhai Main driving lesson le raha hu, 12 baje ke baad call karna. jaldi batao",callback_request,"Bhai Main driving lesson le raha hu, 12 baje ke baad call karna. jaldi batao",,0,3
callback_request_048,"Sir Main driving lesson le raha hu, 12 baje ke baad call karna. kindly confirm",callback_request,"Sir Main driving lesson le raha hu, 12 baje ke baad call karna. kindly confirm",,0,3
callback_request_048,"Sunna Main driving lesson le raha hu, 12 baje ke baad call karna....",callback_request,"Sunna Main driving lesson le raha hu, 12 baje ke baad call karna.",,1,3
callback_request_048,"Dekho Main driving lesson le raha hu, 12 baje ke baad call karna. actually",callback_request,"Dekho Main driving lesson le raha hu, 12 baje ke baad call karna. actually",,0,3
callback_request_048,"Hello team, Main driving lesson le raha hu, 12 baje ke baad call karna.",callback_request,"Hello team, Main driving lesson le raha hu, 12 baje ke baad call karna.",,0,3
callback_request_050,"Lunch break me baat karenge, 1:30 PM call dial karna.",callback_request,"Lunch break me baat karenge, 1:30 PM call dial karna.",,0,3
callback_request_050,"Arre Lunch break me baat karenge, 1:30 PM call dial karna. please",callback_request,"Arre Lunch break me baat karenge, 1:30 PM call dial karna. please",,0,3
callback_request_050,"Hey, Lunch break me baat karenge, 1:30 PM call dial karna.!",callback_request,"Hey, Lunch break me baat karenge, 1:30 PM call dial karna.!",,0,3
callback_request_050,"Bhai Lunch break me baat karenge, 1:30 PM call dial karna. jaldi batao",callback_request,"Bhai Lunch break me baat karenge, 1:30 PM call dial karna. jaldi batao",,0,3
callback_request_050,"Sir Lunch break me baat karenge, 1:30 PM call dial karna. kindly confirm",callback_request,"Sir Lunch break me baat karenge, 1:30 PM call dial karna. kindly confirm",,0,3
callback_request_050,"Sunna Lunch break me baat karenge, 1:30 PM call dial karna....",callback_request,"Sunna Lunch break me baat karenge, 1:30 PM call dial karna.",,1,3
callback_request_050,"Dekho Lunch break me baat karenge, 1:30 PM call dial karna. actually",callback_request,"Dekho Lunch break me baat karenge, 1:30 PM call dial karna. actually",,0,3
callback_request_050,"Hello team, Lunch break me baat karenge, 1:30 PM call dial karna.",callback_request,"Hello team, Lunch break me baat karenge, 1:30 PM call dial karna.",,0,3
callback_request_051,"Main airport security check pe hu, boarding ke baad 2 ghante baad call karo.",callback_request,"Main airport security check pe hu, boarding ke baad 2 ghante baad call karo.",,0,3
callback_request_051,"Arre Main airport security check pe hu, boarding ke baad 2 ghante baad call karo. please",callback_request,"Arre Main airport security check pe hu, boarding ke baad 2 ghante baad call karo. please",,0,3
callback_request_051,"Hey, Main airport security check pe hu, boarding ke baad 2 ghante baad call karo.!",callback_request,"Hey, Main airport security check pe hu, boarding ke baad 2 ghante baad call karo.!",,0,3
callback_request_051,"Bhai Main airport security check pe hu, boarding ke baad 2 ghante baad call karo. jaldi batao",callback_request,"Bhai Main airport security check pe hu, boarding ke baad 2 ghante baad call karo. jaldi batao",,0,3
callback_request_051,"Sir Main airport security check pe hu, boarding ke baad 2 ghante baad call karo. kindly confirm",callback_request,"Sir Main airport security check pe hu, boarding ke baad 2 ghante baad call karo. kindly confirm",,0,3
callback_request_051,"Sunna Main airport security check pe hu, boarding ke baad 2 ghante baad call karo....",callback_request,"Sunna Main airport security check pe hu, boarding ke baad 2 ghante baad call karo.",,1,3
callback_request_051,"Dekho Main airport security check pe hu, boarding ke baad 2 ghante baad call karo. actually",callback_request,"Dekho Main airport security check pe hu, boarding ke baad 2 ghante baad call karo. actually",,0,3
callback_request_051,"Hello team, Main airport security check pe hu, boarding ke baad 2 ghante baad call karo.",callback_request,"Hello team, Main airport security check pe hu, boarding ke baad 2 ghante baad call karo.",,0,3
callback_request_052,"Aapka time slot convenient nahi hai, reschedule to Friday 4 PM.",callback_request,"Aapka time slot convenient nahi hai, reschedule to Friday 4 PM.",,0,3
callback_request_052,"Arre Aapka time slot convenient nahi hai, reschedule to Friday 4 PM. please",callback_request,"Arre Aapka time slot convenient nahi hai, reschedule to Friday 4 PM. please",,0,3
callback_request_052,"Hey, Aapka time slot convenient nahi hai, reschedule to Friday 4 PM.!",callback_request,"Hey, Aapka time slot convenient nahi hai, reschedule to Friday 4 PM.!",,0,3
callback_request_052,"Bhai Aapka time slot convenient nahi hai, reschedule to Friday 4 PM. jaldi batao",callback_request,"Bhai Aapka time slot convenient nahi hai, reschedule to Friday 4 PM. jaldi batao",,0,3
callback_request_052,"Sir Aapka time slot convenient nahi hai, reschedule to Friday 4 PM. kindly confirm",callback_request,"Sir Aapka time slot convenient nahi hai, reschedule to Friday 4 PM. kindly confirm",,0,3
callback_request_052,"Sunna Aapka time slot convenient nahi hai, reschedule to Friday 4 PM....",callback_request,"Sunna Aapka time slot convenient nahi hai, reschedule to Friday 4 PM.",,1,3
callback_request_052,"Dekho Aapka time slot convenient nahi hai, reschedule to Friday 4 PM. actually",callback_request,"Dekho Aapka time slot convenient nahi hai, reschedule to Friday 4 PM. actually",,0,3
callback_request_052,"Hello team, Aapka time slot convenient nahi hai, reschedule to Friday 4 PM.",callback_request,"Hello team, Aapka time slot convenient nahi hai, reschedule to Friday 4 PM.",,0,3
callback_request_054,"Family emergency hai abhi, kal dopehar me follow up lena.",callback_request,"Family emergency hai abhi, kal dopehar me follow up lena.",,0,3
callback_request_054,"Arre Family emergency hai abhi, kal dopehar me follow up lena. please",callback_request,"Arre Family emergency hai abhi, kal dopehar me follow up lena. please",,0,3
callback_request_054,"Hey, Family emergency hai abhi, kal dopehar me follow up lena.!",callback_request,"Hey, Family emergency hai abhi, kal dopehar me follow up lena.!",,0,3
callback_request_054,"Bhai Family emergency hai abhi, kal dopehar me follow up lena. jaldi batao",callback_request,"Bhai Family emergency hai abhi, kal dopehar me follow up lena. jaldi batao",,0,3
callback_request_054,"Sir Family emergency hai abhi, kal dopehar me follow up lena. kindly confirm",callback_request,"Sir Family emergency hai abhi, kal dopehar me follow up lena. kindly confirm",,0,3
callback_request_054,"Sunna Family emergency hai abhi, kal dopehar me follow up lena....",callback_request,"Sunna Family emergency hai abhi, kal dopehar me follow up lena.",,1,3
callback_request_054,"Dekho Family emergency hai abhi, kal dopehar me follow up lena. actually",callback_request,"Dekho Family emergency hai abhi, kal dopehar me follow up lena. actually",,0,3
callback_request_054,"Hello team, Family emergency hai abhi, kal dopehar me follow up lena.",callback_request,"Hello team, Family emergency hai abhi, kal dopehar me follow up lena.",,0,3
callback_request_055,Aap please callback schedule lock kar lijiye Monday 11:00 AM.,callback_request,Aap please callback schedule lock kar lijiye Monday 11:00 AM.,,0,3
callback_request_055,Arre Aap please callback schedule lock kar lijiye Monday 11:00 AM. please,callback_request,Arre Aap please callback schedule lock kar lijiye Monday 11:00 AM. please,,0,3
callback_request_055,"Hey, Aap please callback schedule lock kar lijiye Monday 11:00 AM.!",callback_request,"Hey, Aap please callback schedule lock kar lijiye Monday 11:00 AM.!",,0,3
callback_request_055,Bhai Aap please callback schedule lock kar lijiye Monday 11:00 AM. jaldi batao,callback_request,Bhai Aap please callback schedule lock kar lijiye Monday 11:00 AM. jaldi batao,,0,3
callback_request_055,Sir Aap please callback schedule lock kar lijiye Monday 11:00 AM. kindly confirm,callback_request,Sir Aap please callback schedule lock kar lijiye Monday 11:00 AM. kindly confirm,,0,3
callback_request_055,Sunna Aap please callback schedule lock kar lijiye Monday 11:00 AM....,callback_request,Sunna Aap please callback schedule lock kar lijiye Monday 11:00 AM.,,1,3
callback_request_055,Dekho Aap please callback schedule lock kar lijiye Monday 11:00 AM. actually,callback_request,Dekho Aap please callback schedule lock kar lijiye Monday 11:00 AM. actually,,0,3
callback_request_055,"Hello team, Aap please callback schedule lock kar lijiye Monday 11:00 AM.",callback_request,"Hello team, Aap please callback schedule lock kar lijiye Monday 11:00 AM.",,0,3
callback_request_056,"Mic kharab lag raha hai aapka sound nahi aa raha, fir se call lagao.",callback_request,"Mic kharab lag raha hai aapka sound nahi aa raha, fir se call lagao.",,0,3
callback_request_056,"Arre Mic kharab lag raha hai aapka sound nahi aa raha, fir se call lagao. please",callback_request,"Arre Mic kharab lag raha hai aapka sound nahi aa raha, fir se call lagao. please",,0,3
callback_request_056,"Hey, Mic kharab lag raha hai aapka sound nahi aa raha, fir se call lagao.!",callback_request,"Hey, Mic kharab lag raha hai aapka sound nahi aa raha, fir se call lagao.!",,0,3
callback_request_056,"Bhai Mic kharab lag raha hai aapka sound nahi aa raha, fir se call lagao. jaldi batao",callback_request,"Bhai Mic kharab lag raha hai aapka sound nahi aa raha, fir se call lagao. jaldi batao",,0,3
callback_request_056,"Sir Mic kharab lag raha hai aapka sound nahi aa raha, fir se call lagao. kindly confirm",callback_request,"Sir Mic kharab lag raha hai aapka sound nahi aa raha, fir se call lagao. kindly confirm",,0,3
callback_request_056,"Sunna Mic kharab lag raha hai aapka sound nahi aa raha, fir se call lagao....",callback_request,"Sunna Mic kharab lag raha hai aapka sound nahi aa raha, fir se call lagao.",,1,3
callback_request_056,"Dekho Mic kharab lag raha hai aapka sound nahi aa raha, fir se call lagao. actually",callback_request,"Dekho Mic kharab lag raha hai aapka sound nahi aa raha, fir se call lagao. actually",,0,3
callback_request_056,"Hello team, Mic kharab lag raha hai aapka sound nahi aa raha, fir se call lagao.",callback_request,"Hello team, Mic kharab lag raha hai aapka sound nahi aa raha, fir se call lagao.",,0,3
callback_request_057,"Main lecture attend kar raha hu, 5 PM free hounga tab call karna.",callback_request,"Main lecture attend kar raha hu, 5 PM free hounga tab call karna.",,0,3
callback_request_057,"Arre Main lecture attend kar raha hu, 5 PM free hounga tab call karna. please",callback_request,"Arre Main lecture attend kar raha hu, 5 PM free hounga tab call karna. please",,0,3
callback_request_057,"Hey, Main lecture attend kar raha hu, 5 PM free hounga tab call karna.!",callback_request,"Hey, Main lecture attend kar raha hu, 5 PM free hounga tab call karna.!",,0,3
callback_request_057,"Bhai Main lecture attend kar raha hu, 5 PM free hounga tab call karna. jaldi batao",callback_request,"Bhai Main lecture attend kar raha hu, 5 PM free hounga tab call karna. jaldi batao",,0,3
callback_request_057,"Sir Main lecture attend kar raha hu, 5 PM free hounga tab call karna. kindly confirm",callback_request,"Sir Main lecture attend kar raha hu, 5 PM free hounga tab call karna. kindly confirm",,0,3
callback_request_057,"Sunna Main lecture attend kar raha hu, 5 PM free hounga tab call karna....",callback_request,"Sunna Main lecture attend kar raha hu, 5 PM free hounga tab call karna.",,1,3
callback_request_057,"Dekho Main lecture attend kar raha hu, 5 PM free hounga tab call karna. actually",callback_request,"Dekho Main lecture attend kar raha hu, 5 PM free hounga tab call karna. actually",,0,3
callback_request_057,"Hello team, Main lecture attend kar raha hu, 5 PM free hounga tab call karna.",callback_request,"Hello team, Main lecture attend kar raha hu, 5 PM free hounga tab call karna.",,0,3
callback_request_061,Aapke advisor ko bolo kal morning first slot me connect kare.,callback_request,Aapke advisor ko bolo kal morning first slot me connect kare.,,0,3
callback_request_061,Arre Aapke advisor ko bolo kal morning first slot me connect kare. please,callback_request,Arre Aapke advisor ko bolo kal morning first slot me connect kare. please,,0,3
callback_request_061,"Hey, Aapke advisor ko bolo kal morning first slot me connect kare.!",callback_request,"Hey, Aapke advisor ko bolo kal morning first slot me connect kare.!",,0,3
callback_request_061,Bhai Aapke advisor ko bolo kal morning first slot me connect kare. jaldi batao,callback_request,Bhai Aapke advisor ko bolo kal morning first slot me connect kare. jaldi batao,,0,3
callback_request_061,Sir Aapke advisor ko bolo kal morning first slot me connect kare. kindly confirm,callback_request,Sir Aapke advisor ko bolo kal morning first slot me connect kare. kindly confirm,,0,3
callback_request_061,Sunna Aapke advisor ko bolo kal morning first slot me connect kare....,callback_request,Sunna Aapke advisor ko bolo kal morning first slot me connect kare.,,1,3
callback_request_061,Dekho Aapke advisor ko bolo kal morning first slot me connect kare. actually,callback_request,Dekho Aapke advisor ko bolo kal morning first slot me connect kare. actually,,0,3
callback_request_061,"Hello team, Aapke advisor ko bolo kal morning first slot me connect kare.",callback_request,"Hello team, Aapke advisor ko bolo kal morning first slot me connect kare.",,0,3
callback_request_063,"Main live session host kar raha hu, evening 8 PM callback arrange karo.",callback_request,"Main live session host kar raha hu, evening 8 PM callback arrange karo.",,0,3
callback_request_063,"Arre Main live session host kar raha hu, evening 8 PM callback arrange karo. please",callback_request,"Arre Main live session host kar raha hu, evening 8 PM callback arrange karo. please",,0,3
callback_request_063,"Hey, Main live session host kar raha hu, evening 8 PM callback arrange karo.!",callback_request,"Hey, Main live session host kar raha hu, evening 8 PM callback arrange karo.!",,0,3
callback_request_063,"Bhai Main live session host kar raha hu, evening 8 PM callback arrange karo. jaldi batao",callback_request,"Bhai Main live session host kar raha hu, evening 8 PM callback arrange karo. jaldi batao",,0,3
callback_request_063,"Sir Main live session host kar raha hu, evening 8 PM callback arrange karo. kindly confirm",callback_request,"Sir Main live session host kar raha hu, evening 8 PM callback arrange karo. kindly confirm",,0,3
callback_request_063,"Sunna Main live session host kar raha hu, evening 8 PM callback arrange karo....",callback_request,"Sunna Main live session host kar raha hu, evening 8 PM callback arrange karo.",,1,3
callback_request_063,"Dekho Main live session host kar raha hu, evening 8 PM callback arrange karo. actually",callback_request,"Dekho Main live session host kar raha hu, evening 8 PM callback arrange karo. actually",,0,3
callback_request_063,"Hello team, Main live session host kar raha hu, evening 8 PM callback arrange karo.",callback_request,"Hello team, Main live session host kar raha hu, evening 8 PM callback arrange karo.",,0,3
callback_request_065,"Signal bilkul nahi hai basement parking me hu, upar aake baat karta hu 10 min baad.",callback_request,"Signal bilkul nahi hai basement parking me hu, upar aake baat karta hu 10 min baad.",,0,3
callback_request_065,"Arre Signal bilkul nahi hai basement parking me hu, upar aake baat karta hu 10 min baad. please",callback_request,"Arre Signal bilkul nahi hai basement parking me hu, upar aake baat karta hu 10 min baad. please",,0,3
callback_request_065,"Hey, Signal bilkul nahi hai basement parking me hu, upar aake baat karta hu 10 min baad.!",callback_request,"Hey, Signal bilkul nahi hai basement parking me hu, upar aake baat karta hu 10 min baad.!",,0,3
callback_request_065,"Bhai Signal bilkul nahi hai basement parking me hu, upar aake baat karta hu 10 min baad. jaldi batao",callback_request,"Bhai Signal bilkul nahi hai basement parking me hu, upar aake baat karta hu 10 min baad. jaldi batao",,0,3
callback_request_065,"Sir Signal bilkul nahi hai basement parking me hu, upar aake baat karta hu 10 min baad. kindly confirm",callback_request,"Sir Signal bilkul nahi hai basement parking me hu, upar aake baat karta hu 10 min baad. kindly confirm",,0,3
callback_request_065,"Sunna Signal bilkul nahi hai basement parking me hu, upar aake baat karta hu 10 min baad....",callback_request,"Sunna Signal bilkul nahi hai basement parking me hu, upar aake baat karta hu 10 min baad.",,1,3
callback_request_065,"Dekho Signal bilkul nahi hai basement parking me hu, upar aake baat karta hu 10 min baad. actually",callback_request,"Dekho Signal bilkul nahi hai basement parking me hu, upar aake baat karta hu 10 min baad. actually",,0,3
callback_request_065,"Hello team, Signal bilkul nahi hai basement parking me hu, upar aake baat karta hu 10 min baad.",callback_request,"Hello team, Signal bilkul nahi hai basement parking me hu, upar aake baat karta hu 10 min baad.",,0,3
callback_request_066,"Main registration form fill kar raha hu, call in 15 minutes.",callback_request,"Main registration form fill kar raha hu, call in 15 minutes.",,0,3
callback_request_066,"Arre Main registration form fill kar raha hu, call in 15 minutes. please",callback_request,"Arre Main registration form fill kar raha hu, call in 15 minutes. please",,0,3
callback_request_066,"Hey, Main registration form fill kar raha hu, call in 15 minutes.!",callback_request,"Hey, Main registration form fill kar raha hu, call in 15 minutes.!",,0,3
callback_request_066,"Bhai Main registration form fill kar raha hu, call in 15 minutes. jaldi batao",callback_request,"Bhai Main registration form fill kar raha hu, call in 15 minutes. jaldi batao",,0,3
callback_request_066,"Sir Main registration form fill kar raha hu, call in 15 minutes. kindly confirm",callback_request,"Sir Main registration form fill kar raha hu, call in 15 minutes. kindly confirm",,0,3
callback_request_066,"Sunna Main registration form fill kar raha hu, call in 15 minutes....",callback_request,"Sunna Main registration form fill kar raha hu, call in 15 minutes.",,1,3
callback_request_066,"Dekho Main registration form fill kar raha hu, call in 15 minutes. actually",callback_request,"Dekho Main registration form fill kar raha hu, call in 15 minutes. actually",,0,3
callback_request_066,"Hello team, Main registration form fill kar raha hu, call in 15 minutes.",callback_request,"Hello team, Main registration form fill kar raha hu, call in 15 minutes.",,0,3
callback_request_067,Can you call me on my alternate mobile number after 1 hour?,callback_request,Can you call me on my alternate mobile number after 1 hour?,,0,3
callback_request_067,Arre Can you call me on my alternate mobile number after 1 hour? please,callback_request,Arre Can you call me on my alternate mobile number after 1 hour? please,,0,3
callback_request_067,"Hey, Can you call me on my alternate mobile number after 1 hour?!",callback_request,"Hey, Can you call me on my alternate mobile number after 1 hour?!",,0,3
callback_request_067,Bhai Can you call me on my alternate mobile number after 1 hour? jaldi batao,callback_request,Bhai Can you call me on my alternate mobile number after 1 hour? jaldi batao,,0,3
callback_request_067,Sir Can you call me on my alternate mobile number after 1 hour? kindly confirm,callback_request,Sir Can you call me on my alternate mobile number after 1 hour? kindly confirm,,0,3
callback_request_067,Sunna Can you call me on my alternate mobile number after 1 hour?...,callback_request,Sunna Can you call me on my alternate mobile number after 1 hour?.,,1,3
callback_request_067,Dekho Can you call me on my alternate mobile number after 1 hour? actually,callback_request,Dekho Can you call me on my alternate mobile number after 1 hour? actually,,0,3
callback_request_067,"Hello team, Can you call me on my alternate mobile number after 1 hour?",callback_request,"Hello team, Can you call me on my alternate mobile number after 1 hour?",,0,3
callback_request_068,"Main morning jog pe hu, 8:30 AM ghar pahuch ke baat karunga.",callback_request,"Main morning jog pe hu, 8:30 AM ghar pahuch ke baat karunga.",,0,3
callback_request_068,"Arre Main morning jog pe hu, 8:30 AM ghar pahuch ke baat karunga. please",callback_request,"Arre Main morning jog pe hu, 8:30 AM ghar pahuch ke baat karunga. please",,0,3
callback_request_068,"Hey, Main morning jog pe hu, 8:30 AM ghar pahuch ke baat karunga.!",callback_request,"Hey, Main morning jog pe hu, 8:30 AM ghar pahuch ke baat karunga.!",,0,3
callback_request_068,"Bhai Main morning jog pe hu, 8:30 AM ghar pahuch ke baat karunga. jaldi batao",callback_request,"Bhai Main morning jog pe hu, 8:30 AM ghar pahuch ke baat karunga. jaldi batao",,0,3
callback_request_068,"Sir Main morning jog pe hu, 8:30 AM ghar pahuch ke baat karunga. kindly confirm",callback_request,"Sir Main morning jog pe hu, 8:30 AM ghar pahuch ke baat karunga. kindly confirm",,0,3
callback_request_068,"Sunna Main morning jog pe hu, 8:30 AM ghar pahuch ke baat karunga....",callback_request,"Sunna Main morning jog pe hu, 8:30 AM ghar pahuch ke baat karunga.",,1,3
callback_request_068,"Dekho Main morning jog pe hu, 8:30 AM ghar pahuch ke baat karunga. actually",callback_request,"Dekho Main morning jog pe hu, 8:30 AM ghar pahuch ke baat karunga. actually",,0,3
callback_request_068,"Hello team, Main morning jog pe hu, 8:30 AM ghar pahuch ke baat karunga.",callback_request,"Hello team, Main morning jog pe hu, 8:30 AM ghar pahuch ke baat karunga.",,0,3
callback_request_069,Aapka voice echo ho raha hai disconnect karo and call again.,callback_request,Aapka voice echo ho raha hai disconnect karo and call again.,,0,3
callback_request_069,Arre Aapka voice echo ho raha hai disconnect karo and call again. please,callback_request,Arre Aapka voice echo ho raha hai disconnect karo and call again. please,,0,3
callback_request_069,"Hey, Aapka voice echo ho raha hai disconnect karo and call again.!",callback_request,"Hey, Aapka voice echo ho raha hai disconnect karo and call again.!",,0,3
callback_request_069,Bhai Aapka voice echo ho raha hai disconnect karo and call again. jaldi batao,callback_request,Bhai Aapka voice echo ho raha hai disconnect karo and call again. jaldi batao,,0,3
callback_request_069,Sir Aapka voice echo ho raha hai disconnect karo and call again. kindly confirm,callback_request,Sir Aapka voice echo ho raha hai disconnect karo and call again. kindly confirm,,0,3
callback_request_069,Sunna Aapka voice echo ho raha hai disconnect karo and call again....,callback_request,Sunna Aapka voice echo ho raha hai disconnect karo and call again.,,1,3
callback_request_069,Dekho Aapka voice echo ho raha hai disconnect karo and call again. actually,callback_request,Dekho Aapka voice echo ho raha hai disconnect karo and call again. actually,,0,3
callback_request_069,"Hello team, Aapka voice echo ho raha hai disconnect karo and call again.",callback_request,"Hello team, Aapka voice echo ho raha hai disconnect karo and call again.",,0,3
callback_request_070,"Bohot loud music chal raha hai party me hu, kal afternoon phone karna.",callback_request,"Bohot loud music chal raha hai party me hu, kal afternoon phone karna.",,0,3
callback_request_070,"Arre Bohot loud music chal raha hai party me hu, kal afternoon phone karna. please",callback_request,"Arre Bohot loud music chal raha hai party me hu, kal afternoon phone karna. please",,0,3
callback_request_070,"Hey, Bohot loud music chal raha hai party me hu, kal afternoon phone karna.!",callback_request,"Hey, Bohot loud music chal raha hai party me hu, kal afternoon phone karna.!",,0,3
callback_request_070,"Bhai Bohot loud music chal raha hai party me hu, kal afternoon phone karna. jaldi batao",callback_request,"Bhai Bohot loud music chal raha hai party me hu, kal afternoon phone karna. jaldi batao",,0,3
callback_request_070,"Sir Bohot loud music chal raha hai party me hu, kal afternoon phone karna. kindly confirm",callback_request,"Sir Bohot loud music chal raha hai party me hu, kal afternoon phone karna. kindly confirm",,0,3
callback_request_070,"Sunna Bohot loud music chal raha hai party me hu, kal afternoon phone karna....",callback_request,"Sunna Bohot loud music chal raha hai party me hu, kal afternoon phone karna.",,1,3
callback_request_070,"Dekho Bohot loud music chal raha hai party me hu, kal afternoon phone karna. actually",callback_request,"Dekho Bohot loud music chal raha hai party me hu, kal afternoon phone karna. actually",,0,3
callback_request_070,"Hello team, Bohot loud music chal raha hai party me hu, kal afternoon phone karna.",callback_request,"Hello team, Bohot loud music chal raha hai party me hu, kal afternoon phone karna.",,0,3
callback_request_071,"Main important document review kar raha hu, ring me back at 4:30 PM.",callback_request,"Main important document review kar raha hu, ring me back at 4:30 PM.",,0,3
callback_request_071,"Arre Main important document review kar raha hu, ring me back at 4:30 PM. please",callback_request,"Arre Main important document review kar raha hu, ring me back at 4:30 PM. please",,0,3
callback_request_071,"Hey, Main important document review kar raha hu, ring me back at 4:30 PM.!",callback_request,"Hey, Main important document review kar raha hu, ring me back at 4:30 PM.!",,0,3
callback_request_071,"Bhai Main important document review kar raha hu, ring me back at 4:30 PM. jaldi batao",callback_request,"Bhai Main important document review kar raha hu, ring me back at 4:30 PM. jaldi batao",,0,3
callback_request_071,"Sir Main important document review kar raha hu, ring me back at 4:30 PM. kindly confirm",callback_request,"Sir Main important document review kar raha hu, ring me back at 4:30 PM. kindly confirm",,0,3
callback_request_071,"Sunna Main important document review kar raha hu, ring me back at 4:30 PM....",callback_request,"Sunna Main important document review kar raha hu, ring me back at 4:30 PM.",,1,3
callback_request_071,"Dekho Main important document review kar raha hu, ring me back at 4:30 PM. actually",callback_request,"Dekho Main important document review kar raha hu, ring me back at 4:30 PM. actually",,0,3
callback_request_071,"Hello team, Main important document review kar raha hu, ring me back at 4:30 PM.",callback_request,"Hello team, Main important document review kar raha hu, ring me back at 4:30 PM.",,0,3
callback_request_073,Aap please system me callback note add kar dijiye tomorrow 2 PM.,callback_request,Aap please system me callback note add kar dijiye tomorrow 2 PM.,,0,3
callback_request_073,Arre Aap please system me callback note add kar dijiye tomorrow 2 PM. please,callback_request,Arre Aap please system me callback note add kar dijiye tomorrow 2 PM. please,,0,3
callback_request_073,"Hey, Aap please system me callback note add kar dijiye tomorrow 2 PM.!",callback_request,"Hey, Aap please system me callback note add kar dijiye tomorrow 2 PM.!",,0,3
callback_request_073,Bhai Aap please system me callback note add kar dijiye tomorrow 2 PM. jaldi batao,callback_request,Bhai Aap please system me callback note add kar dijiye tomorrow 2 PM. jaldi batao,,0,3
callback_request_073,Sir Aap please system me callback note add kar dijiye tomorrow 2 PM. kindly confirm,callback_request,Sir Aap please system me callback note add kar dijiye tomorrow 2 PM. kindly confirm,,0,3
callback_request_073,Sunna Aap please system me callback note add kar dijiye tomorrow 2 PM....,callback_request,Sunna Aap please system me callback note add kar dijiye tomorrow 2 PM.,,1,3
callback_request_073,Dekho Aap please system me callback note add kar dijiye tomorrow 2 PM. actually,callback_request,Dekho Aap please system me callback note add kar dijiye tomorrow 2 PM. actually,,0,3
callback_request_073,"Hello team, Aap please system me callback note add kar dijiye tomorrow 2 PM.",callback_request,"Hello team, Aap please system me callback note add kar dijiye tomorrow 2 PM.",,0,3
callback_request_074,"Main sleeping mode me hu night duty ke baad, 6 PM call lagana.",callback_request,"Main sleeping mode me hu night duty ke baad, 6 PM call lagana.",,0,3
callback_request_074,"Arre Main sleeping mode me hu night duty ke baad, 6 PM call lagana. please",callback_request,"Arre Main sleeping mode me hu night duty ke baad, 6 PM call lagana. please",,0,3
callback_request_074,"Hey, Main sleeping mode me hu night duty ke baad, 6 PM call lagana.!",callback_request,"Hey, Main sleeping mode me hu night duty ke baad, 6 PM call lagana.!",,0,3
callback_request_074,"Bhai Main sleeping mode me hu night duty ke baad, 6 PM call lagana. jaldi batao",callback_request,"Bhai Main sleeping mode me hu night duty ke baad, 6 PM call lagana. jaldi batao",,0,3
callback_request_074,"Sir Main sleeping mode me hu night duty ke baad, 6 PM call lagana. kindly confirm",callback_request,"Sir Main sleeping mode me hu night duty ke baad, 6 PM call lagana. kindly confirm",,0,3
callback_request_074,"Sunna Main sleeping mode me hu night duty ke baad, 6 PM call lagana....",callback_request,"Sunna Main sleeping mode me hu night duty ke baad, 6 PM call lagana.",,1,3
callback_request_074,"Dekho Main sleeping mode me hu night duty ke baad, 6 PM call lagana. actually",callback_request,"Dekho Main sleeping mode me hu night duty ke baad, 6 PM call lagana. actually",,0,3
callback_request_074,"Hello team, Main sleeping mode me hu night duty ke baad, 6 PM call lagana.",callback_request,"Hello team, Main sleeping mode me hu night duty ke baad, 6 PM call lagana.",,0,3
callback_request_077,"Aapka phone connection break ho raha hai, WhatsApp call try karo ya baad me phone karo.",callback_request,"Aapka phone connection break ho raha hai, WhatsApp call try karo ya baad me phone karo.",,0,3
callback_request_077,"Arre Aapka phone connection break ho raha hai, WhatsApp call try karo ya baad me phone karo. please",callback_request,"Arre Aapka phone connection break ho raha hai, WhatsApp call try karo ya baad me phone karo. please",,0,3
callback_request_077,"Hey, Aapka phone connection break ho raha hai, WhatsApp call try karo ya baad me phone karo.!",callback_request,"Hey, Aapka phone connection break ho raha hai, WhatsApp call try karo ya baad me phone karo.!",,0,3
callback_request_077,"Bhai Aapka phone connection break ho raha hai, WhatsApp call try karo ya baad me phone karo. jaldi batao",callback_request,"Bhai Aapka phone connection break ho raha hai, WhatsApp call try karo ya baad me phone karo. jaldi batao",,0,3
callback_request_077,"Sir Aapka phone connection break ho raha hai, WhatsApp call try karo ya baad me phone karo. kindly confirm",callback_request,"Sir Aapka phone connection break ho raha hai, WhatsApp call try karo ya baad me phone karo. kindly confirm",,0,3
callback_request_077,"Sunna Aapka phone connection break ho raha hai, WhatsApp call try karo ya baad me phone karo....",callback_request,"Sunna Aapka phone connection break ho raha hai, WhatsApp call try karo ya baad me phone karo.",,1,3
callback_request_077,"Dekho Aapka phone connection break ho raha hai, WhatsApp call try karo ya baad me phone karo. actually",callback_request,"Dekho Aapka phone connection break ho raha hai, WhatsApp call try karo ya baad me phone karo. actually",,0,3
callback_request_077,"Hello team, Aapka phone connection break ho raha hai, WhatsApp call try karo ya baad me phone karo.",callback_request,"Hello team, Aapka phone connection break ho raha hai, WhatsApp call try karo ya baad me phone karo.",,0,3
callback_request_078,"Main zoom webinar me speaker hu, event ke baad 6 PM call back karo.",callback_request,"Main zoom webinar me speaker hu, event ke baad 6 PM call back karo.",,0,3
callback_request_078,"Arre Main zoom webinar me speaker hu, event ke baad 6 PM call back karo. please",callback_request,"Arre Main zoom webinar me speaker hu, event ke baad 6 PM call back karo. please",,0,3
callback_request_078,"Hey, Main zoom webinar me speaker hu, event ke baad 6 PM call back karo.!",callback_request,"Hey, Main zoom webinar me speaker hu, event ke baad 6 PM call back karo.!",,0,3
callback_request_078,"Bhai Main zoom webinar me speaker hu, event ke baad 6 PM call back karo. jaldi batao",callback_request,"Bhai Main zoom webinar me speaker hu, event ke baad 6 PM call back karo. jaldi batao",,0,3
callback_request_078,"Sir Main zoom webinar me speaker hu, event ke baad 6 PM call back karo. kindly confirm",callback_request,"Sir Main zoom webinar me speaker hu, event ke baad 6 PM call back karo. kindly confirm",,0,3
callback_request_078,"Sunna Main zoom webinar me speaker hu, event ke baad 6 PM call back karo....",callback_request,"Sunna Main zoom webinar me speaker hu, event ke baad 6 PM call back karo.",,1,3
callback_request_078,"Dekho Main zoom webinar me speaker hu, event ke baad 6 PM call back karo. actually",callback_request,"Dekho Main zoom webinar me speaker hu, event ke baad 6 PM call back karo. actually",,0,3
callback_request_078,"Hello team, Main zoom webinar me speaker hu, event ke baad 6 PM call back karo.",callback_request,"Hello team, Main zoom webinar me speaker hu, event ke baad 6 PM call back karo.",,0,3
callback_request_079,"Hair cut chal raha hai salon me, 30 min baad phone ghumana.",callback_request,"Hair cut chal raha hai salon me, 30 min baad phone ghumana.",,0,3
callback_request_079,"Arre Hair cut chal raha hai salon me, 30 min baad phone ghumana. please",callback_request,"Arre Hair cut chal raha hai salon me, 30 min baad phone ghumana. please",,0,3
callback_request_079,"Hey, Hair cut chal raha hai salon me, 30 min baad phone ghumana.!",callback_request,"Hey, Hair cut chal raha hai salon me, 30 min baad phone ghumana.!",,0,3
callback_request_079,"Bhai Hair cut chal raha hai salon me, 30 min baad phone ghumana. jaldi batao",callback_request,"Bhai Hair cut chal raha hai salon me, 30 min baad phone ghumana. jaldi batao",,0,3
callback_request_079,"Sir Hair cut chal raha hai salon me, 30 min baad phone ghumana. kindly confirm",callback_request,"Sir Hair cut chal raha hai salon me, 30 min baad phone ghumana. kindly confirm",,0,3
callback_request_079,"Sunna Hair cut chal raha hai salon me, 30 min baad phone ghumana....",callback_request,"Sunna Hair cut chal raha hai salon me, 30 min baad phone ghumana.",,1,3
callback_request_079,"Dekho Hair cut chal raha hai salon me, 30 min baad phone ghumana. actually",callback_request,"Dekho Hair cut chal raha hai salon me, 30 min baad phone ghumana. actually",,0,3
callback_request_079,"Hello team, Hair cut chal raha hai salon me, 30 min baad phone ghumana.",callback_request,"Hello team, Hair cut chal raha hai salon me, 30 min baad phone ghumana.",,0,3
callback_request_081,"Main grocery shopping me billing karwa raha hu, call after 10 mins.",callback_request,"Main grocery shopping me billing karwa raha hu, call after 10 mins.",,0,3
callback_request_081,"Arre Main grocery shopping me billing karwa raha hu, call after 10 mins. please",callback_request,"Arre Main grocery shopping me billing karwa raha hu, call after 10 mins. please",,0,3
callback_request_081,"Hey, Main grocery shopping me billing karwa raha hu, call after 10 mins.!",callback_request,"Hey, Main grocery shopping me billing karwa raha hu, call after 10 mins.!",,0,3
callback_request_081,"Bhai Main grocery shopping me billing karwa raha hu, call after 10 mins. jaldi batao",callback_request,"Bhai Main grocery shopping me billing karwa raha hu, call after 10 mins. jaldi batao",,0,3
callback_request_081,"Sir Main grocery shopping me billing karwa raha hu, call after 10 mins. kindly confirm",callback_request,"Sir Main grocery shopping me billing karwa raha hu, call after 10 mins. kindly confirm",,0,3
callback_request_081,"Sunna Main grocery shopping me billing karwa raha hu, call after 10 mins....",callback_request,"Sunna Main grocery shopping me billing karwa raha hu, call after 10 mins.",,1,3
callback_request_081,"Dekho Main grocery shopping me billing karwa raha hu, call after 10 mins. actually",callback_request,"Dekho Main grocery shopping me billing karwa raha hu, call after 10 mins. actually",,0,3
callback_request_081,"Hello team, Main grocery shopping me billing karwa raha hu, call after 10 mins.",callback_request,"Hello team, Main grocery shopping me billing karwa raha hu, call after 10 mins.",,0,3
callback_request_082,Aapke sales manager ko request forward karo callback ke liye sham 7 baje.,callback_request,Aapke sales manager ko request forward karo callback ke liye sham 7 baje.,,0,3
callback_request_082,Arre Aapke sales manager ko request forward karo callback ke liye sham 7 baje. please,callback_request,Arre Aapke sales manager ko request forward karo callback ke liye sham 7 baje. please,,0,3
callback_request_082,"Hey, Aapke sales manager ko request forward karo callback ke liye sham 7 baje.!",callback_request,"Hey, Aapke sales manager ko request forward karo callback ke liye sham 7 baje.!",,0,3
callback_request_082,Bhai Aapke sales manager ko request forward karo callback ke liye sham 7 baje. jaldi batao,callback_request,Bhai Aapke sales manager ko request forward karo callback ke liye sham 7 baje. jaldi batao,,0,3
callback_request_082,Sir Aapke sales manager ko request forward karo callback ke liye sham 7 baje. kindly confirm,callback_request,Sir Aapke sales manager ko request forward karo callback ke liye sham 7 baje. kindly confirm,,0,3
callback_request_082,Sunna Aapke sales manager ko request forward karo callback ke liye sham 7 baje....,callback_request,Sunna Aapke sales manager ko request forward karo callback ke liye sham 7 baje.,,1,3
callback_request_082,Dekho Aapke sales manager ko request forward karo callback ke liye sham 7 baje. actually,callback_request,Dekho Aapke sales manager ko request forward karo callback ke liye sham 7 baje. actually,,0,3
callback_request_082,"Hello team, Aapke sales manager ko request forward karo callback ke liye sham 7 baje.",callback_request,"Hello team, Aapke sales manager ko request forward karo callback ke liye sham 7 baje.",,0,3
callback_request_083,"Main metro train me underground hu signal drop hoga, exit karke 20 min me call karo.",callback_request,"Main metro train me underground hu signal drop hoga, exit karke 20 min me call karo.",,0,3
callback_request_083,"Arre Main metro train me underground hu signal drop hoga, exit karke 20 min me call karo. please",callback_request,"Arre Main metro train me underground hu signal drop hoga, exit karke 20 min me call karo. please",,0,3
callback_request_083,"Hey, Main metro train me underground hu signal drop hoga, exit karke 20 min me call karo.!",callback_request,"Hey, Main metro train me underground hu signal drop hoga, exit karke 20 min me call karo.!",,0,3
callback_request_083,"Bhai Main metro train me underground hu signal drop hoga, exit karke 20 min me call karo. jaldi batao",callback_request,"Bhai Main metro train me underground hu signal drop hoga, exit karke 20 min me call karo. jaldi batao",,0,3
callback_request_083,"Sir Main metro train me underground hu signal drop hoga, exit karke 20 min me call karo. kindly confirm",callback_request,"Sir Main metro train me underground hu signal drop hoga, exit karke 20 min me call karo. kindly confirm",,0,3
callback_request_083,"Sunna Main metro train me underground hu signal drop hoga, exit karke 20 min me call karo....",callback_request,"Sunna Main metro train me underground hu signal drop hoga, exit karke 20 min me call karo.",,1,3
callback_request_083,"Dekho Main metro train me underground hu signal drop hoga, exit karke 20 min me call karo. actually",callback_request,"Dekho Main metro train me underground hu signal drop hoga, exit karke 20 min me call karo. actually",,0,3
callback_request_083,"Hello team, Main metro train me underground hu signal drop hoga, exit karke 20 min me call karo.",callback_request,"Hello team, Main metro train me underground hu signal drop hoga, exit karke 20 min me call karo.",,0,3
callback_request_084,"Abhi puja room me hu, 45 minute baad connect kariyega.",callback_request,"Abhi puja room me hu, 45 minute baad connect kariyega.",,0,3
callback_request_084,"Arre Abhi puja room me hu, 45 minute baad connect kariyega. please",callback_request,"Arre Abhi puja room me hu, 45 minute baad connect kariyega. please",,0,3
callback_request_084,"Hey, Abhi puja room me hu, 45 minute baad connect kariyega.!",callback_request,"Hey, Abhi puja room me hu, 45 minute baad connect kariyega.!",,0,3
callback_request_084,"Bhai Abhi puja room me hu, 45 minute baad connect kariyega. jaldi batao",callback_request,"Bhai Abhi puja room me hu, 45 minute baad connect kariyega. jaldi batao",,0,3
callback_request_084,"Sir Abhi puja room me hu, 45 minute baad connect kariyega. kindly confirm",callback_request,"Sir Abhi puja room me hu, 45 minute baad connect kariyega. kindly confirm",,0,3
callback_request_084,"Sunna Abhi puja room me hu, 45 minute baad connect kariyega....",callback_request,"Sunna Abhi puja room me hu, 45 minute baad connect kariyega.",,1,3
callback_request_084,"Dekho Abhi puja room me hu, 45 minute baad connect kariyega. actually",callback_request,"Dekho Abhi puja room me hu, 45 minute baad connect kariyega. actually",,0,3
callback_request_084,"Hello team, Abhi puja room me hu, 45 minute baad connect kariyega.",callback_request,"Hello team, Abhi puja room me hu, 45 minute baad connect kariyega.",,0,3
callback_request_085,Can we do this call over the weekend on Saturday 3 PM?,callback_request,Can we do this call over the weekend on Saturday 3 PM?,,0,3
callback_request_085,Arre Can we do this call over the weekend on Saturday 3 PM? please,callback_request,Arre Can we do this call over the weekend on Saturday 3 PM? please,,0,3
callback_request_085,"Hey, Can we do this call over the weekend on Saturday 3 PM?!",callback_request,"Hey, Can we do this call over the weekend on Saturday 3 PM?!",,0,3
callback_request_085,Bhai Can we do this call over the weekend on Saturday 3 PM? jaldi batao,callback_request,Bhai Can we do this call over the weekend on Saturday 3 PM? jaldi batao,,0,3
callback_request_085,Sir Can we do this call over the weekend on Saturday 3 PM? kindly confirm,callback_request,Sir Can we do this call over the weekend on Saturday 3 PM? kindly confirm,,0,3
callback_request_085,Sunna Can we do this call over the weekend on Saturday 3 PM?...,callback_request,Sunna Can we do this call over the weekend on Saturday 3 PM?.,,1,3
callback_request_085,Dekho Can we do this call over the weekend on Saturday 3 PM? actually,callback_request,Dekho Can we do this call over the weekend on Saturday 3 PM? actually,,0,3
callback_request_085,"Hello team, Can we do this call over the weekend on Saturday 3 PM?",callback_request,"Hello team, Can we do this call over the weekend on Saturday 3 PM?",,0,3
callback_request_086,"Main laptop setup kar raha hu, 15 minutes baad connect karo.",callback_request,"Main laptop setup kar raha hu, 15 minutes baad connect karo.",,0,3
callback_request_086,"Arre Main laptop setup kar raha hu, 15 minutes baad connect karo. please",callback_request,"Arre Main laptop setup kar raha hu, 15 minutes baad connect karo. please",,0,3
callback_request_086,"Hey, Main laptop setup kar raha hu, 15 minutes baad connect karo.!",callback_request,"Hey, Main laptop setup kar raha hu, 15 minutes baad connect karo.!",,0,3
callback_request_086,"Bhai Main laptop setup kar raha hu, 15 minutes baad connect karo. jaldi batao",callback_request,"Bhai Main laptop setup kar raha hu, 15 minutes baad connect karo. jaldi batao",,0,3
callback_request_086,"Sir Main laptop setup kar raha hu, 15 minutes baad connect karo. kindly confirm",callback_request,"Sir Main laptop setup kar raha hu, 15 minutes baad connect karo. kindly confirm",,0,3
callback_request_086,"Sunna Main laptop setup kar raha hu, 15 minutes baad connect karo....",callback_request,"Sunna Main laptop setup kar raha hu, 15 minutes baad connect karo.",,1,3
callback_request_086,"Dekho Main laptop setup kar raha hu, 15 minutes baad connect karo. actually",callback_request,"Dekho Main laptop setup kar raha hu, 15 minutes baad connect karo. actually",,0,3
callback_request_086,"Hello team, Main laptop setup kar raha hu, 15 minutes baad connect karo.",callback_request,"Hello team, Main laptop setup kar raha hu, 15 minutes baad connect karo.",,0,3
callback_request_087,"Aapki voice robotic sound kar rahi hai line clear nahi hai, retry call.",callback_request,"Aapki voice robotic sound kar rahi hai line clear nahi hai, retry call.",,0,3
callback_request_087,"Arre Aapki voice robotic sound kar rahi hai line clear nahi hai, retry call. please",callback_request,"Arre Aapki voice robotic sound kar rahi hai line clear nahi hai, retry call. please",,0,3
callback_request_087,"Hey, Aapki voice robotic sound kar rahi hai line clear nahi hai, retry call.!",callback_request,"Hey, Aapki voice robotic sound kar rahi hai line clear nahi hai, retry call.!",,0,3
callback_request_087,"Bhai Aapki voice robotic sound kar rahi hai line clear nahi hai, retry call. jaldi batao",callback_request,"Bhai Aapki voice robotic sound kar rahi hai line clear nahi hai, retry call. jaldi batao",,0,3
callback_request_087,"Sir Aapki voice robotic sound kar rahi hai line clear nahi hai, retry call. kindly confirm",callback_request,"Sir Aapki voice robotic sound kar rahi hai line clear nahi hai, retry call. kindly confirm",,0,3
callback_request_087,"Sunna Aapki voice robotic sound kar rahi hai line clear nahi hai, retry call....",callback_request,"Sunna Aapki voice robotic sound kar rahi hai line clear nahi hai, retry call.",,1,3
callback_request_087,"Dekho Aapki voice robotic sound kar rahi hai line clear nahi hai, retry call. actually",callback_request,"Dekho Aapki voice robotic sound kar rahi hai line clear nahi hai, retry call. actually",,0,3
callback_request_087,"Hello team, Aapki voice robotic sound kar rahi hai line clear nahi hai, retry call.",callback_request,"Hello team, Aapki voice robotic sound kar rahi hai line clear nahi hai, retry call.",,0,3
callback_request_090,Please ring me when I am free around 5:30 PM today.,callback_request,Please ring me when I am free around 5:30 PM today.,,0,3
callback_request_090,Arre Please ring me when I am free around 5:30 PM today. please,callback_request,Arre Please ring me when I am free around 5:30 PM today. please,,0,3
callback_request_090,"Hey, Please ring me when I am free around 5:30 PM today.!",callback_request,"Hey, Please ring me when I am free around 5:30 PM today.!",,0,3
callback_request_090,Bhai Please ring me when I am free around 5:30 PM today. jaldi batao,callback_request,Bhai Please ring me when I am free around 5:30 PM today. jaldi batao,,0,3
callback_request_090,Sir Please ring me when I am free around 5:30 PM today. kindly confirm,callback_request,Sir Please ring me when I am free around 5:30 PM today. kindly confirm,,0,3
callback_request_090,Sunna Please ring me when I am free around 5:30 PM today....,callback_request,Sunna Please ring me when I am free around 5:30 PM today.,,1,3
callback_request_090,Dekho Please ring me when I am free around 5:30 PM today. actually,callback_request,Dekho Please ring me when I am free around 5:30 PM today. actually,,0,3
callback_request_090,"Hello team, Please ring me when I am free around 5:30 PM today.",callback_request,"Hello team, Please ring me when I am free around 5:30 PM today.",,0,3
callback_request_094,"Aapka dialer glitch kar raha hai voice nahi aayi, call me back immediately.",callback_request,"Aapka dialer glitch kar raha hai voice nahi aayi, call me back immediately.",,0,3
callback_request_094,"Arre Aapka dialer glitch kar raha hai voice nahi aayi, call me back immediately. please",callback_request,"Arre Aapka dialer glitch kar raha hai voice nahi aayi, call me back immediately. please",,0,3
callback_request_094,"Hey, Aapka dialer glitch kar raha hai voice nahi aayi, call me back immediately.!",callback_request,"Hey, Aapka dialer glitch kar raha hai voice nahi aayi, call me back immediately.!",,0,3
callback_request_094,"Bhai Aapka dialer glitch kar raha hai voice nahi aayi, call me back immediately. jaldi batao",callback_request,"Bhai Aapka dialer glitch kar raha hai voice nahi aayi, call me back immediately. jaldi batao",,0,3
callback_request_094,"Sir Aapka dialer glitch kar raha hai voice nahi aayi, call me back immediately. kindly confirm",callback_request,"Sir Aapka dialer glitch kar raha hai voice nahi aayi, call me back immediately. kindly confirm",,0,3
callback_request_094,"Sunna Aapka dialer glitch kar raha hai voice nahi aayi, call me back immediately....",callback_request,"Sunna Aapka dialer glitch kar raha hai voice nahi aayi, call me back immediately.",,1,3
callback_request_094,"Dekho Aapka dialer glitch kar raha hai voice nahi aayi, call me back immediately. actually",callback_request,"Dekho Aapka dialer glitch kar raha hai voice nahi aayi, call me back immediately. actually",,0,3
callback_request_094,"Hello team, Aapka dialer glitch kar raha hai voice nahi aayi, call me back immediately.",callback_request,"Hello team, Aapka dialer glitch kar raha hai voice nahi aayi, call me back immediately.",,0,3
callback_request_095,"Main passport center me biometric de raha hu, baad me call karna 3 PM.",callback_request,"Main passport center me biometric de raha hu, baad me call karna 3 PM.",,0,3
callback_request_095,"Arre Main passport center me biometric de raha hu, baad me call karna 3 PM. please",callback_request,"Arre Main passport center me biometric de raha hu, baad me call karna 3 PM. please",,0,3
callback_request_095,"Hey, Main passport center me biometric de raha hu, baad me call karna 3 PM.!",callback_request,"Hey, Main passport center me biometric de raha hu, baad me call karna 3 PM.!",,0,3
callback_request_095,"Bhai Main passport center me biometric de raha hu, baad me call karna 3 PM. jaldi batao",callback_request,"Bhai Main passport center me biometric de raha hu, baad me call karna 3 PM. jaldi batao",,0,3
callback_request_095,"Sir Main passport center me biometric de raha hu, baad me call karna 3 PM. kindly confirm",callback_request,"Sir Main passport center me biometric de raha hu, baad me call karna 3 PM. kindly confirm",,0,3
callback_request_095,"Sunna Main passport center me biometric de raha hu, baad me call karna 3 PM....",callback_request,"Sunna Main passport center me biometric de raha hu, baad me call karna 3 PM.",,1,3
callback_request_095,"Dekho Main passport center me biometric de raha hu, baad me call karna 3 PM. actually",callback_request,"Dekho Main passport center me biometric de raha hu, baad me call karna 3 PM. actually",,0,3
callback_request_095,"Hello team, Main passport center me biometric de raha hu, baad me call karna 3 PM.",callback_request,"Hello team, Main passport center me biometric de raha hu, baad me call karna 3 PM.",,0,3
callback_request_096,"Ghar pe renovation chal raha hai bohot shor hai, kal morning me call karna.",callback_request,"Ghar pe renovation chal raha hai bohot shor hai, kal morning me call karna.",,0,3
callback_request_096,"Arre Ghar pe renovation chal raha hai bohot shor hai, kal morning me call karna. please",callback_request,"Arre Ghar pe renovation chal raha hai bohot shor hai, kal morning me call karna. please",,0,3
callback_request_096,"Hey, Ghar pe renovation chal raha hai bohot shor hai, kal morning me call karna.!",callback_request,"Hey, Ghar pe renovation chal raha hai bohot shor hai, kal morning me call karna.!",,0,3
callback_request_096,"Bhai Ghar pe renovation chal raha hai bohot shor hai, kal morning me call karna. jaldi batao",callback_request,"Bhai Ghar pe renovation chal raha hai bohot shor hai, kal morning me call karna. jaldi batao",,0,3
callback_request_096,"Sir Ghar pe renovation chal raha hai bohot shor hai, kal morning me call karna. kindly confirm",callback_request,"Sir Ghar pe renovation chal raha hai bohot shor hai, kal morning me call karna. kindly confirm",,0,3
callback_request_096,"Sunna Ghar pe renovation chal raha hai bohot shor hai, kal morning me call karna....",callback_request,"Sunna Ghar pe renovation chal raha hai bohot shor hai, kal morning me call karna.",,1,3
callback_request_096,"Dekho Ghar pe renovation chal raha hai bohot shor hai, kal morning me call karna. actually",callback_request,"Dekho Ghar pe renovation chal raha hai bohot shor hai, kal morning me call karna. actually",,0,3
callback_request_096,"Hello team, Ghar pe renovation chal raha hai bohot shor hai, kal morning me call karna.",callback_request,"Hello team, Ghar pe renovation chal raha hai bohot shor hai, kal morning me call karna.",,0,3
callback_request_097,"Abhi delivery pick kar raha hu gate pe, 5 minute baad dial karo.",callback_request,"Abhi delivery pick kar raha hu gate pe, 5 minute baad dial karo.",,0,3
callback_request_097,"Arre Abhi delivery pick kar raha hu gate pe, 5 minute baad dial karo. please",callback_request,"Arre Abhi delivery pick kar raha hu gate pe, 5 minute baad dial karo. please",,0,3
callback_request_097,"Hey, Abhi delivery pick kar raha hu gate pe, 5 minute baad dial karo.!",callback_request,"Hey, Abhi delivery pick kar raha hu gate pe, 5 minute baad dial karo.!",,0,3
callback_request_097,"Bhai Abhi delivery pick kar raha hu gate pe, 5 minute baad dial karo. jaldi batao",callback_request,"Bhai Abhi delivery pick kar raha hu gate pe, 5 minute baad dial karo. jaldi batao",,0,3
callback_request_097,"Sir Abhi delivery pick kar raha hu gate pe, 5 minute baad dial karo. kindly confirm",callback_request,"Sir Abhi delivery pick kar raha hu gate pe, 5 minute baad dial karo. kindly confirm",,0,3
callback_request_097,"Sunna Abhi delivery pick kar raha hu gate pe, 5 minute baad dial karo....",callback_request,"Sunna Abhi delivery pick kar raha hu gate pe, 5 minute baad dial karo.",,1,3
callback_request_097,"Dekho Abhi delivery pick kar raha hu gate pe, 5 minute baad dial karo. actually",callback_request,"Dekho Abhi delivery pick kar raha hu gate pe, 5 minute baad dial karo. actually",,0,3
callback_request_097,"Hello team, Abhi delivery pick kar raha hu gate pe, 5 minute baad dial karo.",callback_request,"Hello team, Abhi delivery pick kar raha hu gate pe, 5 minute baad dial karo.",,0,3
callback_request_098,Please drop a calendar invite or call me tomorrow at 10 AM.,callback_request,Please drop a calendar invite or call me tomorrow at 10 AM.,,0,3
callback_request_098,Arre Please drop a calendar invite or call me tomorrow at 10 AM. please,callback_request,Arre Please drop a calendar invite or call me tomorrow at 10 AM. please,,0,3
callback_request_098,"Hey, Please drop a calendar invite or call me tomorrow at 10 AM.!",callback_request,"Hey, Please drop a calendar invite or call me tomorrow at 10 AM.!",,0,3
callback_request_098,Bhai Please drop a calendar invite or call me tomorrow at 10 AM. jaldi batao,callback_request,Bhai Please drop a calendar invite or call me tomorrow at 10 AM. jaldi batao,,0,3
callback_request_098,Sir Please drop a calendar invite or call me tomorrow at 10 AM. kindly confirm,callback_request,Sir Please drop a calendar invite or call me tomorrow at 10 AM. kindly confirm,,0,3
callback_request_098,Sunna Please drop a calendar invite or call me tomorrow at 10 AM....,callback_request,Sunna Please drop a calendar invite or call me tomorrow at 10 AM.,,1,3
callback_request_098,Dekho Please drop a calendar invite or call me tomorrow at 10 AM. actually,callback_request,Dekho Please drop a calendar invite or call me tomorrow at 10 AM. actually,,0,3
callback_request_098,"Hello team, Please drop a calendar invite or call me tomorrow at 10 AM.",callback_request,"Hello team, Please drop a calendar invite or call me tomorrow at 10 AM.",,0,3
callback_request_099,"Main traffic jam me fas gaya hu stress me hu, reaching destination in 30 min tab call karna.",callback_request,"Main traffic jam me fas gaya hu stress me hu, reaching destination in 30 min tab call karna.",,0,3
callback_request_099,"Arre Main traffic jam me fas gaya hu stress me hu, reaching destination in 30 min tab call karna. please",callback_request,"Arre Main traffic jam me fas gaya hu stress me hu, reaching destination in 30 min tab call karna. please",,0,3
callback_request_099,"Hey, Main traffic jam me fas gaya hu stress me hu, reaching destination in 30 min tab call karna.!",callback_request,"Hey, Main traffic jam me fas gaya hu stress me hu, reaching destination in 30 min tab call karna.!",,0,3
callback_request_099,"Bhai Main traffic jam me fas gaya hu stress me hu, reaching destination in 30 min tab call karna. jaldi batao",callback_request,"Bhai Main traffic jam me fas gaya hu stress me hu, reaching destination in 30 min tab call karna. jaldi batao",,0,3
callback_request_099,"Sir Main traffic jam me fas gaya hu stress me hu, reaching destination in 30 min tab call karna. kindly confirm",callback_request,"Sir Main traffic jam me fas gaya hu stress me hu, reaching destination in 30 min tab call karna. kindly confirm",,0,3
callback_request_099,"Sunna Main traffic jam me fas gaya hu stress me hu, reaching destination in 30 min tab call karna....",callback_request,"Sunna Main traffic jam me fas gaya hu stress me hu, reaching destination in 30 min tab call karna.",,1,3
callback_request_099,"Dekho Main traffic jam me fas gaya hu stress me hu, reaching destination in 30 min tab call karna. actually",callback_request,"Dekho Main traffic jam me fas gaya hu stress me hu, reaching destination in 30 min tab call karna. actually",,0,3
callback_request_099,"Hello team, Main traffic jam me fas gaya hu stress me hu, reaching destination in 30 min tab call karna.",callback_request,"Hello team, Main traffic jam me fas gaya hu stress me hu, reaching destination in 30 min tab call karna.",,0,3
callback_request_101,"Main child vaccination ke liye clinic me hu, call after 1 hour.",callback_request,"Main child vaccination ke liye clinic me hu, call after 1 hour.",,0,3
callback_request_101,"Arre Main child vaccination ke liye clinic me hu, call after 1 hour. please",callback_request,"Arre Main child vaccination ke liye clinic me hu, call after 1 hour. please",,0,3
callback_request_101,"Hey, Main child vaccination ke liye clinic me hu, call after 1 hour.!",callback_request,"Hey, Main child vaccination ke liye clinic me hu, call after 1 hour.!",,0,3
callback_request_101,"Bhai Main child vaccination ke liye clinic me hu, call after 1 hour. jaldi batao",callback_request,"Bhai Main child vaccination ke liye clinic me hu, call after 1 hour. jaldi batao",,0,3
callback_request_101,"Sir Main child vaccination ke liye clinic me hu, call after 1 hour. kindly confirm",callback_request,"Sir Main child vaccination ke liye clinic me hu, call after 1 hour. kindly confirm",,0,3
callback_request_101,"Sunna Main child vaccination ke liye clinic me hu, call after 1 hour....",callback_request,"Sunna Main child vaccination ke liye clinic me hu, call after 1 hour.",,1,3
callback_request_101,"Dekho Main child vaccination ke liye clinic me hu, call after 1 hour. actually",callback_request,"Dekho Main child vaccination ke liye clinic me hu, call after 1 hour. actually",,0,3
callback_request_101,"Hello team, Main child vaccination ke liye clinic me hu, call after 1 hour.",callback_request,"Hello team, Main child vaccination ke liye clinic me hu, call after 1 hour.",,0,3
callback_request_102,Please ensure your technical team calls me back today between 4 PM and 5 PM.,callback_request,Please ensure your technical team calls me back today between 4 PM and 5 PM.,,0,3
callback_request_102,Arre Please ensure your technical team calls me back today between 4 PM and 5 PM. please,callback_request,Arre Please ensure your technical team calls me back today between 4 PM and 5 PM. please,,0,3
callback_request_102,"Hey, Please ensure your technical team calls me back today between 4 PM and 5 PM.!",callback_request,"Hey, Please ensure your technical team calls me back today between 4 PM and 5 PM.!",,0,3
callback_request_102,Bhai Please ensure your technical team calls me back today between 4 PM and 5 PM. jaldi batao,callback_request,Bhai Please ensure your technical team calls me back today between 4 PM and 5 PM. jaldi batao,,0,3
callback_request_102,Sir Please ensure your technical team calls me back today between 4 PM and 5 PM. kindly confirm,callback_request,Sir Please ensure your technical team calls me back today between 4 PM and 5 PM. kindly confirm,,0,3
callback_request_102,Sunna Please ensure your technical team calls me back today between 4 PM and 5 PM....,callback_request,Sunna Please ensure your technical team calls me back today between 4 PM and 5 PM.,,1,3
callback_request_102,Dekho Please ensure your technical team calls me back today between 4 PM and 5 PM. actually,callback_request,Dekho Please ensure your technical team calls me back today between 4 PM and 5 PM. actually,,0,3
callback_request_102,"Hello team, Please ensure your technical team calls me back today between 4 PM and 5 PM.",callback_request,"Hello team, Please ensure your technical team calls me back today between 4 PM and 5 PM.",,0,3
callback_request_105,"Main toll plaza cross kar raha hu, call after 5 minutes.",callback_request,"Main toll plaza cross kar raha hu, call after 5 minutes.",,0,3
callback_request_105,"Arre Main toll plaza cross kar raha hu, call after 5 minutes. please",callback_request,"Arre Main toll plaza cross kar raha hu, call after 5 minutes. please",,0,3
callback_request_105,"Hey, Main toll plaza cross kar raha hu, call after 5 minutes.!",callback_request,"Hey, Main toll plaza cross kar raha hu, call after 5 minutes.!",,0,3
callback_request_105,"Bhai Main toll plaza cross kar raha hu, call after 5 minutes. jaldi batao",callback_request,"Bhai Main toll plaza cross kar raha hu, call after 5 minutes. jaldi batao",,0,3
callback_request_105,"Sir Main toll plaza cross kar raha hu, call after 5 minutes. kindly confirm",callback_request,"Sir Main toll plaza cross kar raha hu, call after 5 minutes. kindly confirm",,0,3
callback_request_105,"Sunna Main toll plaza cross kar raha hu, call after 5 minutes....",callback_request,"Sunna Main toll plaza cross kar raha hu, call after 5 minutes.",,1,3
callback_request_105,"Dekho Main toll plaza cross kar raha hu, call after 5 minutes. actually",callback_request,"Dekho Main toll plaza cross kar raha hu, call after 5 minutes. actually",,0,3
callback_request_105,"Hello team, Main toll plaza cross kar raha hu, call after 5 minutes.",callback_request,"Hello team, Main toll plaza cross kar raha hu, call after 5 minutes.",,0,3
callback_request_106,"Aapka line busy ho gaya tha achanak, please re-dial now.",callback_request,"Aapka line busy ho gaya tha achanak, please re-dial now.",,0,3
callback_request_106,"Arre Aapka line busy ho gaya tha achanak, please re-dial now. please",callback_request,"Arre Aapka line busy ho gaya tha achanak, please re-dial now. please",,0,3
callback_request_106,"Hey, Aapka line busy ho gaya tha achanak, please re-dial now.!",callback_request,"Hey, Aapka line busy ho gaya tha achanak, please re-dial now.!",,0,3
callback_request_106,"Bhai Aapka line busy ho gaya tha achanak, please re-dial now. jaldi batao",callback_request,"Bhai Aapka line busy ho gaya tha achanak, please re-dial now. jaldi batao",,0,3
callback_request_106,"Sir Aapka line busy ho gaya tha achanak, please re-dial now. kindly confirm",callback_request,"Sir Aapka line busy ho gaya tha achanak, please re-dial now. kindly confirm",,0,3
callback_request_106,"Sunna Aapka line busy ho gaya tha achanak, please re-dial now....",callback_request,"Sunna Aapka line busy ho gaya tha achanak, please re-dial now.",,1,3
callback_request_106,"Dekho Aapka line busy ho gaya tha achanak, please re-dial now. actually",callback_request,"Dekho Aapka line busy ho gaya tha achanak, please re-dial now. actually",,0,3
callback_request_106,"Hello team, Aapka line busy ho gaya tha achanak, please re-dial now.",callback_request,"Hello team, Aapka line busy ho gaya tha achanak, please re-dial now.",,0,3
callback_request_109,"Main walking track pe hu, 20 mins baad connect ho paunga.",callback_request,"Main walking track pe hu, 20 mins baad connect ho paunga.",,0,3
callback_request_109,"Arre Main walking track pe hu, 20 mins baad connect ho paunga. please",callback_request,"Arre Main walking track pe hu, 20 mins baad connect ho paunga. please",,0,3
callback_request_109,"Hey, Main walking track pe hu, 20 mins baad connect ho paunga.!",callback_request,"Hey, Main walking track pe hu, 20 mins baad connect ho paunga.!",,0,3
callback_request_109,"Bhai Main walking track pe hu, 20 mins baad connect ho paunga. jaldi batao",callback_request,"Bhai Main walking track pe hu, 20 mins baad connect ho paunga. jaldi batao",,0,3
callback_request_109,"Sir Main walking track pe hu, 20 mins baad connect ho paunga. kindly confirm",callback_request,"Sir Main walking track pe hu, 20 mins baad connect ho paunga. kindly confirm",,0,3
callback_request_109,"Sunna Main walking track pe hu, 20 mins baad connect ho paunga....",callback_request,"Sunna Main walking track pe hu, 20 mins baad connect ho paunga.",,1,3
callback_request_109,"Dekho Main walking track pe hu, 20 mins baad connect ho paunga. actually",callback_request,"Dekho Main walking track pe hu, 20 mins baad connect ho paunga. actually",,0,3
callback_request_109,"Hello team, Main walking track pe hu, 20 mins baad connect ho paunga.",callback_request,"Hello team, Main walking track pe hu, 20 mins baad connect ho paunga.",,0,3
callback_request_110,Aapki company ke helpline se callback arrange karo sham 6 baje.,callback_request,Aapki company ke helpline se callback arrange karo sham 6 baje.,,0,3
callback_request_110,Arre Aapki company ke helpline se callback arrange karo sham 6 baje. please,callback_request,Arre Aapki company ke helpline se callback arrange karo sham 6 baje. please,,0,3
callback_request_110,"Hey, Aapki company ke helpline se callback arrange karo sham 6 baje.!",callback_request,"Hey, Aapki company ke helpline se callback arrange karo sham 6 baje.!",,0,3
callback_request_110,Bhai Aapki company ke helpline se callback arrange karo sham 6 baje. jaldi batao,callback_request,Bhai Aapki company ke helpline se callback arrange karo sham 6 baje. jaldi batao,,0,3
callback_request_110,Sir Aapki company ke helpline se callback arrange karo sham 6 baje. kindly confirm,callback_request,Sir Aapki company ke helpline se callback arrange karo sham 6 baje. kindly confirm,,0,3
callback_request_110,Sunna Aapki company ke helpline se callback arrange karo sham 6 baje....,callback_request,Sunna Aapki company ke helpline se callback arrange karo sham 6 baje.,,1,3
callback_request_110,Dekho Aapki company ke helpline se callback arrange karo sham 6 baje. actually,callback_request,Dekho Aapki company ke helpline se callback arrange karo sham 6 baje. actually,,0,3
callback_request_110,"Hello team, Aapki company ke helpline se callback arrange karo sham 6 baje.",callback_request,"Hello team, Aapki company ke helpline se callback arrange karo sham 6 baje.",,0,3
callback_request_111,"Main fuel station pe payment kar raha hu, call me back in 5 mins.",callback_request,"Main fuel station pe payment kar raha hu, call me back in 5 mins.",,0,3
callback_request_111,"Arre Main fuel station pe payment kar raha hu, call me back in 5 mins. please",callback_request,"Arre Main fuel station pe payment kar raha hu, call me back in 5 mins. please",,0,3
callback_request_111,"Hey, Main fuel station pe payment kar raha hu, call me back in 5 mins.!",callback_request,"Hey, Main fuel station pe payment kar raha hu, call me back in 5 mins.!",,0,3
callback_request_111,"Bhai Main fuel station pe payment kar raha hu, call me back in 5 mins. jaldi batao",callback_request,"Bhai Main fuel station pe payment kar raha hu, call me back in 5 mins. jaldi batao",,0,3
callback_request_111,"Sir Main fuel station pe payment kar raha hu, call me back in 5 mins. kindly confirm",callback_request,"Sir Main fuel station pe payment kar raha hu, call me back in 5 mins. kindly confirm",,0,3
callback_request_111,"Sunna Main fuel station pe payment kar raha hu, call me back in 5 mins....",callback_request,"Sunna Main fuel station pe payment kar raha hu, call me back in 5 mins.",,1,3
callback_request_111,"Dekho Main fuel station pe payment kar raha hu, call me back in 5 mins. actually",callback_request,"Dekho Main fuel station pe payment kar raha hu, call me back in 5 mins. actually",,0,3
callback_request_111,"Hello team, Main fuel station pe payment kar raha hu, call me back in 5 mins.",callback_request,"Hello team, Main fuel station pe payment kar raha hu, call me back in 5 mins.",,0,3
callback_request_112,Call schedule kar lo kal dopehar ke liye.,callback_request,Call schedule kar lo kal dopehar ke liye.,,0,3
callback_request_112,Arre Call schedule kar lo kal dopehar ke liye. please,callback_request,Arre Call schedule kar lo kal dopehar ke liye. please,,0,3
callback_request_112,"Hey, Call schedule kar lo kal dopehar ke liye.!",callback_request,"Hey, Call schedule kar lo kal dopehar ke liye.!",,0,3
callback_request_112,Bhai Call schedule kar lo kal dopehar ke liye. jaldi batao,callback_request,Bhai Call schedule kar lo kal dopehar ke liye. jaldi batao,,0,3
callback_request_112,Sir Call schedule kar lo kal dopehar ke liye. kindly confirm,callback_request,Sir Call schedule kar lo kal dopehar ke liye. kindly confirm,,0,3
callback_request_112,Sunna Call schedule kar lo kal dopehar ke liye....,callback_request,Sunna Call schedule kar lo kal dopehar ke liye.,,1,3
callback_request_112,Dekho Call schedule kar lo kal dopehar ke liye. actually,callback_request,Dekho Call schedule kar lo kal dopehar ke liye. actually,,0,3
callback_request_112,"Hello team, Call schedule kar lo kal dopehar ke liye.",callback_request,"Hello team, Call schedule kar lo kal dopehar ke liye.",,0,3
callback_request_113,"Main audit meeting me hu confidential discussion hai, kal phone karna.",callback_request,"Main audit meeting me hu confidential discussion hai, kal phone karna.",,0,3
callback_request_113,"Arre Main audit meeting me hu confidential discussion hai, kal phone karna. please",callback_request,"Arre Main audit meeting me hu confidential discussion hai, kal phone karna. please",,0,3
callback_request_113,"Hey, Main audit meeting me hu confidential discussion hai, kal phone karna.!",callback_request,"Hey, Main audit meeting me hu confidential discussion hai, kal phone karna.!",,0,3
callback_request_113,"Bhai Main audit meeting me hu confidential discussion hai, kal phone karna. jaldi batao",callback_request,"Bhai Main audit meeting me hu confidential discussion hai, kal phone karna. jaldi batao",,0,3
callback_request_113,"Sir Main audit meeting me hu confidential discussion hai, kal phone karna. kindly confirm",callback_request,"Sir Main audit meeting me hu confidential discussion hai, kal phone karna. kindly confirm",,0,3
callback_request_113,"Sunna Main audit meeting me hu confidential discussion hai, kal phone karna....",callback_request,"Sunna Main audit meeting me hu confidential discussion hai, kal phone karna.",,1,3
callback_request_113,"Dekho Main audit meeting me hu confidential discussion hai, kal phone karna. actually",callback_request,"Dekho Main audit meeting me hu confidential discussion hai, kal phone karna. actually",,0,3
callback_request_113,"Hello team, Main audit meeting me hu confidential discussion hai, kal phone karna.",callback_request,"Hello team, Main audit meeting me hu confidential discussion hai, kal phone karna.",,0,3
callback_request_114,Aapka connection cut ho gaya tha please call me back again.,callback_request,Aapka connection cut ho gaya tha please call me back again.,,0,3
callback_request_114,Arre Aapka connection cut ho gaya tha please call me back again. please,callback_request,Arre Aapka connection cut ho gaya tha please call me back again. please,,0,3
callback_request_114,"Hey, Aapka connection cut ho gaya tha please call me back again.!",callback_request,"Hey, Aapka connection cut ho gaya tha please call me back again.!",,0,3
callback_request_114,Bhai Aapka connection cut ho gaya tha please call me back again. jaldi batao,callback_request,Bhai Aapka connection cut ho gaya tha please call me back again. jaldi batao,,0,3
callback_request_114,Sir Aapka connection cut ho gaya tha please call me back again. kindly confirm,callback_request,Sir Aapka connection cut ho gaya tha please call me back again. kindly confirm,,0,3
callback_request_114,Sunna Aapka connection cut ho gaya tha please call me back again....,callback_request,Sunna Aapka connection cut ho gaya tha please call me back again.,,1,3
callback_request_114,Dekho Aapka connection cut ho gaya tha please call me back again. actually,callback_request,Dekho Aapka connection cut ho gaya tha please call me back again. actually,,0,3
callback_request_114,"Hello team, Aapka connection cut ho gaya tha please call me back again.",callback_request,"Hello team, Aapka connection cut ho gaya tha please call me back again.",,0,3
callback_request_115,"Main library me baitha hu shor allow nahi hai, baad me connect karo.",callback_request,"Main library me baitha hu shor allow nahi hai, baad me connect karo.",,0,3
callback_request_115,"Arre Main library me baitha hu shor allow nahi hai, baad me connect karo. please",callback_request,"Arre Main library me baitha hu shor allow nahi hai, baad me connect karo. please",,0,3
callback_request_115,"Hey, Main library me baitha hu shor allow nahi hai, baad me connect karo.!",callback_request,"Hey, Main library me baitha hu shor allow nahi hai, baad me connect karo.!",,0,3
callback_request_115,"Bhai Main library me baitha hu shor allow nahi hai, baad me connect karo. jaldi batao",callback_request,"Bhai Main library me baitha hu shor allow nahi hai, baad me connect karo. jaldi batao",,0,3
callback_request_115,"Sir Main library me baitha hu shor allow nahi hai, baad me connect karo. kindly confirm",callback_request,"Sir Main library me baitha hu shor allow nahi hai, baad me connect karo. kindly confirm",,0,3
callback_request_115,"Sunna Main library me baitha hu shor allow nahi hai, baad me connect karo....",callback_request,"Sunna Main library me baitha hu shor allow nahi hai, baad me connect karo.",,1,3
callback_request_115,"Dekho Main library me baitha hu shor allow nahi hai, baad me connect karo. actually",callback_request,"Dekho Main library me baitha hu shor allow nahi hai, baad me connect karo. actually",,0,3
callback_request_115,"Hello team, Main library me baitha hu shor allow nahi hai, baad me connect karo.",callback_request,"Hello team, Main library me baitha hu shor allow nahi hai, baad me connect karo.",,0,3
callback_request_118,Aap please kal morning 9:30 AM mujhe call back deliver karo.,callback_request,Aap please kal morning 9:30 AM mujhe call back deliver karo.,,0,3
callback_request_118,Arre Aap please kal morning 9:30 AM mujhe call back deliver karo. please,callback_request,Arre Aap please kal morning 9:30 AM mujhe call back deliver karo. please,,0,3
callback_request_118,"Hey, Aap please kal morning 9:30 AM mujhe call back deliver karo.!",callback_request,"Hey, Aap please kal morning 9:30 AM mujhe call back deliver karo.!",,0,3
callback_request_118,Bhai Aap please kal morning 9:30 AM mujhe call back deliver karo. jaldi batao,callback_request,Bhai Aap please kal morning 9:30 AM mujhe call back deliver karo. jaldi batao,,0,3
callback_request_118,Sir Aap please kal morning 9:30 AM mujhe call back deliver karo. kindly confirm,callback_request,Sir Aap please kal morning 9:30 AM mujhe call back deliver karo. kindly confirm,,0,3
callback_request_118,Sunna Aap please kal morning 9:30 AM mujhe call back deliver karo....,callback_request,Sunna Aap please kal morning 9:30 AM mujhe call back deliver karo.,,1,3
callback_request_118,Dekho Aap please kal morning 9:30 AM mujhe call back deliver karo. actually,callback_request,Dekho Aap please kal morning 9:30 AM mujhe call back deliver karo. actually,,0,3
callback_request_118,"Hello team, Aap please kal morning 9:30 AM mujhe call back deliver karo.",callback_request,"Hello team, Aap please kal morning 9:30 AM mujhe call back deliver karo.",,0,3
callback_request_119,"Main airport taxi me baitha hu, reaching home at 9 PM tab call karna.",callback_request,"Main airport taxi me baitha hu, reaching home at 9 PM tab call karna.",,0,3
callback_request_119,"Arre Main airport taxi me baitha hu, reaching home at 9 PM tab call karna. please",callback_request,"Arre Main airport taxi me baitha hu, reaching home at 9 PM tab call karna. please",,0,3
callback_request_119,"Hey, Main airport taxi me baitha hu, reaching home at 9 PM tab call karna.!",callback_request,"Hey, Main airport taxi me baitha hu, reaching home at 9 PM tab call karna.!",,0,3
callback_request_119,"Bhai Main airport taxi me baitha hu, reaching home at 9 PM tab call karna. jaldi batao",callback_request,"Bhai Main airport taxi me baitha hu, reaching home at 9 PM tab call karna. jaldi batao",,0,3
callback_request_119,"Sir Main airport taxi me baitha hu, reaching home at 9 PM tab call karna. kindly confirm",callback_request,"Sir Main airport taxi me baitha hu, reaching home at 9 PM tab call karna. kindly confirm",,0,3
callback_request_119,"Sunna Main airport taxi me baitha hu, reaching home at 9 PM tab call karna....",callback_request,"Sunna Main airport taxi me baitha hu, reaching home at 9 PM tab call karna.",,1,3
callback_request_119,"Dekho Main airport taxi me baitha hu, reaching home at 9 PM tab call karna. actually",callback_request,"Dekho Main airport taxi me baitha hu, reaching home at 9 PM tab call karna. actually",,0,3
callback_request_119,"Hello team, Main airport taxi me baitha hu, reaching home at 9 PM tab call karna.",callback_request,"Hello team, Main airport taxi me baitha hu, reaching home at 9 PM tab call karna.",,0,3
callback_request_120,"Call disconnect ho gayi thi accidentally, please dial again.",callback_request,"Call disconnect ho gayi thi accidentally, please dial again.",,0,3
callback_request_120,"Arre Call disconnect ho gayi thi accidentally, please dial again. please",callback_request,"Arre Call disconnect ho gayi thi accidentally, please dial again. please",,0,3
callback_request_120,"Hey, Call disconnect ho gayi thi accidentally, please dial again.!",callback_request,"Hey, Call disconnect ho gayi thi accidentally, please dial again.!",,0,3
callback_request_120,"Bhai Call disconnect ho gayi thi accidentally, please dial again. jaldi batao",callback_request,"Bhai Call disconnect ho gayi thi accidentally, please dial again. jaldi batao",,0,3
callback_request_120,"Sir Call disconnect ho gayi thi accidentally, please dial again. kindly confirm",callback_request,"Sir Call disconnect ho gayi thi accidentally, please dial again. kindly confirm",,0,3
callback_request_120,"Sunna Call disconnect ho gayi thi accidentally, please dial again....",callback_request,"Sunna Call disconnect ho gayi thi accidentally, please dial again.",,1,3
callback_request_120,"Dekho Call disconnect ho gayi thi accidentally, please dial again. actually",callback_request,"Dekho Call disconnect ho gayi thi accidentally, please dial again. actually",,0,3
callback_request_120,"Hello team, Call disconnect ho gayi thi accidentally, please dial again.",callback_request,"Hello team, Call disconnect ho gayi thi accidentally, please dial again.",,0,3
callback_request_124,Please follow up with me on Friday morning at 10:00 AM.,callback_request,Please follow up with me on Friday morning at 10:00 AM.,,0,3
callback_request_124,Arre Please follow up with me on Friday morning at 10:00 AM. please,callback_request,Arre Please follow up with me on Friday morning at 10:00 AM. please,,0,3
callback_request_124,"Hey, Please follow up with me on Friday morning at 10:00 AM.!",callback_request,"Hey, Please follow up with me on Friday morning at 10:00 AM.!",,0,3
callback_request_124,Bhai Please follow up with me on Friday morning at 10:00 AM. jaldi batao,callback_request,Bhai Please follow up with me on Friday morning at 10:00 AM. jaldi batao,,0,3
callback_request_124,Sir Please follow up with me on Friday morning at 10:00 AM. kindly confirm,callback_request,Sir Please follow up with me on Friday morning at 10:00 AM. kindly confirm,,0,3
callback_request_124,Sunna Please follow up with me on Friday morning at 10:00 AM....,callback_request,Sunna Please follow up with me on Friday morning at 10:00 AM.,,1,3
callback_request_124,Dekho Please follow up with me on Friday morning at 10:00 AM. actually,callback_request,Dekho Please follow up with me on Friday morning at 10:00 AM. actually,,0,3
callback_request_124,"Hello team, Please follow up with me on Friday morning at 10:00 AM.",callback_request,"Hello team, Please follow up with me on Friday morning at 10:00 AM.",,0,3
callback_request_126,"Aap meri request note karo, kal evening 6:30 PM call scheduled rakhna.",callback_request,"Aap meri request note karo, kal evening 6:30 PM call scheduled rakhna.",,0,3
callback_request_126,"Arre Aap meri request note karo, kal evening 6:30 PM call scheduled rakhna. please",callback_request,"Arre Aap meri request note karo, kal evening 6:30 PM call scheduled rakhna. please",,0,3
callback_request_126,"Hey, Aap meri request note karo, kal evening 6:30 PM call scheduled rakhna.!",callback_request,"Hey, Aap meri request note karo, kal evening 6:30 PM call scheduled rakhna.!",,0,3
callback_request_126,"Bhai Aap meri request note karo, kal evening 6:30 PM call scheduled rakhna. jaldi batao",callback_request,"Bhai Aap meri request note karo, kal evening 6:30 PM call scheduled rakhna. jaldi batao",,0,3
callback_request_126,"Sir Aap meri request note karo, kal evening 6:30 PM call scheduled rakhna. kindly confirm",callback_request,"Sir Aap meri request note karo, kal evening 6:30 PM call scheduled rakhna. kindly confirm",,0,3
callback_request_126,"Sunna Aap meri request note karo, kal evening 6:30 PM call scheduled rakhna....",callback_request,"Sunna Aap meri request note karo, kal evening 6:30 PM call scheduled rakhna.",,1,3
callback_request_126,"Dekho Aap meri request note karo, kal evening 6:30 PM call scheduled rakhna. actually",callback_request,"Dekho Aap meri request note karo, kal evening 6:30 PM call scheduled rakhna. actually",,0,3
callback_request_126,"Hello team, Aap meri request note karo, kal evening 6:30 PM call scheduled rakhna.",callback_request,"Hello team, Aap meri request note karo, kal evening 6:30 PM call scheduled rakhna.",,0,3
callback_request_127,"Main important billing clear kar raha hu, 10 min baad callback do.",callback_request,"Main important billing clear kar raha hu, 10 min baad callback do.",,0,3
callback_request_127,"Arre Main important billing clear kar raha hu, 10 min baad callback do. please",callback_request,"Arre Main important billing clear kar raha hu, 10 min baad callback do. please",,0,3
callback_request_127,"Hey, Main important billing clear kar raha hu, 10 min baad callback do.!",callback_request,"Hey, Main important billing clear kar raha hu, 10 min baad callback do.!",,0,3
callback_request_127,"Bhai Main important billing clear kar raha hu, 10 min baad callback do. jaldi batao",callback_request,"Bhai Main important billing clear kar raha hu, 10 min baad callback do. jaldi batao",,0,3
callback_request_127,"Sir Main important billing clear kar raha hu, 10 min baad callback do. kindly confirm",callback_request,"Sir Main important billing clear kar raha hu, 10 min baad callback do. kindly confirm",,0,3
callback_request_127,"Sunna Main important billing clear kar raha hu, 10 min baad callback do....",callback_request,"Sunna Main important billing clear kar raha hu, 10 min baad callback do.",,1,3
callback_request_127,"Dekho Main important billing clear kar raha hu, 10 min baad callback do. actually",callback_request,"Dekho Main important billing clear kar raha hu, 10 min baad callback do. actually",,0,3
callback_request_127,"Hello team, Main important billing clear kar raha hu, 10 min baad callback do.",callback_request,"Hello team, Main important billing clear kar raha hu, 10 min baad callback do.",,0,3
callback_request_128,Can we reschedule this call to tomorrow second half?,callback_request,Can we reschedule this call to tomorrow second half?,,0,3
callback_request_128,Arre Can we reschedule this call to tomorrow second half? please,callback_request,Arre Can we reschedule this call to tomorrow second half? please,,0,3
callback_request_128,"Hey, Can we reschedule this call to tomorrow second half?!",callback_request,"Hey, Can we reschedule this call to tomorrow second half?!",,0,3
callback_request_128,Bhai Can we reschedule this call to tomorrow second half? jaldi batao,callback_request,Bhai Can we reschedule this call to tomorrow second half? jaldi batao,,0,3
callback_request_128,Sir Can we reschedule this call to tomorrow second half? kindly confirm,callback_request,Sir Can we reschedule this call to tomorrow second half? kindly confirm,,0,3
callback_request_128,Sunna Can we reschedule this call to tomorrow second half?...,callback_request,Sunna Can we reschedule this call to tomorrow second half?.,,1,3
callback_request_128,Dekho Can we reschedule this call to tomorrow second half? actually,callback_request,Dekho Can we reschedule this call to tomorrow second half? actually,,0,3
callback_request_128,"Hello team, Can we reschedule this call to tomorrow second half?",callback_request,"Hello team, Can we reschedule this call to tomorrow second half?",,0,3
callback_request_130,Aapka agent kal connect kare Sunday ko 11 AM.,callback_request,Aapka agent kal connect kare Sunday ko 11 AM.,,0,3
callback_request_130,Arre Aapka agent kal connect kare Sunday ko 11 AM. please,callback_request,Arre Aapka agent kal connect kare Sunday ko 11 AM. please,,0,3
callback_request_130,"Hey, Aapka agent kal connect kare Sunday ko 11 AM.!",callback_request,"Hey, Aapka agent kal connect kare Sunday ko 11 AM.!",,0,3
callback_request_130,Bhai Aapka agent kal connect kare Sunday ko 11 AM. jaldi batao,callback_request,Bhai Aapka agent kal connect kare Sunday ko 11 AM. jaldi batao,,0,3
callback_request_130,Sir Aapka agent kal connect kare Sunday ko 11 AM. kindly confirm,callback_request,Sir Aapka agent kal connect kare Sunday ko 11 AM. kindly confirm,,0,3
callback_request_130,Sunna Aapka agent kal connect kare Sunday ko 11 AM....,callback_request,Sunna Aapka agent kal connect kare Sunday ko 11 AM.,,1,3
callback_request_130,Dekho Aapka agent kal connect kare Sunday ko 11 AM. actually,callback_request,Dekho Aapka agent kal connect kare Sunday ko 11 AM. actually,,0,3
callback_request_130,"Hello team, Aapka agent kal connect kare Sunday ko 11 AM.",callback_request,"Hello team, Aapka agent kal connect kare Sunday ko 11 AM.",,0,3
callback_request_132,Please register callback for tomorrow 3 PM sharp.,callback_request,Please register callback for tomorrow 3 PM sharp.,,0,3
callback_request_132,Arre Please register callback for tomorrow 3 PM sharp. please,callback_request,Arre Please register callback for tomorrow 3 PM sharp. please,,0,3
callback_request_132,"Hey, Please register callback for tomorrow 3 PM sharp.!",callback_request,"Hey, Please register callback for tomorrow 3 PM sharp.!",,0,3
callback_request_132,Bhai Please register callback for tomorrow 3 PM sharp. jaldi batao,callback_request,Bhai Please register callback for tomorrow 3 PM sharp. jaldi batao,,0,3
callback_request_132,Sir Please register callback for tomorrow 3 PM sharp. kindly confirm,callback_request,Sir Please register callback for tomorrow 3 PM sharp. kindly confirm,,0,3
callback_request_132,Sunna Please register callback for tomorrow 3 PM sharp....,callback_request,Sunna Please register callback for tomorrow 3 PM sharp.,,1,3
callback_request_132,Dekho Please register callback for tomorrow 3 PM sharp. actually,callback_request,Dekho Please register callback for tomorrow 3 PM sharp. actually,,0,3
callback_request_132,"Hello team, Please register callback for tomorrow 3 PM sharp.",callback_request,"Hello team, Please register callback for tomorrow 3 PM sharp.",,0,3
callback_request_133,"Main doctor cabin ke bahar wait kar raha hu, call me in 45 mins.",callback_request,"Main doctor cabin ke bahar wait kar raha hu, call me in 45 mins.",,0,3
callback_request_133,"Arre Main doctor cabin ke bahar wait kar raha hu, call me in 45 mins. please",callback_request,"Arre Main doctor cabin ke bahar wait kar raha hu, call me in 45 mins. please",,0,3
callback_request_133,"Hey, Main doctor cabin ke bahar wait kar raha hu, call me in 45 mins.!",callback_request,"Hey, Main doctor cabin ke bahar wait kar raha hu, call me in 45 mins.!",,0,3
callback_request_133,"Bhai Main doctor cabin ke bahar wait kar raha hu, call me in 45 mins. jaldi batao",callback_request,"Bhai Main doctor cabin ke bahar wait kar raha hu, call me in 45 mins. jaldi batao",,0,3
callback_request_133,"Sir Main doctor cabin ke bahar wait kar raha hu, call me in 45 mins. kindly confirm",callback_request,"Sir Main doctor cabin ke bahar wait kar raha hu, call me in 45 mins. kindly confirm",,0,3
callback_request_133,"Sunna Main doctor cabin ke bahar wait kar raha hu, call me in 45 mins....",callback_request,"Sunna Main doctor cabin ke bahar wait kar raha hu, call me in 45 mins.",,1,3
callback_request_133,"Dekho Main doctor cabin ke bahar wait kar raha hu, call me in 45 mins. actually",callback_request,"Dekho Main doctor cabin ke bahar wait kar raha hu, call me in 45 mins. actually",,0,3
callback_request_133,"Hello team, Main doctor cabin ke bahar wait kar raha hu, call me in 45 mins.",callback_request,"Hello team, Main doctor cabin ke bahar wait kar raha hu, call me in 45 mins.",,0,3
callback_request_134,Aap mujhe sham ko relax time pe 7 PM phone kariyega.,callback_request,Aap mujhe sham ko relax time pe 7 PM phone kariyega.,,0,3
callback_request_134,Arre Aap mujhe sham ko relax time pe 7 PM phone kariyega. please,callback_request,Arre Aap mujhe sham ko relax time pe 7 PM phone kariyega. please,,0,3
callback_request_134,"Hey, Aap mujhe sham ko relax time pe 7 PM phone kariyega.!",callback_request,"Hey, Aap mujhe sham ko relax time pe 7 PM phone kariyega.!",,0,3
callback_request_134,Bhai Aap mujhe sham ko relax time pe 7 PM phone kariyega. jaldi batao,callback_request,Bhai Aap mujhe sham ko relax time pe 7 PM phone kariyega. jaldi batao,,0,3
callback_request_134,Sir Aap mujhe sham ko relax time pe 7 PM phone kariyega. kindly confirm,callback_request,Sir Aap mujhe sham ko relax time pe 7 PM phone kariyega. kindly confirm,,0,3
callback_request_134,Sunna Aap mujhe sham ko relax time pe 7 PM phone kariyega....,callback_request,Sunna Aap mujhe sham ko relax time pe 7 PM phone kariyega.,,1,3
callback_request_134,Dekho Aap mujhe sham ko relax time pe 7 PM phone kariyega. actually,callback_request,Dekho Aap mujhe sham ko relax time pe 7 PM phone kariyega. actually,,0,3
callback_request_134,"Hello team, Aap mujhe sham ko relax time pe 7 PM phone kariyega.",callback_request,"Hello team, Aap mujhe sham ko relax time pe 7 PM phone kariyega.",,0,3
callback_request_136,"Call dropped due to poor coverage, call me back now.",callback_request,"Call dropped due to poor coverage, call me back now.",,0,3
callback_request_136,"Arre Call dropped due to poor coverage, call me back now. please",callback_request,"Arre Call dropped due to poor coverage, call me back now. please",,0,3
callback_request_136,"Hey, Call dropped due to poor coverage, call me back now.!",callback_request,"Hey, Call dropped due to poor coverage, call me back now.!",,0,3
callback_request_136,"Bhai Call dropped due to poor coverage, call me back now. jaldi batao",callback_request,"Bhai Call dropped due to poor coverage, call me back now. jaldi batao",,0,3
callback_request_136,"Sir Call dropped due to poor coverage, call me back now. kindly confirm",callback_request,"Sir Call dropped due to poor coverage, call me back now. kindly confirm",,0,3
callback_request_136,"Sunna Call dropped due to poor coverage, call me back now....",callback_request,"Sunna Call dropped due to poor coverage, call me back now.",,1,3
callback_request_136,"Dekho Call dropped due to poor coverage, call me back now. actually",callback_request,"Dekho Call dropped due to poor coverage, call me back now. actually",,0,3
callback_request_136,"Hello team, Call dropped due to poor coverage, call me back now.",callback_request,"Hello team, Call dropped due to poor coverage, call me back now.",,0,3
callback_request_137,"Main online exam de raha hu abhi bilkul disturb mat karo, 5 PM call karna.",callback_request,"Main online exam de raha hu abhi bilkul disturb mat karo, 5 PM call karna.",,0,3
callback_request_137,"Arre Main online exam de raha hu abhi bilkul disturb mat karo, 5 PM call karna. please",callback_request,"Arre Main online exam de raha hu abhi bilkul disturb mat karo, 5 PM call karna. please",,0,3
callback_request_137,"Hey, Main online exam de raha hu abhi bilkul disturb mat karo, 5 PM call karna.!",callback_request,"Hey, Main online exam de raha hu abhi bilkul disturb mat karo, 5 PM call karna.!",,0,3
callback_request_137,"Bhai Main online exam de raha hu abhi bilkul disturb mat karo, 5 PM call karna. jaldi batao",callback_request,"Bhai Main online exam de raha hu abhi bilkul disturb mat karo, 5 PM call karna. jaldi batao",,0,3
callback_request_137,"Sir Main online exam de raha hu abhi bilkul disturb mat karo, 5 PM call karna. kindly confirm",callback_request,"Sir Main online exam de raha hu abhi bilkul disturb mat karo, 5 PM call karna. kindly confirm",,0,3
callback_request_137,"Sunna Main online exam de raha hu abhi bilkul disturb mat karo, 5 PM call karna....",callback_request,"Sunna Main online exam de raha hu abhi bilkul disturb mat karo, 5 PM call karna.",,1,3
callback_request_137,"Dekho Main online exam de raha hu abhi bilkul disturb mat karo, 5 PM call karna. actually",callback_request,"Dekho Main online exam de raha hu abhi bilkul disturb mat karo, 5 PM call karna. actually",,0,3
callback_request_137,"Hello team, Main online exam de raha hu abhi bilkul disturb mat karo, 5 PM call karna.",callback_request,"Hello team, Main online exam de raha hu abhi bilkul disturb mat karo, 5 PM call karna.",,0,3
callback_request_139,"Main car drive kar raha hu traffic me, call me after 20 mins.",callback_request,"Main car drive kar raha hu traffic me, call me after 20 mins.",,0,3
callback_request_139,"Arre Main car drive kar raha hu traffic me, call me after 20 mins. please",callback_request,"Arre Main car drive kar raha hu traffic me, call me after 20 mins. please",,0,3
callback_request_139,"Hey, Main car drive kar raha hu traffic me, call me after 20 mins.!",callback_request,"Hey, Main car drive kar raha hu traffic me, call me after 20 mins.!",,0,3
callback_request_139,"Bhai Main car drive kar raha hu traffic me, call me after 20 mins. jaldi batao",callback_request,"Bhai Main car drive kar raha hu traffic me, call me after 20 mins. jaldi batao",,0,3
callback_request_139,"Sir Main car drive kar raha hu traffic me, call me after 20 mins. kindly confirm",callback_request,"Sir Main car drive kar raha hu traffic me, call me after 20 mins. kindly confirm",,0,3
callback_request_139,"Sunna Main car drive kar raha hu traffic me, call me after 20 mins....",callback_request,"Sunna Main car drive kar raha hu traffic me, call me after 20 mins.",,1,3
callback_request_139,"Dekho Main car drive kar raha hu traffic me, call me after 20 mins. actually",callback_request,"Dekho Main car drive kar raha hu traffic me, call me after 20 mins. actually",,0,3
callback_request_139,"Hello team, Main car drive kar raha hu traffic me, call me after 20 mins.",callback_request,"Hello team, Main car drive kar raha hu traffic me, call me after 20 mins.",,0,3
not_interested_001,"Mujhe nahi chahiye koi bhi loan ya credit card, don't call me again.",not_interested,"Mujhe nahi chahiye koi bhi loan ya credit card, don't call me again.",,0,4
not_interested_001,"Arre Mujhe nahi chahiye koi bhi loan ya credit card, don't call me again. please",not_interested,"Arre Mujhe nahi chahiye koi bhi loan ya credit card, don't call me again. please",,0,4
not_interested_001,"Hey, Mujhe nahi chahiye koi bhi loan ya credit card, don't call me again.!",not_interested,"Hey, Mujhe nahi chahiye koi bhi loan ya credit card, don't call me again.!",,0,4
not_interested_001,"Bhai Mujhe nahi chahiye koi bhi loan ya credit card, don't call me again. jaldi batao",not_interested,"Bhai Mujhe nahi chahiye koi bhi loan ya credit card, don't call me again. jaldi batao",,0,4
not_interested_001,"Sir Mujhe nahi chahiye koi bhi loan ya credit card, don't call me again. kindly confirm",not_interested,"Sir Mujhe nahi chahiye koi bhi loan ya credit card, don't call me again. kindly confirm",,0,4
not_interested_001,"Sunna Mujhe nahi chahiye koi bhi loan ya credit card, don't call me again....",not_interested,"Sunna Mujhe nahi chahiye koi bhi loan ya credit card, don't call me again.",,1,4
not_interested_001,"Dekho Mujhe nahi chahiye koi bhi loan ya credit card, don't call me again. actually",not_interested,"Dekho Mujhe nahi chahiye koi bhi loan ya credit card, don't call me again. actually",,0,4
not_interested_001,"Hello team, Mujhe nahi chahiye koi bhi loan ya credit card, don't call me again.",not_interested,"Hello team, Mujhe nahi chahiye koi bhi loan ya credit card, don't call me again.",,0,4
not_interested_002,"Not interested at all, please remove my mobile number from your database.",not_interested,"Not interested at all, please remove my mobile number from your database.",,0,4
not_interested_002,"Arre Not interested at all, please remove my mobile number from your database. please",not_interested,"Arre Not interested at all, please remove my mobile number from your database. please",,0,4
not_interested_002,"Hey, Not interested at all, please remove my mobile number from your database.!",not_interested,"Hey, Not interested at all, please remove my mobile number from your database.!",,0,4
not_interested_002,"Bhai Not interested at all, please remove my mobile number from your database. jaldi batao",not_interested,"Bhai Not interested at all, please remove my mobile number from your database. jaldi batao",,0,4
not_interested_002,"Sir Not interested at all, please remove my mobile number from your database. kindly confirm",not_interested,"Sir Not interested at all, please remove my mobile number from your database. kindly confirm",,0,4
not_interested_002,"Sunna Not interested at all, please remove my mobile number from your database....",not_interested,"Sunna Not interested at all, please remove my mobile number from your database.",,1,4
not_interested_002,"Dekho Not interested at all, please remove my mobile number from your database. actually",not_interested,"Dekho Not interested at all, please remove my mobile number from your database. actually",,0,4
not_interested_002,"Hello team, Not interested at all, please remove my mobile number from your database.",not_interested,"Hello team, Not interested at all, please remove my mobile number from your database.",,0,4
not_interested_003,"Aap log bar bar phone karke pareshan mat karo, DND activate kar do.",not_interested,"Aap log bar bar phone karke pareshan mat karo, DND activate kar do.",,0,4
not_interested_003,"Arre Aap log bar bar phone karke pareshan mat karo, DND activate kar do. please",not_interested,"Arre Aap log bar bar phone karke pareshan mat karo, DND activate kar do. please",,0,4
not_interested_003,"Hey, Aap log bar bar phone karke pareshan mat karo, DND activate kar do.!",not_interested,"Hey, Aap log bar bar phone karke pareshan mat karo, DND activate kar do.!",,0,4
not_interested_003,"Bhai Aap log bar bar phone karke pareshan mat karo, DND activate kar do. jaldi batao",not_interested,"Bhai Aap log bar bar phone karke pareshan mat karo, DND activate kar do. jaldi batao",,0,4
not_interested_003,"Sir Aap log bar bar phone karke pareshan mat karo, DND activate kar do. kindly confirm",not_interested,"Sir Aap log bar bar phone karke pareshan mat karo, DND activate kar do. kindly confirm",,0,4
not_interested_003,"Sunna Aap log bar bar phone karke pareshan mat karo, DND activate kar do....",not_interested,"Sunna Aap log bar bar phone karke pareshan mat karo, DND activate kar do.",,1,4
not_interested_003,"Dekho Aap log bar bar phone karke pareshan mat karo, DND activate kar do. actually",not_interested,"Dekho Aap log bar bar phone karke pareshan mat karo, DND activate kar do. actually",,0,4
not_interested_003,"Hello team, Aap log bar bar phone karke pareshan mat karo, DND activate kar do.",not_interested,"Hello team, Aap log bar bar phone karke pareshan mat karo, DND activate kar do.",,0,4
not_interested_004,Mere paas already ye service hai aur main bilkul satisfied hu usse.,not_interested,Mere paas already ye service hai aur main bilkul satisfied hu usse.,,0,4
not_interested_004,Arre Mere paas already ye service hai aur main bilkul satisfied hu usse. please,not_interested,Arre Mere paas already ye service hai aur main bilkul satisfied hu usse. please,,0,4
not_interested_004,"Hey, Mere paas already ye service hai aur main bilkul satisfied hu usse.!",not_interested,"Hey, Mere paas already ye service hai aur main bilkul satisfied hu usse.!",,0,4
not_interested_004,Bhai Mere paas already ye service hai aur main bilkul satisfied hu usse. jaldi batao,not_interested,Bhai Mere paas already ye service hai aur main bilkul satisfied hu usse. jaldi batao,,0,4
not_interested_004,Sir Mere paas already ye service hai aur main bilkul satisfied hu usse. kindly confirm,not_interested,Sir Mere paas already ye service hai aur main bilkul satisfied hu usse. kindly confirm,,0,4
not_interested_004,Sunna Mere paas already ye service hai aur main bilkul satisfied hu usse....,not_interested,Sunna Mere paas already ye service hai aur main bilkul satisfied hu usse.,,1,4
not_interested_004,Dekho Mere paas already ye service hai aur main bilkul satisfied hu usse. actually,not_interested,Dekho Mere paas already ye service hai aur main bilkul satisfied hu usse. actually,,0,4
not_interested_004,"Hello team, Mere paas already ye service hai aur main bilkul satisfied hu usse.",not_interested,"Hello team, Mere paas already ye service hai aur main bilkul satisfied hu usse.",,0,4
not_interested_005,Mujhe kisi bhi course ya training me koi interest nahi hai.,not_interested,Mujhe kisi bhi course ya training me koi interest nahi hai.,,0,4
not_interested_005,Arre Mujhe kisi bhi course ya training me koi interest nahi hai. please,not_interested,Arre Mujhe kisi bhi course ya training me koi interest nahi hai. please,,0,4
not_interested_005,"Hey, Mujhe kisi bhi course ya training me koi interest nahi hai.!",not_interested,"Hey, Mujhe kisi bhi course ya training me koi interest nahi hai.!",,0,4
not_interested_005,Bhai Mujhe kisi bhi course ya training me koi interest nahi hai. jaldi batao,not_interested,Bhai Mujhe kisi bhi course ya training me koi interest nahi hai. jaldi batao,,0,4
not_interested_005,Sir Mujhe kisi bhi course ya training me koi interest nahi hai. kindly confirm,not_interested,Sir Mujhe kisi bhi course ya training me koi interest nahi hai. kindly confirm,,0,4
not_interested_005,Sunna Mujhe kisi bhi course ya training me koi interest nahi hai....,not_interested,Sunna Mujhe kisi bhi course ya training me koi interest nahi hai.,,1,4
not_interested_005,Dekho Mujhe kisi bhi course ya training me koi interest nahi hai. actually,not_interested,Dekho Mujhe kisi bhi course ya training me koi interest nahi hai. actually,,0,4
not_interested_005,"Hello team, Mujhe kisi bhi course ya training me koi interest nahi hai.",not_interested,"Hello team, Mujhe kisi bhi course ya training me koi interest nahi hai.",,0,4
not_interested_006,"Please apna promotion band karo, mujhe koi requirement nahi hai.",not_interested,"Please apna promotion band karo, mujhe koi requirement nahi hai.",,0,4
not_interested_006,"Arre Please apna promotion band karo, mujhe koi requirement nahi hai. please",not_interested,"Arre Please apna promotion band karo, mujhe koi requirement nahi hai. please",,0,4
not_interested_006,"Hey, Please apna promotion band karo, mujhe koi requirement nahi hai.!",not_interested,"Hey, Please apna promotion band karo, mujhe koi requirement nahi hai.!",,0,4
not_interested_006,"Bhai Please apna promotion band karo, mujhe koi requirement nahi hai. jaldi batao",not_interested,"Bhai Please apna promotion band karo, mujhe koi requirement nahi hai. jaldi batao",,0,4
not_interested_006,"Sir Please apna promotion band karo, mujhe koi requirement nahi hai. kindly confirm",not_interested,"Sir Please apna promotion band karo, mujhe koi requirement nahi hai. kindly confirm",,0,4
not_interested_006,"Sunna Please apna promotion band karo, mujhe koi requirement nahi hai....",not_interested,"Sunna Please apna promotion band karo, mujhe koi requirement nahi hai.",,1,4
not_interested_006,"Dekho Please apna promotion band karo, mujhe koi requirement nahi hai. actually",not_interested,"Dekho Please apna promotion band karo, mujhe koi requirement nahi hai. actually",,0,4
not_interested_006,"Hello team, Please apna promotion band karo, mujhe koi requirement nahi hai.",not_interested,"Hello team, Please apna promotion band karo, mujhe koi requirement nahi hai.",,0,4
not_interested_010,"Filhal koi investment plan nahi hai mera, please stop calling.",not_interested,"Filhal koi investment plan nahi hai mera, please stop calling.",,0,4
not_interested_010,"Arre Filhal koi investment plan nahi hai mera, please stop calling. please",not_interested,"Arre Filhal koi investment plan nahi hai mera, please stop calling. please",,0,4
not_interested_010,"Hey, Filhal koi investment plan nahi hai mera, please stop calling.!",not_interested,"Hey, Filhal koi investment plan nahi hai mera, please stop calling.!",,0,4
not_interested_010,"Bhai Filhal koi investment plan nahi hai mera, please stop calling. jaldi batao",not_interested,"Bhai Filhal koi investment plan nahi hai mera, please stop calling. jaldi batao",,0,4
not_interested_010,"Sir Filhal koi investment plan nahi hai mera, please stop calling. kindly confirm",not_interested,"Sir Filhal koi investment plan nahi hai mera, please stop calling. kindly confirm",,0,4
not_interested_010,"Sunna Filhal koi investment plan nahi hai mera, please stop calling....",not_interested,"Sunna Filhal koi investment plan nahi hai mera, please stop calling.",,1,4
not_interested_010,"Dekho Filhal koi investment plan nahi hai mera, please stop calling. actually",not_interested,"Dekho Filhal koi investment plan nahi hai mera, please stop calling. actually",,0,4
not_interested_010,"Hello team, Filhal koi investment plan nahi hai mera, please stop calling.",not_interested,"Hello team, Filhal koi investment plan nahi hai mera, please stop calling.",,0,4
not_interested_011,"Mujhe property nahi kharidni hai, wrong number pe call kiya hai.",not_interested,"Mujhe property nahi kharidni hai, wrong number pe call kiya hai.",,0,4
not_interested_011,"Arre Mujhe property nahi kharidni hai, wrong number pe call kiya hai. please",not_interested,"Arre Mujhe property nahi kharidni hai, wrong number pe call kiya hai. please",,0,4
not_interested_011,"Hey, Mujhe property nahi kharidni hai, wrong number pe call kiya hai.!",not_interested,"Hey, Mujhe property nahi kharidni hai, wrong number pe call kiya hai.!",,0,4
not_interested_011,"Bhai Mujhe property nahi kharidni hai, wrong number pe call kiya hai. jaldi batao",not_interested,"Bhai Mujhe property nahi kharidni hai, wrong number pe call kiya hai. jaldi batao",,0,4
not_interested_011,"Sir Mujhe property nahi kharidni hai, wrong number pe call kiya hai. kindly confirm",not_interested,"Sir Mujhe property nahi kharidni hai, wrong number pe call kiya hai. kindly confirm",,0,4
not_interested_011,"Sunna Mujhe property nahi kharidni hai, wrong number pe call kiya hai....",not_interested,"Sunna Mujhe property nahi kharidni hai, wrong number pe call kiya hai.",,1,4
not_interested_011,"Dekho Mujhe property nahi kharidni hai, wrong number pe call kiya hai. actually",not_interested,"Dekho Mujhe property nahi kharidni hai, wrong number pe call kiya hai. actually",,0,4
not_interested_011,"Hello team, Mujhe property nahi kharidni hai, wrong number pe call kiya hai.",not_interested,"Hello team, Mujhe property nahi kharidni hai, wrong number pe call kiya hai.",,0,4
not_interested_012,Do not disturb list me daal do mera contact.,not_interested,Do not disturb list me daal do mera contact.,,0,4
not_interested_012,Arre Do not disturb list me daal do mera contact. please,not_interested,Arre Do not disturb list me daal do mera contact. please,,0,4
not_interested_012,"Hey, Do not disturb list me daal do mera contact.!",not_interested,"Hey, Do not disturb list me daal do mera contact.!",,0,4
not_interested_012,Bhai Do not disturb list me daal do mera contact. jaldi batao,not_interested,Bhai Do not disturb list me daal do mera contact. jaldi batao,,0,4
not_interested_012,Sir Do not disturb list me daal do mera contact. kindly confirm,not_interested,Sir Do not disturb list me daal do mera contact. kindly confirm,,0,4
not_interested_012,Sunna Do not disturb list me daal do mera contact....,not_interested,Sunna Do not disturb list me daal do mera contact.,,1,4
not_interested_012,Dekho Do not disturb list me daal do mera contact. actually,not_interested,Dekho Do not disturb list me daal do mera contact. actually,,0,4
not_interested_012,"Hello team, Do not disturb list me daal do mera contact.",not_interested,"Hello team, Do not disturb list me daal do mera contact.",,0,4
not_interested_013,"Sir bilkul interested nahi hu, time waste mat kijiye.",not_interested,"Sir bilkul interested nahi hu, time waste mat kijiye.",,0,4
not_interested_013,"Arre Sir bilkul interested nahi hu, time waste mat kijiye. please",not_interested,"Arre Sir bilkul interested nahi hu, time waste mat kijiye. please",,0,4
not_interested_013,"Hey, Sir bilkul interested nahi hu, time waste mat kijiye.!",not_interested,"Hey, Sir bilkul interested nahi hu, time waste mat kijiye.!",,0,4
not_interested_013,"Bhai Sir bilkul interested nahi hu, time waste mat kijiye. jaldi batao",not_interested,"Bhai Sir bilkul interested nahi hu, time waste mat kijiye. jaldi batao",,0,4
not_interested_013,"Sir Sir bilkul interested nahi hu, time waste mat kijiye. kindly confirm",not_interested,"Sir Sir bilkul interested nahi hu, time waste mat kijiye. kindly confirm",,0,4
not_interested_013,"Sunna Sir bilkul interested nahi hu, time waste mat kijiye....",not_interested,"Sunna Sir bilkul interested nahi hu, time waste mat kijiye.",,1,4
not_interested_013,"Dekho Sir bilkul interested nahi hu, time waste mat kijiye. actually",not_interested,"Dekho Sir bilkul interested nahi hu, time waste mat kijiye. actually",,0,4
not_interested_013,"Hello team, Sir bilkul interested nahi hu, time waste mat kijiye.",not_interested,"Hello team, Sir bilkul interested nahi hu, time waste mat kijiye.",,0,4
not_interested_015,Kitni baar bolu nahi chahiye aapka product!,not_interested,Kitni baar bolu nahi chahiye aapka product!,,0,4
not_interested_015,Arre Kitni baar bolu nahi chahiye aapka product! please,not_interested,Arre Kitni baar bolu nahi chahiye aapka product! please,,0,4
not_interested_015,"Hey, Kitni baar bolu nahi chahiye aapka product!!",not_interested,"Hey, Kitni baar bolu nahi chahiye aapka product!",,1,4
not_interested_015,Bhai Kitni baar bolu nahi chahiye aapka product! jaldi batao,not_interested,Bhai Kitni baar bolu nahi chahiye aapka product! jaldi batao,,0,4
not_interested_015,Sir Kitni baar bolu nahi chahiye aapka product! kindly confirm,not_interested,Sir Kitni baar bolu nahi chahiye aapka product! kindly confirm,,0,4
not_interested_015,Sunna Kitni baar bolu nahi chahiye aapka product!...,not_interested,Sunna Kitni baar bolu nahi chahiye aapka product!.,,1,4
not_interested_015,Dekho Kitni baar bolu nahi chahiye aapka product! actually,not_interested,Dekho Kitni baar bolu nahi chahiye aapka product! actually,,0,4
not_interested_015,"Hello team, Kitni baar bolu nahi chahiye aapka product!",not_interested,"Hello team, Kitni baar bolu nahi chahiye aapka product!",,0,4
not_interested_016,Main already doosre company ka broadband use kar raha hu mujhe switch nahi karna.,not_interested,Main already doosre company ka broadband use kar raha hu mujhe switch nahi karna.,,0,4
not_interested_016,Arre Main already doosre company ka broadband use kar raha hu mujhe switch nahi karna. please,not_interested,Arre Main already doosre company ka broadband use kar raha hu mujhe switch nahi karna. please,,0,4
not_interested_016,"Hey, Main already doosre company ka broadband use kar raha hu mujhe switch nahi karna.!",not_interested,"Hey, Main already doosre company ka broadband use kar raha hu mujhe switch nahi karna.!",,0,4
not_interested_016,Bhai Main already doosre company ka broadband use kar raha hu mujhe switch nahi karna. jaldi batao,not_interested,Bhai Main already doosre company ka broadband use kar raha hu mujhe switch nahi karna. jaldi batao,,0,4
not_interested_016,Sir Main already doosre company ka broadband use kar raha hu mujhe switch nahi karna. kindly confirm,not_interested,Sir Main already doosre company ka broadband use kar raha hu mujhe switch nahi karna. kindly confirm,,0,4
not_interested_016,Sunna Main already doosre company ka broadband use kar raha hu mujhe switch nahi karna....,not_interested,Sunna Main already doosre company ka broadband use kar raha hu mujhe switch nahi karna.,,1,4
not_interested_016,Dekho Main already doosre company ka broadband use kar raha hu mujhe switch nahi karna. actually,not_interested,Dekho Main already doosre company ka broadband use kar raha hu mujhe switch nahi karna. actually,,0,4
not_interested_016,"Hello team, Main already doosre company ka broadband use kar raha hu mujhe switch nahi karna.",not_interested,"Hello team, Main already doosre company ka broadband use kar raha hu mujhe switch nahi karna.",,0,4
not_interested_019,"Nahi lena kuch bhi, disconnect the call.",not_interested,"Nahi lena kuch bhi, disconnect the call.",,0,4
not_interested_019,"Arre Nahi lena kuch bhi, disconnect the call. please",not_interested,"Arre Nahi lena kuch bhi, disconnect the call. please",,0,4
not_interested_019,"Hey, Nahi lena kuch bhi, disconnect the call.!",not_interested,"Hey, Nahi lena kuch bhi, disconnect the call.!",,0,4
not_interested_019,"Bhai Nahi lena kuch bhi, disconnect the call. jaldi batao",not_interested,"Bhai Nahi lena kuch bhi, disconnect the call. jaldi batao",,0,4
not_interested_019,"Sir Nahi lena kuch bhi, disconnect the call. kindly confirm",not_interested,"Sir Nahi lena kuch bhi, disconnect the call. kindly confirm",,0,4
not_interested_019,"Sunna Nahi lena kuch bhi, disconnect the call....",not_interested,"Sunna Nahi lena kuch bhi, disconnect the call.",,1,4
not_interested_019,"Dekho Nahi lena kuch bhi, disconnect the call. actually",not_interested,"Dekho Nahi lena kuch bhi, disconnect the call. actually",,0,4
not_interested_019,"Hello team, Nahi lena kuch bhi, disconnect the call.",not_interested,"Hello team, Nahi lena kuch bhi, disconnect the call.",,0,4
not_interested_022,"Budget bhi nahi hai aur interest bhi nahi, thank you.",not_interested,"Budget bhi nahi hai aur interest bhi nahi, thank you.",,0,4
not_interested_022,"Arre Budget bhi nahi hai aur interest bhi nahi, thank you. please",not_interested,"Arre Budget bhi nahi hai aur interest bhi nahi, thank you. please",,0,4
not_interested_022,"Hey, Budget bhi nahi hai aur interest bhi nahi, thank you.!",not_interested,"Hey, Budget bhi nahi hai aur interest bhi nahi, thank you.!",,0,4
not_interested_022,"Bhai Budget bhi nahi hai aur interest bhi nahi, thank you. jaldi batao",not_interested,"Bhai Budget bhi nahi hai aur interest bhi nahi, thank you. jaldi batao",,0,4
not_interested_022,"Sir Budget bhi nahi hai aur interest bhi nahi, thank you. kindly confirm",not_interested,"Sir Budget bhi nahi hai aur interest bhi nahi, thank you. kindly confirm",,0,4
not_interested_022,"Sunna Budget bhi nahi hai aur interest bhi nahi, thank you....",not_interested,"Sunna Budget bhi nahi hai aur interest bhi nahi, thank you.",,1,4
not_interested_022,"Dekho Budget bhi nahi hai aur interest bhi nahi, thank you. actually",not_interested,"Dekho Budget bhi nahi hai aur interest bhi nahi, thank you. actually",,0,4
not_interested_022,"Hello team, Budget bhi nahi hai aur interest bhi nahi, thank you.",not_interested,"Hello team, Budget bhi nahi hai aur interest bhi nahi, thank you.",,0,4
not_interested_023,Mujhe shares ya trading me koi interest nahi hai please call mat karo.,not_interested,Mujhe shares ya trading me koi interest nahi hai please call mat karo.,,0,4
not_interested_023,Arre Mujhe shares ya trading me koi interest nahi hai please call mat karo. please,not_interested,Arre Mujhe shares ya trading me koi interest nahi hai please call mat karo. please,,0,4
not_interested_023,"Hey, Mujhe shares ya trading me koi interest nahi hai please call mat karo.!",not_interested,"Hey, Mujhe shares ya trading me koi interest nahi hai please call mat karo.!",,0,4
not_interested_023,Bhai Mujhe shares ya trading me koi interest nahi hai please call mat karo. jaldi batao,not_interested,Bhai Mujhe shares ya trading me koi interest nahi hai please call mat karo. jaldi batao,,0,4
not_interested_023,Sir Mujhe shares ya trading me koi interest nahi hai please call mat karo. kindly confirm,not_interested,Sir Mujhe shares ya trading me koi interest nahi hai please call mat karo. kindly confirm,,0,4
not_interested_023,Sunna Mujhe shares ya trading me koi interest nahi hai please call mat karo....,not_interested,Sunna Mujhe shares ya trading me koi interest nahi hai please call mat karo.,,1,4
not_interested_023,Dekho Mujhe shares ya trading me koi interest nahi hai please call mat karo. actually,not_interested,Dekho Mujhe shares ya trading me koi interest nahi hai please call mat karo. actually,,0,4
not_interested_023,"Hello team, Mujhe shares ya trading me koi interest nahi hai please call mat karo.",not_interested,"Hello team, Mujhe shares ya trading me koi interest nahi hai please call mat karo.",,0,4
not_interested_024,Main retired person hu mere kaam ka nahi hai ye.,not_interested,Main retired person hu mere kaam ka nahi hai ye.,,0,4
not_interested_024,Arre Main retired person hu mere kaam ka nahi hai ye. please,not_interested,Arre Main retired person hu mere kaam ka nahi hai ye. please,,0,4
not_interested_024,"Hey, Main retired person hu mere kaam ka nahi hai ye.!",not_interested,"Hey, Main retired person hu mere kaam ka nahi hai ye.!",,0,4
not_interested_024,Bhai Main retired person hu mere kaam ka nahi hai ye. jaldi batao,not_interested,Bhai Main retired person hu mere kaam ka nahi hai ye. jaldi batao,,0,4
not_interested_024,Sir Main retired person hu mere kaam ka nahi hai ye. kindly confirm,not_interested,Sir Main retired person hu mere kaam ka nahi hai ye. kindly confirm,,0,4
not_interested_024,Sunna Main retired person hu mere kaam ka nahi hai ye....,not_interested,Sunna Main retired person hu mere kaam ka nahi hai ye.,,1,4
not_interested_024,Dekho Main retired person hu mere kaam ka nahi hai ye. actually,not_interested,Dekho Main retired person hu mere kaam ka nahi hai ye. actually,,0,4
not_interested_024,"Hello team, Main retired person hu mere kaam ka nahi hai ye.",not_interested,"Hello team, Main retired person hu mere kaam ka nahi hai ye.",,0,4
not_interested_026,"Stop harassing with promotional offers, unsubscribe me.",not_interested,"Stop harassing with promotional offers, unsubscribe me.",,0,4
not_interested_026,"Arre Stop harassing with promotional offers, unsubscribe me. please",not_interested,"Arre Stop harassing with promotional offers, unsubscribe me. please",,0,4
not_interested_026,"Hey, Stop harassing with promotional offers, unsubscribe me.!",not_interested,"Hey, Stop harassing with promotional offers, unsubscribe me.!",,0,4
not_interested_026,"Bhai Stop harassing with promotional offers, unsubscribe me. jaldi batao",not_interested,"Bhai Stop harassing with promotional offers, unsubscribe me. jaldi batao",,0,4
not_interested_026,"Sir Stop harassing with promotional offers, unsubscribe me. kindly confirm",not_interested,"Sir Stop harassing with promotional offers, unsubscribe me. kindly confirm",,0,4
not_interested_026,"Sunna Stop harassing with promotional offers, unsubscribe me....",not_interested,"Sunna Stop harassing with promotional offers, unsubscribe me.",,1,4
not_interested_026,"Dekho Stop harassing with promotional offers, unsubscribe me. actually",not_interested,"Dekho Stop harassing with promotional offers, unsubscribe me. actually",,0,4
not_interested_026,"Hello team, Stop harassing with promotional offers, unsubscribe me.",not_interested,"Hello team, Stop harassing with promotional offers, unsubscribe me.",,0,4
not_interested_027,"Mujhe koi membership nahi chahiye, thanks for calling.",not_interested,"Mujhe koi membership nahi chahiye, thanks for calling.",,0,4
not_interested_027,"Arre Mujhe koi membership nahi chahiye, thanks for calling. please",not_interested,"Arre Mujhe koi membership nahi chahiye, thanks for calling. please",,0,4
not_interested_027,"Hey, Mujhe koi membership nahi chahiye, thanks for calling.!",not_interested,"Hey, Mujhe koi membership nahi chahiye, thanks for calling.!",,0,4
not_interested_027,"Bhai Mujhe koi membership nahi chahiye, thanks for calling. jaldi batao",not_interested,"Bhai Mujhe koi membership nahi chahiye, thanks for calling. jaldi batao",,0,4
not_interested_027,"Sir Mujhe koi membership nahi chahiye, thanks for calling. kindly confirm",not_interested,"Sir Mujhe koi membership nahi chahiye, thanks for calling. kindly confirm",,0,4
not_interested_027,"Sunna Mujhe koi membership nahi chahiye, thanks for calling....",not_interested,"Sunna Mujhe koi membership nahi chahiye, thanks for calling.",,1,4
not_interested_027,"Dekho Mujhe koi membership nahi chahiye, thanks for calling. actually",not_interested,"Dekho Mujhe koi membership nahi chahiye, thanks for calling. actually",,0,4
not_interested_027,"Hello team, Mujhe koi membership nahi chahiye, thanks for calling.",not_interested,"Hello team, Mujhe koi membership nahi chahiye, thanks for calling.",,0,4
not_interested_028,"No need of personal loan, I have enough funds.",not_interested,"No need of personal loan, I have enough funds.",,0,4
not_interested_028,"Arre No need of personal loan, I have enough funds. please",not_interested,"Arre No need of personal loan, I have enough funds. please",,0,4
not_interested_028,"Hey, No need of personal loan, I have enough funds.!",not_interested,"Hey, No need of personal loan, I have enough funds.!",,0,4
not_interested_028,"Bhai No need of personal loan, I have enough funds. jaldi batao",not_interested,"Bhai No need of personal loan, I have enough funds. jaldi batao",,0,4
not_interested_028,"Sir No need of personal loan, I have enough funds. kindly confirm",not_interested,"Sir No need of personal loan, I have enough funds. kindly confirm",,0,4
not_interested_028,"Sunna No need of personal loan, I have enough funds....",not_interested,"Sunna No need of personal loan, I have enough funds.",,1,4
not_interested_028,"Dekho No need of personal loan, I have enough funds. actually",not_interested,"Dekho No need of personal loan, I have enough funds. actually",,0,4
not_interested_028,"Hello team, No need of personal loan, I have enough funds.",not_interested,"Hello team, No need of personal loan, I have enough funds.",,0,4
not_interested_029,"Bilkul requirement nahi hai, goodbye.",not_interested,"Bilkul requirement nahi hai, goodbye.",,0,4
not_interested_029,"Arre Bilkul requirement nahi hai, goodbye. please",not_interested,"Arre Bilkul requirement nahi hai, goodbye. please",,0,4
not_interested_029,"Hey, Bilkul requirement nahi hai, goodbye.!",not_interested,"Hey, Bilkul requirement nahi hai, goodbye.!",,0,4
not_interested_029,"Bhai Bilkul requirement nahi hai, goodbye. jaldi batao",not_interested,"Bhai Bilkul requirement nahi hai, goodbye. jaldi batao",,0,4
not_interested_029,"Sir Bilkul requirement nahi hai, goodbye. kindly confirm",not_interested,"Sir Bilkul requirement nahi hai, goodbye. kindly confirm",,0,4
not_interested_029,"Sunna Bilkul requirement nahi hai, goodbye....",not_interested,"Sunna Bilkul requirement nahi hai, goodbye.",,1,4
not_interested_029,"Dekho Bilkul requirement nahi hai, goodbye. actually",not_interested,"Dekho Bilkul requirement nahi hai, goodbye. actually",,0,4
not_interested_029,"Hello team, Bilkul requirement nahi hai, goodbye.",not_interested,"Hello team, Bilkul requirement nahi hai, goodbye.",,0,4
not_interested_030,"Please don't disturb during working hours, strictly not interested.",not_interested,"Please don't disturb during working hours, strictly not interested.",,0,4
not_interested_030,"Arre Please don't disturb during working hours, strictly not interested. please",not_interested,"Arre Please don't disturb during working hours, strictly not interested. please",,0,4
not_interested_030,"Hey, Please don't disturb during working hours, strictly not interested.!",not_interested,"Hey, Please don't disturb during working hours, strictly not interested.!",,0,4
not_interested_030,"Bhai Please don't disturb during working hours, strictly not interested. jaldi batao",not_interested,"Bhai Please don't disturb during working hours, strictly not interested. jaldi batao",,0,4
not_interested_030,"Sir Please don't disturb during working hours, strictly not interested. kindly confirm",not_interested,"Sir Please don't disturb during working hours, strictly not interested. kindly confirm",,0,4
not_interested_030,"Sunna Please don't disturb during working hours, strictly not interested....",not_interested,"Sunna Please don't disturb during working hours, strictly not interested.",,1,4
not_interested_030,"Dekho Please don't disturb during working hours, strictly not interested. actually",not_interested,"Dekho Please don't disturb during working hours, strictly not interested. actually",,0,4
not_interested_030,"Hello team, Please don't disturb during working hours, strictly not interested.",not_interested,"Hello team, Please don't disturb during working hours, strictly not interested.",,0,4
not_interested_031,Mujhe koi naya credit card nahi banwana mera score acha hai.,not_interested,Mujhe koi naya credit card nahi banwana mera score acha hai.,,0,4
not_interested_031,Arre Mujhe koi naya credit card nahi banwana mera score acha hai. please,not_interested,Arre Mujhe koi naya credit card nahi banwana mera score acha hai. please,,0,4
not_interested_031,"Hey, Mujhe koi naya credit card nahi banwana mera score acha hai.!",not_interested,"Hey, Mujhe koi naya credit card nahi banwana mera score acha hai.!",,0,4
not_interested_031,Bhai Mujhe koi naya credit card nahi banwana mera score acha hai. jaldi batao,not_interested,Bhai Mujhe koi naya credit card nahi banwana mera score acha hai. jaldi batao,,0,4
not_interested_031,Sir Mujhe koi naya credit card nahi banwana mera score acha hai. kindly confirm,not_interested,Sir Mujhe koi naya credit card nahi banwana mera score acha hai. kindly confirm,,0,4
not_interested_031,Sunna Mujhe koi naya credit card nahi banwana mera score acha hai....,not_interested,Sunna Mujhe koi naya credit card nahi banwana mera score acha hai.,,1,4
not_interested_031,Dekho Mujhe koi naya credit card nahi banwana mera score acha hai. actually,not_interested,Dekho Mujhe koi naya credit card nahi banwana mera score acha hai. actually,,0,4
not_interested_031,"Hello team, Mujhe koi naya credit card nahi banwana mera score acha hai.",not_interested,"Hello team, Mujhe koi naya credit card nahi banwana mera score acha hai.",,0,4
not_interested_032,Aap log faltu me time waste karte ho phone cut kar raha hu.,not_interested,Aap log faltu me time waste karte ho phone cut kar raha hu.,,0,4
not_interested_032,Arre Aap log faltu me time waste karte ho phone cut kar raha hu. please,not_interested,Arre Aap log faltu me time waste karte ho phone cut kar raha hu. please,,0,4
not_interested_032,"Hey, Aap log faltu me time waste karte ho phone cut kar raha hu.!",not_interested,"Hey, Aap log faltu me time waste karte ho phone cut kar raha hu.!",,0,4
not_interested_032,Bhai Aap log faltu me time waste karte ho phone cut kar raha hu. jaldi batao,not_interested,Bhai Aap log faltu me time waste karte ho phone cut kar raha hu. jaldi batao,,0,4
not_interested_032,Sir Aap log faltu me time waste karte ho phone cut kar raha hu. kindly confirm,not_interested,Sir Aap log faltu me time waste karte ho phone cut kar raha hu. kindly confirm,,0,4
not_interested_032,Sunna Aap log faltu me time waste karte ho phone cut kar raha hu....,not_interested,Sunna Aap log faltu me time waste karte ho phone cut kar raha hu.,,1,4
not_interested_032,Dekho Aap log faltu me time waste karte ho phone cut kar raha hu. actually,not_interested,Dekho Aap log faltu me time waste karte ho phone cut kar raha hu. actually,,0,4
not_interested_032,"Hello team, Aap log faltu me time waste karte ho phone cut kar raha hu.",not_interested,"Hello team, Aap log faltu me time waste karte ho phone cut kar raha hu.",,0,4
not_interested_034,Mujhe koi real estate plot nahi chahiye Gurgaon me.,not_interested,Mujhe koi real estate plot nahi chahiye Gurgaon me.,,0,4
not_interested_034,Arre Mujhe koi real estate plot nahi chahiye Gurgaon me. please,not_interested,Arre Mujhe koi real estate plot nahi chahiye Gurgaon me. please,,0,4
not_interested_034,"Hey, Mujhe koi real estate plot nahi chahiye Gurgaon me.!",not_interested,"Hey, Mujhe koi real estate plot nahi chahiye Gurgaon me.!",,0,4
not_interested_034,Bhai Mujhe koi real estate plot nahi chahiye Gurgaon me. jaldi batao,not_interested,Bhai Mujhe koi real estate plot nahi chahiye Gurgaon me. jaldi batao,,0,4
not_interested_034,Sir Mujhe koi real estate plot nahi chahiye Gurgaon me. kindly confirm,not_interested,Sir Mujhe koi real estate plot nahi chahiye Gurgaon me. kindly confirm,,0,4
not_interested_034,Sunna Mujhe koi real estate plot nahi chahiye Gurgaon me....,not_interested,Sunna Mujhe koi real estate plot nahi chahiye Gurgaon me.,,1,4
not_interested_034,Dekho Mujhe koi real estate plot nahi chahiye Gurgaon me. actually,not_interested,Dekho Mujhe koi real estate plot nahi chahiye Gurgaon me. actually,,0,4
not_interested_034,"Hello team, Mujhe koi real estate plot nahi chahiye Gurgaon me.",not_interested,"Hello team, Mujhe koi real estate plot nahi chahiye Gurgaon me.",,0,4
not_interested_036,"Aapka product mere use case ke liye fit nahi hai, no thanks.",not_interested,"Aapka product mere use case ke liye fit nahi hai, no thanks.",,0,4
not_interested_036,"Arre Aapka product mere use case ke liye fit nahi hai, no thanks. please",not_interested,"Arre Aapka product mere use case ke liye fit nahi hai, no thanks. please",,0,4
not_interested_036,"Hey, Aapka product mere use case ke liye fit nahi hai, no thanks.!",not_interested,"Hey, Aapka product mere use case ke liye fit nahi hai, no thanks.!",,0,4
not_interested_036,"Bhai Aapka product mere use case ke liye fit nahi hai, no thanks. jaldi batao",not_interested,"Bhai Aapka product mere use case ke liye fit nahi hai, no thanks. jaldi batao",,0,4
not_interested_036,"Sir Aapka product mere use case ke liye fit nahi hai, no thanks. kindly confirm",not_interested,"Sir Aapka product mere use case ke liye fit nahi hai, no thanks. kindly confirm",,0,4
not_interested_036,"Sunna Aapka product mere use case ke liye fit nahi hai, no thanks....",not_interested,"Sunna Aapka product mere use case ke liye fit nahi hai, no thanks.",,1,4
not_interested_036,"Dekho Aapka product mere use case ke liye fit nahi hai, no thanks. actually",not_interested,"Dekho Aapka product mere use case ke liye fit nahi hai, no thanks. actually",,0,4
not_interested_036,"Hello team, Aapka product mere use case ke liye fit nahi hai, no thanks.",not_interested,"Hello team, Aapka product mere use case ke liye fit nahi hai, no thanks.",,0,4
not_interested_037,"Please stop marketing calls, strictly opt me out.",not_interested,"Please stop marketing calls, strictly opt me out.",,0,4
not_interested_037,"Arre Please stop marketing calls, strictly opt me out. please",not_interested,"Arre Please stop marketing calls, strictly opt me out. please",,0,4
not_interested_037,"Hey, Please stop marketing calls, strictly opt me out.!",not_interested,"Hey, Please stop marketing calls, strictly opt me out.!",,0,4
not_interested_037,"Bhai Please stop marketing calls, strictly opt me out. jaldi batao",not_interested,"Bhai Please stop marketing calls, strictly opt me out. jaldi batao",,0,4
not_interested_037,"Sir Please stop marketing calls, strictly opt me out. kindly confirm",not_interested,"Sir Please stop marketing calls, strictly opt me out. kindly confirm",,0,4
not_interested_037,"Sunna Please stop marketing calls, strictly opt me out....",not_interested,"Sunna Please stop marketing calls, strictly opt me out.",,1,4
not_interested_037,"Dekho Please stop marketing calls, strictly opt me out. actually",not_interested,"Dekho Please stop marketing calls, strictly opt me out. actually",,0,4
not_interested_037,"Hello team, Please stop marketing calls, strictly opt me out.",not_interested,"Hello team, Please stop marketing calls, strictly opt me out.",,0,4
not_interested_038,"Mere paas health insurance already covered hai company se, no requirement.",not_interested,"Mere paas health insurance already covered hai company se, no requirement.",,0,4
not_interested_038,"Arre Mere paas health insurance already covered hai company se, no requirement. please",not_interested,"Arre Mere paas health insurance already covered hai company se, no requirement. please",,0,4
not_interested_038,"Hey, Mere paas health insurance already covered hai company se, no requirement.!",not_interested,"Hey, Mere paas health insurance already covered hai company se, no requirement.!",,0,4
not_interested_038,"Bhai Mere paas health insurance already covered hai company se, no requirement. jaldi batao",not_interested,"Bhai Mere paas health insurance already covered hai company se, no requirement. jaldi batao",,0,4
not_interested_038,"Sir Mere paas health insurance already covered hai company se, no requirement. kindly confirm",not_interested,"Sir Mere paas health insurance already covered hai company se, no requirement. kindly confirm",,0,4
not_interested_038,"Sunna Mere paas health insurance already covered hai company se, no requirement....",not_interested,"Sunna Mere paas health insurance already covered hai company se, no requirement.",,1,4
not_interested_038,"Dekho Mere paas health insurance already covered hai company se, no requirement. actually",not_interested,"Dekho Mere paas health insurance already covered hai company se, no requirement. actually",,0,4
not_interested_038,"Hello team, Mere paas health insurance already covered hai company se, no requirement.",not_interested,"Hello team, Mere paas health insurance already covered hai company se, no requirement.",,0,4
not_interested_039,"Aap log daily number badal ke call karte ho, stop this spamming.",not_interested,"Aap log daily number badal ke call karte ho, stop this spamming.",,0,4
not_interested_039,"Arre Aap log daily number badal ke call karte ho, stop this spamming. please",not_interested,"Arre Aap log daily number badal ke call karte ho, stop this spamming. please",,0,4
not_interested_039,"Hey, Aap log daily number badal ke call karte ho, stop this spamming.!",not_interested,"Hey, Aap log daily number badal ke call karte ho, stop this spamming.!",,0,4
not_interested_039,"Bhai Aap log daily number badal ke call karte ho, stop this spamming. jaldi batao",not_interested,"Bhai Aap log daily number badal ke call karte ho, stop this spamming. jaldi batao",,0,4
not_interested_039,"Sir Aap log daily number badal ke call karte ho, stop this spamming. kindly confirm",not_interested,"Sir Aap log daily number badal ke call karte ho, stop this spamming. kindly confirm",,0,4
not_interested_039,"Sunna Aap log daily number badal ke call karte ho, stop this spamming....",not_interested,"Sunna Aap log daily number badal ke call karte ho, stop this spamming.",,1,4
not_interested_039,"Dekho Aap log daily number badal ke call karte ho, stop this spamming. actually",not_interested,"Dekho Aap log daily number badal ke call karte ho, stop this spamming. actually",,0,4
not_interested_039,"Hello team, Aap log daily number badal ke call karte ho, stop this spamming.",not_interested,"Hello team, Aap log daily number badal ke call karte ho, stop this spamming.",,0,4
not_interested_040,Mujhe koi online course nahi karna career set hai mera.,not_interested,Mujhe koi online course nahi karna career set hai mera.,,0,4
not_interested_040,Arre Mujhe koi online course nahi karna career set hai mera. please,not_interested,Arre Mujhe koi online course nahi karna career set hai mera. please,,0,4
not_interested_040,"Hey, Mujhe koi online course nahi karna career set hai mera.!",not_interested,"Hey, Mujhe koi online course nahi karna career set hai mera.!",,0,4
not_interested_040,Bhai Mujhe koi online course nahi karna career set hai mera. jaldi batao,not_interested,Bhai Mujhe koi online course nahi karna career set hai mera. jaldi batao,,0,4
not_interested_040,Sir Mujhe koi online course nahi karna career set hai mera. kindly confirm,not_interested,Sir Mujhe koi online course nahi karna career set hai mera. kindly confirm,,0,4
not_interested_040,Sunna Mujhe koi online course nahi karna career set hai mera....,not_interested,Sunna Mujhe koi online course nahi karna career set hai mera.,,1,4
not_interested_040,Dekho Mujhe koi online course nahi karna career set hai mera. actually,not_interested,Dekho Mujhe koi online course nahi karna career set hai mera. actually,,0,4
not_interested_040,"Hello team, Mujhe koi online course nahi karna career set hai mera.",not_interested,"Hello team, Mujhe koi online course nahi karna career set hai mera.",,0,4
not_interested_042,Bhai bilkul mann nahi hai khareedne ka phone rakho.,not_interested,Bhai bilkul mann nahi hai khareedne ka phone rakho.,,0,4
not_interested_042,Arre Bhai bilkul mann nahi hai khareedne ka phone rakho. please,not_interested,Arre Bhai bilkul mann nahi hai khareedne ka phone rakho. please,,0,4
not_interested_042,"Hey, Bhai bilkul mann nahi hai khareedne ka phone rakho.!",not_interested,"Hey, Bhai bilkul mann nahi hai khareedne ka phone rakho.!",,0,4
not_interested_042,Bhai Bhai bilkul mann nahi hai khareedne ka phone rakho. jaldi batao,not_interested,Bhai Bhai bilkul mann nahi hai khareedne ka phone rakho. jaldi batao,,0,4
not_interested_042,Sir Bhai bilkul mann nahi hai khareedne ka phone rakho. kindly confirm,not_interested,Sir Bhai bilkul mann nahi hai khareedne ka phone rakho. kindly confirm,,0,4
not_interested_042,Sunna Bhai bilkul mann nahi hai khareedne ka phone rakho....,not_interested,Sunna Bhai bilkul mann nahi hai khareedne ka phone rakho.,,1,4
not_interested_042,Dekho Bhai bilkul mann nahi hai khareedne ka phone rakho. actually,not_interested,Dekho Bhai bilkul mann nahi hai khareedne ka phone rakho. actually,,0,4
not_interested_042,"Hello team, Bhai bilkul mann nahi hai khareedne ka phone rakho.",not_interested,"Hello team, Bhai bilkul mann nahi hai khareedne ka phone rakho.",,0,4
not_interested_043,"I have no funds to invest, please drop my contact.",not_interested,"I have no funds to invest, please drop my contact.",,0,4
not_interested_043,"Arre I have no funds to invest, please drop my contact. please",not_interested,"Arre I have no funds to invest, please drop my contact. please",,0,4
not_interested_043,"Hey, I have no funds to invest, please drop my contact.!",not_interested,"Hey, I have no funds to invest, please drop my contact.!",,0,4
not_interested_043,"Bhai I have no funds to invest, please drop my contact. jaldi batao",not_interested,"Bhai I have no funds to invest, please drop my contact. jaldi batao",,0,4
not_interested_043,"Sir I have no funds to invest, please drop my contact. kindly confirm",not_interested,"Sir I have no funds to invest, please drop my contact. kindly confirm",,0,4
not_interested_043,"Sunna I have no funds to invest, please drop my contact....",not_interested,"Sunna I have no funds to invest, please drop my contact.",,1,4
not_interested_043,"Dekho I have no funds to invest, please drop my contact. actually",not_interested,"Dekho I have no funds to invest, please drop my contact. actually",,0,4
not_interested_043,"Hello team, I have no funds to invest, please drop my contact.",not_interested,"Hello team, I have no funds to invest, please drop my contact.",,0,4
not_interested_044,Mujhe stock tips ya demat account nahi kholna.,not_interested,Mujhe stock tips ya demat account nahi kholna.,,0,4
not_interested_044,Arre Mujhe stock tips ya demat account nahi kholna. please,not_interested,Arre Mujhe stock tips ya demat account nahi kholna. please,,0,4
not_interested_044,"Hey, Mujhe stock tips ya demat account nahi kholna.!",not_interested,"Hey, Mujhe stock tips ya demat account nahi kholna.!",,0,4
not_interested_044,Bhai Mujhe stock tips ya demat account nahi kholna. jaldi batao,not_interested,Bhai Mujhe stock tips ya demat account nahi kholna. jaldi batao,,0,4
not_interested_044,Sir Mujhe stock tips ya demat account nahi kholna. kindly confirm,not_interested,Sir Mujhe stock tips ya demat account nahi kholna. kindly confirm,,0,4
not_interested_044,Sunna Mujhe stock tips ya demat account nahi kholna....,not_interested,Sunna Mujhe stock tips ya demat account nahi kholna.,,1,4
not_interested_044,Dekho Mujhe stock tips ya demat account nahi kholna. actually,not_interested,Dekho Mujhe stock tips ya demat account nahi kholna. actually,,0,4
not_interested_044,"Hello team, Mujhe stock tips ya demat account nahi kholna.",not_interested,"Hello team, Mujhe stock tips ya demat account nahi kholna.",,0,4
not_interested_045,Please mark my number as permanently opted out in CRM.,not_interested,Please mark my number as permanently opted out in CRM.,,0,4
not_interested_045,Arre Please mark my number as permanently opted out in CRM. please,not_interested,Arre Please mark my number as permanently opted out in CRM. please,,0,4
not_interested_045,"Hey, Please mark my number as permanently opted out in CRM.!",not_interested,"Hey, Please mark my number as permanently opted out in CRM.!",,0,4
not_interested_045,Bhai Please mark my number as permanently opted out in CRM. jaldi batao,not_interested,Bhai Please mark my number as permanently opted out in CRM. jaldi batao,,0,4
not_interested_045,Sir Please mark my number as permanently opted out in CRM. kindly confirm,not_interested,Sir Please mark my number as permanently opted out in CRM. kindly confirm,,0,4
not_interested_045,Sunna Please mark my number as permanently opted out in CRM....,not_interested,Sunna Please mark my number as permanently opted out in CRM.,,1,4
not_interested_045,Dekho Please mark my number as permanently opted out in CRM. actually,not_interested,Dekho Please mark my number as permanently opted out in CRM. actually,,0,4
not_interested_045,"Hello team, Please mark my number as permanently opted out in CRM.",not_interested,"Hello team, Please mark my number as permanently opted out in CRM.",,0,4
not_interested_046,"Aapki pricing bohot bekar hai aur mujhe product pasand nahi aaya, not interested.",not_interested,"Aapki pricing bohot bekar hai aur mujhe product pasand nahi aaya, not interested.",,0,4
not_interested_046,"Arre Aapki pricing bohot bekar hai aur mujhe product pasand nahi aaya, not interested. please",not_interested,"Arre Aapki pricing bohot bekar hai aur mujhe product pasand nahi aaya, not interested. please",,0,4
not_interested_046,"Hey, Aapki pricing bohot bekar hai aur mujhe product pasand nahi aaya, not interested.!",not_interested,"Hey, Aapki pricing bohot bekar hai aur mujhe product pasand nahi aaya, not interested.!",,0,4
not_interested_046,"Bhai Aapki pricing bohot bekar hai aur mujhe product pasand nahi aaya, not interested. jaldi batao",not_interested,"Bhai Aapki pricing bohot bekar hai aur mujhe product pasand nahi aaya, not interested. jaldi batao",,0,4
not_interested_046,"Sir Aapki pricing bohot bekar hai aur mujhe product pasand nahi aaya, not interested. kindly confirm",not_interested,"Sir Aapki pricing bohot bekar hai aur mujhe product pasand nahi aaya, not interested. kindly confirm",,0,4
not_interested_046,"Sunna Aapki pricing bohot bekar hai aur mujhe product pasand nahi aaya, not interested....",not_interested,"Sunna Aapki pricing bohot bekar hai aur mujhe product pasand nahi aaya, not interested.",,1,4
not_interested_046,"Dekho Aapki pricing bohot bekar hai aur mujhe product pasand nahi aaya, not interested. actually",not_interested,"Dekho Aapki pricing bohot bekar hai aur mujhe product pasand nahi aaya, not interested. actually",,0,4
not_interested_046,"Hello team, Aapki pricing bohot bekar hai aur mujhe product pasand nahi aaya, not interested.",not_interested,"Hello team, Aapki pricing bohot bekar hai aur mujhe product pasand nahi aaya, not interested.",,0,4
not_interested_047,"No need of home loan transfer, satisfied with current bank.",not_interested,"No need of home loan transfer, satisfied with current bank.",,0,4
not_interested_047,"Arre No need of home loan transfer, satisfied with current bank. please",not_interested,"Arre No need of home loan transfer, satisfied with current bank. please",,0,4
not_interested_047,"Hey, No need of home loan transfer, satisfied with current bank.!",not_interested,"Hey, No need of home loan transfer, satisfied with current bank.!",,0,4
not_interested_047,"Bhai No need of home loan transfer, satisfied with current bank. jaldi batao",not_interested,"Bhai No need of home loan transfer, satisfied with current bank. jaldi batao",,0,4
not_interested_047,"Sir No need of home loan transfer, satisfied with current bank. kindly confirm",not_interested,"Sir No need of home loan transfer, satisfied with current bank. kindly confirm",,0,4
not_interested_047,"Sunna No need of home loan transfer, satisfied with current bank....",not_interested,"Sunna No need of home loan transfer, satisfied with current bank.",,1,4
not_interested_047,"Dekho No need of home loan transfer, satisfied with current bank. actually",not_interested,"Dekho No need of home loan transfer, satisfied with current bank. actually",,0,4
not_interested_047,"Hello team, No need of home loan transfer, satisfied with current bank.",not_interested,"Hello team, No need of home loan transfer, satisfied with current bank.",,0,4
not_interested_049,"I am not the right person for this, wrong database entry.",not_interested,"I am not the right person for this, wrong database entry.",,0,4
not_interested_049,"Arre I am not the right person for this, wrong database entry. please",not_interested,"Arre I am not the right person for this, wrong database entry. please",,0,4
not_interested_049,"Hey, I am not the right person for this, wrong database entry.!",not_interested,"Hey, I am not the right person for this, wrong database entry.!",,0,4
not_interested_049,"Bhai I am not the right person for this, wrong database entry. jaldi batao",not_interested,"Bhai I am not the right person for this, wrong database entry. jaldi batao",,0,4
not_interested_049,"Sir I am not the right person for this, wrong database entry. kindly confirm",not_interested,"Sir I am not the right person for this, wrong database entry. kindly confirm",,0,4
not_interested_049,"Sunna I am not the right person for this, wrong database entry....",not_interested,"Sunna I am not the right person for this, wrong database entry.",,1,4
not_interested_049,"Dekho I am not the right person for this, wrong database entry. actually",not_interested,"Dekho I am not the right person for this, wrong database entry. actually",,0,4
not_interested_049,"Hello team, I am not the right person for this, wrong database entry.",not_interested,"Hello team, I am not the right person for this, wrong database entry.",,0,4
not_interested_050,Mujhe koi vacation club membership me paise nahi lagane.,not_interested,Mujhe koi vacation club membership me paise nahi lagane.,,0,4
not_interested_050,Arre Mujhe koi vacation club membership me paise nahi lagane. please,not_interested,Arre Mujhe koi vacation club membership me paise nahi lagane. please,,0,4
not_interested_050,"Hey, Mujhe koi vacation club membership me paise nahi lagane.!",not_interested,"Hey, Mujhe koi vacation club membership me paise nahi lagane.!",,0,4
not_interested_050,Bhai Mujhe koi vacation club membership me paise nahi lagane. jaldi batao,not_interested,Bhai Mujhe koi vacation club membership me paise nahi lagane. jaldi batao,,0,4
not_interested_050,Sir Mujhe koi vacation club membership me paise nahi lagane. kindly confirm,not_interested,Sir Mujhe koi vacation club membership me paise nahi lagane. kindly confirm,,0,4
not_interested_050,Sunna Mujhe koi vacation club membership me paise nahi lagane....,not_interested,Sunna Mujhe koi vacation club membership me paise nahi lagane.,,1,4
not_interested_050,Dekho Mujhe koi vacation club membership me paise nahi lagane. actually,not_interested,Dekho Mujhe koi vacation club membership me paise nahi lagane. actually,,0,4
not_interested_050,"Hello team, Mujhe koi vacation club membership me paise nahi lagane.",not_interested,"Hello team, Mujhe koi vacation club membership me paise nahi lagane.",,0,4
not_interested_051,Strictly not looking for any financial products.,not_interested,Strictly not looking for any financial products.,,0,4
not_interested_051,Arre Strictly not looking for any financial products. please,not_interested,Arre Strictly not looking for any financial products. please,,0,4
not_interested_051,"Hey, Strictly not looking for any financial products.!",not_interested,"Hey, Strictly not looking for any financial products.!",,0,4
not_interested_051,Bhai Strictly not looking for any financial products. jaldi batao,not_interested,Bhai Strictly not looking for any financial products. jaldi batao,,0,4
not_interested_051,Sir Strictly not looking for any financial products. kindly confirm,not_interested,Sir Strictly not looking for any financial products. kindly confirm,,0,4
not_interested_051,Sunna Strictly not looking for any financial products....,not_interested,Sunna Strictly not looking for any financial products.,,1,4
not_interested_051,Dekho Strictly not looking for any financial products. actually,not_interested,Dekho Strictly not looking for any financial products. actually,,0,4
not_interested_051,"Hello team, Strictly not looking for any financial products.",not_interested,"Hello team, Strictly not looking for any financial products.",,0,4
not_interested_052,"Aapka telecalling system harassment level par pahuch chuka hai, stop it.",not_interested,"Aapka telecalling system harassment level par pahuch chuka hai, stop it.",,0,4
not_interested_052,"Arre Aapka telecalling system harassment level par pahuch chuka hai, stop it. please",not_interested,"Arre Aapka telecalling system harassment level par pahuch chuka hai, stop it. please",,0,4
not_interested_052,"Hey, Aapka telecalling system harassment level par pahuch chuka hai, stop it.!",not_interested,"Hey, Aapka telecalling system harassment level par pahuch chuka hai, stop it.!",,0,4
not_interested_052,"Bhai Aapka telecalling system harassment level par pahuch chuka hai, stop it. jaldi batao",not_interested,"Bhai Aapka telecalling system harassment level par pahuch chuka hai, stop it. jaldi batao",,0,4
not_interested_052,"Sir Aapka telecalling system harassment level par pahuch chuka hai, stop it. kindly confirm",not_interested,"Sir Aapka telecalling system harassment level par pahuch chuka hai, stop it. kindly confirm",,0,4
not_interested_052,"Sunna Aapka telecalling system harassment level par pahuch chuka hai, stop it....",not_interested,"Sunna Aapka telecalling system harassment level par pahuch chuka hai, stop it.",,1,4
not_interested_052,"Dekho Aapka telecalling system harassment level par pahuch chuka hai, stop it. actually",not_interested,"Dekho Aapka telecalling system harassment level par pahuch chuka hai, stop it. actually",,0,4
not_interested_052,"Hello team, Aapka telecalling system harassment level par pahuch chuka hai, stop it.",not_interested,"Hello team, Aapka telecalling system harassment level par pahuch chuka hai, stop it.",,0,4
not_interested_053,Mujhe electric vehicle me koi interest nahi hai abhi.,not_interested,Mujhe electric vehicle me koi interest nahi hai abhi.,,0,4
not_interested_053,Arre Mujhe electric vehicle me koi interest nahi hai abhi. please,not_interested,Arre Mujhe electric vehicle me koi interest nahi hai abhi. please,,0,4
not_interested_053,"Hey, Mujhe electric vehicle me koi interest nahi hai abhi.!",not_interested,"Hey, Mujhe electric vehicle me koi interest nahi hai abhi.!",,0,4
not_interested_053,Bhai Mujhe electric vehicle me koi interest nahi hai abhi. jaldi batao,not_interested,Bhai Mujhe electric vehicle me koi interest nahi hai abhi. jaldi batao,,0,4
not_interested_053,Sir Mujhe electric vehicle me koi interest nahi hai abhi. kindly confirm,not_interested,Sir Mujhe electric vehicle me koi interest nahi hai abhi. kindly confirm,,0,4
not_interested_053,Sunna Mujhe electric vehicle me koi interest nahi hai abhi....,not_interested,Sunna Mujhe electric vehicle me koi interest nahi hai abhi.,,1,4
not_interested_053,Dekho Mujhe electric vehicle me koi interest nahi hai abhi. actually,not_interested,Dekho Mujhe electric vehicle me koi interest nahi hai abhi. actually,,0,4
not_interested_053,"Hello team, Mujhe electric vehicle me koi interest nahi hai abhi.",not_interested,"Hello team, Mujhe electric vehicle me koi interest nahi hai abhi.",,0,4
not_interested_055,Please remove my details from your calling database immediately.,not_interested,Please remove my details from your calling database immediately.,,0,4
not_interested_055,Arre Please remove my details from your calling database immediately. please,not_interested,Arre Please remove my details from your calling database immediately. please,,0,4
not_interested_055,"Hey, Please remove my details from your calling database immediately.!",not_interested,"Hey, Please remove my details from your calling database immediately.!",,0,4
not_interested_055,Bhai Please remove my details from your calling database immediately. jaldi batao,not_interested,Bhai Please remove my details from your calling database immediately. jaldi batao,,0,4
not_interested_055,Sir Please remove my details from your calling database immediately. kindly confirm,not_interested,Sir Please remove my details from your calling database immediately. kindly confirm,,0,4
not_interested_055,Sunna Please remove my details from your calling database immediately....,not_interested,Sunna Please remove my details from your calling database immediately.,,1,4
not_interested_055,Dekho Please remove my details from your calling database immediately. actually,not_interested,Dekho Please remove my details from your calling database immediately. actually,,0,4
not_interested_055,"Hello team, Please remove my details from your calling database immediately.",not_interested,"Hello team, Please remove my details from your calling database immediately.",,0,4
not_interested_056,"Bilkul mana hai meri taraf se, never call again.",not_interested,"Bilkul mana hai meri taraf se, never call again.",,0,4
not_interested_056,"Arre Bilkul mana hai meri taraf se, never call again. please",not_interested,"Arre Bilkul mana hai meri taraf se, never call again. please",,0,4
not_interested_056,"Hey, Bilkul mana hai meri taraf se, never call again.!",not_interested,"Hey, Bilkul mana hai meri taraf se, never call again.!",,0,4
not_interested_056,"Bhai Bilkul mana hai meri taraf se, never call again. jaldi batao",not_interested,"Bhai Bilkul mana hai meri taraf se, never call again. jaldi batao",,0,4
not_interested_056,"Sir Bilkul mana hai meri taraf se, never call again. kindly confirm",not_interested,"Sir Bilkul mana hai meri taraf se, never call again. kindly confirm",,0,4
not_interested_056,"Sunna Bilkul mana hai meri taraf se, never call again....",not_interested,"Sunna Bilkul mana hai meri taraf se, never call again.",,1,4
not_interested_056,"Dekho Bilkul mana hai meri taraf se, never call again. actually",not_interested,"Dekho Bilkul mana hai meri taraf se, never call again. actually",,0,4
not_interested_056,"Hello team, Bilkul mana hai meri taraf se, never call again.",not_interested,"Hello team, Bilkul mana hai meri taraf se, never call again.",,0,4
not_interested_057,I am not interested in any promotional schemes.,not_interested,I am not interested in any promotional schemes.,,0,4
not_interested_057,Arre I am not interested in any promotional schemes. please,not_interested,Arre I am not interested in any promotional schemes. please,,0,4
not_interested_057,"Hey, I am not interested in any promotional schemes.!",not_interested,"Hey, I am not interested in any promotional schemes.!",,0,4
not_interested_057,Bhai I am not interested in any promotional schemes. jaldi batao,not_interested,Bhai I am not interested in any promotional schemes. jaldi batao,,0,4
not_interested_057,Sir I am not interested in any promotional schemes. kindly confirm,not_interested,Sir I am not interested in any promotional schemes. kindly confirm,,0,4
not_interested_057,Sunna I am not interested in any promotional schemes....,not_interested,Sunna I am not interested in any promotional schemes.,,1,4
not_interested_057,Dekho I am not interested in any promotional schemes. actually,not_interested,Dekho I am not interested in any promotional schemes. actually,,0,4
not_interested_057,"Hello team, I am not interested in any promotional schemes.",not_interested,"Hello team, I am not interested in any promotional schemes.",,0,4
not_interested_058,Mujhe car insurance upgrade nahi karwana existing theek hai.,not_interested,Mujhe car insurance upgrade nahi karwana existing theek hai.,,0,4
not_interested_058,Arre Mujhe car insurance upgrade nahi karwana existing theek hai. please,not_interested,Arre Mujhe car insurance upgrade nahi karwana existing theek hai. please,,0,4
not_interested_058,"Hey, Mujhe car insurance upgrade nahi karwana existing theek hai.!",not_interested,"Hey, Mujhe car insurance upgrade nahi karwana existing theek hai.!",,0,4
not_interested_058,Bhai Mujhe car insurance upgrade nahi karwana existing theek hai. jaldi batao,not_interested,Bhai Mujhe car insurance upgrade nahi karwana existing theek hai. jaldi batao,,0,4
not_interested_058,Sir Mujhe car insurance upgrade nahi karwana existing theek hai. kindly confirm,not_interested,Sir Mujhe car insurance upgrade nahi karwana existing theek hai. kindly confirm,,0,4
not_interested_058,Sunna Mujhe car insurance upgrade nahi karwana existing theek hai....,not_interested,Sunna Mujhe car insurance upgrade nahi karwana existing theek hai.,,1,4
not_interested_058,Dekho Mujhe car insurance upgrade nahi karwana existing theek hai. actually,not_interested,Dekho Mujhe car insurance upgrade nahi karwana existing theek hai. actually,,0,4
not_interested_058,"Hello team, Mujhe car insurance upgrade nahi karwana existing theek hai.",not_interested,"Hello team, Mujhe car insurance upgrade nahi karwana existing theek hai.",,0,4
not_interested_060,Maine pehle bhi 5 baar bola hai mujhe nahi lena ye product.,not_interested,Maine pehle bhi 5 baar bola hai mujhe nahi lena ye product.,,0,4
not_interested_060,Arre Maine pehle bhi 5 baar bola hai mujhe nahi lena ye product. please,not_interested,Arre Maine pehle bhi 5 baar bola hai mujhe nahi lena ye product. please,,0,4
not_interested_060,"Hey, Maine pehle bhi 5 baar bola hai mujhe nahi lena ye product.!",not_interested,"Hey, Maine pehle bhi 5 baar bola hai mujhe nahi lena ye product.!",,0,4
not_interested_060,Bhai Maine pehle bhi 5 baar bola hai mujhe nahi lena ye product. jaldi batao,not_interested,Bhai Maine pehle bhi 5 baar bola hai mujhe nahi lena ye product. jaldi batao,,0,4
not_interested_060,Sir Maine pehle bhi 5 baar bola hai mujhe nahi lena ye product. kindly confirm,not_interested,Sir Maine pehle bhi 5 baar bola hai mujhe nahi lena ye product. kindly confirm,,0,4
not_interested_060,Sunna Maine pehle bhi 5 baar bola hai mujhe nahi lena ye product....,not_interested,Sunna Maine pehle bhi 5 baar bola hai mujhe nahi lena ye product.,,1,4
not_interested_060,Dekho Maine pehle bhi 5 baar bola hai mujhe nahi lena ye product. actually,not_interested,Dekho Maine pehle bhi 5 baar bola hai mujhe nahi lena ye product. actually,,0,4
not_interested_060,"Hello team, Maine pehle bhi 5 baar bola hai mujhe nahi lena ye product.",not_interested,"Hello team, Maine pehle bhi 5 baar bola hai mujhe nahi lena ye product.",,0,4
not_interested_062,"Bhai call mat kiya karo daily, DND list me dalo contact.",not_interested,"Bhai call mat kiya karo daily, DND list me dalo contact.",,0,4
not_interested_062,"Arre Bhai call mat kiya karo daily, DND list me dalo contact. please",not_interested,"Arre Bhai call mat kiya karo daily, DND list me dalo contact. please",,0,4
not_interested_062,"Hey, Bhai call mat kiya karo daily, DND list me dalo contact.!",not_interested,"Hey, Bhai call mat kiya karo daily, DND list me dalo contact.!",,0,4
not_interested_062,"Bhai Bhai call mat kiya karo daily, DND list me dalo contact. jaldi batao",not_interested,"Bhai Bhai call mat kiya karo daily, DND list me dalo contact. jaldi batao",,0,4
not_interested_062,"Sir Bhai call mat kiya karo daily, DND list me dalo contact. kindly confirm",not_interested,"Sir Bhai call mat kiya karo daily, DND list me dalo contact. kindly confirm",,0,4
not_interested_062,"Sunna Bhai call mat kiya karo daily, DND list me dalo contact....",not_interested,"Sunna Bhai call mat kiya karo daily, DND list me dalo contact.",,1,4
not_interested_062,"Dekho Bhai call mat kiya karo daily, DND list me dalo contact. actually",not_interested,"Dekho Bhai call mat kiya karo daily, DND list me dalo contact. actually",,0,4
not_interested_062,"Hello team, Bhai call mat kiya karo daily, DND list me dalo contact.",not_interested,"Hello team, Bhai call mat kiya karo daily, DND list me dalo contact.",,0,4
not_interested_063,I have zero interest in buying property in this location.,not_interested,I have zero interest in buying property in this location.,,0,4
not_interested_063,Arre I have zero interest in buying property in this location. please,not_interested,Arre I have zero interest in buying property in this location. please,,0,4
not_interested_063,"Hey, I have zero interest in buying property in this location.!",not_interested,"Hey, I have zero interest in buying property in this location.!",,0,4
not_interested_063,Bhai I have zero interest in buying property in this location. jaldi batao,not_interested,Bhai I have zero interest in buying property in this location. jaldi batao,,0,4
not_interested_063,Sir I have zero interest in buying property in this location. kindly confirm,not_interested,Sir I have zero interest in buying property in this location. kindly confirm,,0,4
not_interested_063,Sunna I have zero interest in buying property in this location....,not_interested,Sunna I have zero interest in buying property in this location.,,1,4
not_interested_063,Dekho I have zero interest in buying property in this location. actually,not_interested,Dekho I have zero interest in buying property in this location. actually,,0,4
not_interested_063,"Hello team, I have zero interest in buying property in this location.",not_interested,"Hello team, I have zero interest in buying property in this location.",,0,4
not_interested_064,Mujhe koi gold loan nahi chahiye mere paas adequate savings hain.,not_interested,Mujhe koi gold loan nahi chahiye mere paas adequate savings hain.,,0,4
not_interested_064,Arre Mujhe koi gold loan nahi chahiye mere paas adequate savings hain. please,not_interested,Arre Mujhe koi gold loan nahi chahiye mere paas adequate savings hain. please,,0,4
not_interested_064,"Hey, Mujhe koi gold loan nahi chahiye mere paas adequate savings hain.!",not_interested,"Hey, Mujhe koi gold loan nahi chahiye mere paas adequate savings hain.!",,0,4
not_interested_064,Bhai Mujhe koi gold loan nahi chahiye mere paas adequate savings hain. jaldi batao,not_interested,Bhai Mujhe koi gold loan nahi chahiye mere paas adequate savings hain. jaldi batao,,0,4
not_interested_064,Sir Mujhe koi gold loan nahi chahiye mere paas adequate savings hain. kindly confirm,not_interested,Sir Mujhe koi gold loan nahi chahiye mere paas adequate savings hain. kindly confirm,,0,4
not_interested_064,Sunna Mujhe koi gold loan nahi chahiye mere paas adequate savings hain....,not_interested,Sunna Mujhe koi gold loan nahi chahiye mere paas adequate savings hain.,,1,4
not_interested_064,Dekho Mujhe koi gold loan nahi chahiye mere paas adequate savings hain. actually,not_interested,Dekho Mujhe koi gold loan nahi chahiye mere paas adequate savings hain. actually,,0,4
not_interested_064,"Hello team, Mujhe koi gold loan nahi chahiye mere paas adequate savings hain.",not_interested,"Hello team, Mujhe koi gold loan nahi chahiye mere paas adequate savings hain.",,0,4
not_interested_065,Please close this ticket and do not contact me further.,not_interested,Please close this ticket and do not contact me further.,,0,4
not_interested_065,Arre Please close this ticket and do not contact me further. please,not_interested,Arre Please close this ticket and do not contact me further. please,,0,4
not_interested_065,"Hey, Please close this ticket and do not contact me further.!",not_interested,"Hey, Please close this ticket and do not contact me further.!",,0,4
not_interested_065,Bhai Please close this ticket and do not contact me further. jaldi batao,not_interested,Bhai Please close this ticket and do not contact me further. jaldi batao,,0,4
not_interested_065,Sir Please close this ticket and do not contact me further. kindly confirm,not_interested,Sir Please close this ticket and do not contact me further. kindly confirm,,0,4
not_interested_065,Sunna Please close this ticket and do not contact me further....,not_interested,Sunna Please close this ticket and do not contact me further.,,1,4
not_interested_065,Dekho Please close this ticket and do not contact me further. actually,not_interested,Dekho Please close this ticket and do not contact me further. actually,,0,4
not_interested_065,"Hello team, Please close this ticket and do not contact me further.",not_interested,"Hello team, Please close this ticket and do not contact me further.",,0,4
not_interested_069,"Aapke promotions irrelevant hain mere liye, stop calling.",not_interested,"Aapke promotions irrelevant hain mere liye, stop calling.",,0,4
not_interested_069,"Arre Aapke promotions irrelevant hain mere liye, stop calling. please",not_interested,"Arre Aapke promotions irrelevant hain mere liye, stop calling. please",,0,4
not_interested_069,"Hey, Aapke promotions irrelevant hain mere liye, stop calling.!",not_interested,"Hey, Aapke promotions irrelevant hain mere liye, stop calling.!",,0,4
not_interested_069,"Bhai Aapke promotions irrelevant hain mere liye, stop calling. jaldi batao",not_interested,"Bhai Aapke promotions irrelevant hain mere liye, stop calling. jaldi batao",,0,4
not_interested_069,"Sir Aapke promotions irrelevant hain mere liye, stop calling. kindly confirm",not_interested,"Sir Aapke promotions irrelevant hain mere liye, stop calling. kindly confirm",,0,4
not_interested_069,"Sunna Aapke promotions irrelevant hain mere liye, stop calling....",not_interested,"Sunna Aapke promotions irrelevant hain mere liye, stop calling.",,1,4
not_interested_069,"Dekho Aapke promotions irrelevant hain mere liye, stop calling. actually",not_interested,"Dekho Aapke promotions irrelevant hain mere liye, stop calling. actually",,0,4
not_interested_069,"Hello team, Aapke promotions irrelevant hain mere liye, stop calling.",not_interested,"Hello team, Aapke promotions irrelevant hain mere liye, stop calling.",,0,4
not_interested_070,"No need, I am totally happy with my current brand.",not_interested,"No need, I am totally happy with my current brand.",,0,4
not_interested_070,"Arre No need, I am totally happy with my current brand. please",not_interested,"Arre No need, I am totally happy with my current brand. please",,0,4
not_interested_070,"Hey, No need, I am totally happy with my current brand.!",not_interested,"Hey, No need, I am totally happy with my current brand.!",,0,4
not_interested_070,"Bhai No need, I am totally happy with my current brand. jaldi batao",not_interested,"Bhai No need, I am totally happy with my current brand. jaldi batao",,0,4
not_interested_070,"Sir No need, I am totally happy with my current brand. kindly confirm",not_interested,"Sir No need, I am totally happy with my current brand. kindly confirm",,0,4
not_interested_070,"Sunna No need, I am totally happy with my current brand....",not_interested,"Sunna No need, I am totally happy with my current brand.",,1,4
not_interested_070,"Dekho No need, I am totally happy with my current brand. actually",not_interested,"Dekho No need, I am totally happy with my current brand. actually",,0,4
not_interested_070,"Hello team, No need, I am totally happy with my current brand.",not_interested,"Hello team, No need, I am totally happy with my current brand.",,0,4
not_interested_071,"Maine already switch kar liya doosre operator pe, not interested.",not_interested,"Maine already switch kar liya doosre operator pe, not interested.",,0,4
not_interested_071,"Arre Maine already switch kar liya doosre operator pe, not interested. please",not_interested,"Arre Maine already switch kar liya doosre operator pe, not interested. please",,0,4
not_interested_071,"Hey, Maine already switch kar liya doosre operator pe, not interested.!",not_interested,"Hey, Maine already switch kar liya doosre operator pe, not interested.!",,0,4
not_interested_071,"Bhai Maine already switch kar liya doosre operator pe, not interested. jaldi batao",not_interested,"Bhai Maine already switch kar liya doosre operator pe, not interested. jaldi batao",,0,4
not_interested_071,"Sir Maine already switch kar liya doosre operator pe, not interested. kindly confirm",not_interested,"Sir Maine already switch kar liya doosre operator pe, not interested. kindly confirm",,0,4
not_interested_071,"Sunna Maine already switch kar liya doosre operator pe, not interested....",not_interested,"Sunna Maine already switch kar liya doosre operator pe, not interested.",,1,4
not_interested_071,"Dekho Maine already switch kar liya doosre operator pe, not interested. actually",not_interested,"Dekho Maine already switch kar liya doosre operator pe, not interested. actually",,0,4
not_interested_071,"Hello team, Maine already switch kar liya doosre operator pe, not interested.",not_interested,"Hello team, Maine already switch kar liya doosre operator pe, not interested.",,0,4
not_interested_072,Mujhe coaching institute me admission nahi lena self study kar raha hu.,not_interested,Mujhe coaching institute me admission nahi lena self study kar raha hu.,,0,4
not_interested_072,Arre Mujhe coaching institute me admission nahi lena self study kar raha hu. please,not_interested,Arre Mujhe coaching institute me admission nahi lena self study kar raha hu. please,,0,4
not_interested_072,"Hey, Mujhe coaching institute me admission nahi lena self study kar raha hu.!",not_interested,"Hey, Mujhe coaching institute me admission nahi lena self study kar raha hu.!",,0,4
not_interested_072,Bhai Mujhe coaching institute me admission nahi lena self study kar raha hu. jaldi batao,not_interested,Bhai Mujhe coaching institute me admission nahi lena self study kar raha hu. jaldi batao,,0,4
not_interested_072,Sir Mujhe coaching institute me admission nahi lena self study kar raha hu. kindly confirm,not_interested,Sir Mujhe coaching institute me admission nahi lena self study kar raha hu. kindly confirm,,0,4
not_interested_072,Sunna Mujhe coaching institute me admission nahi lena self study kar raha hu....,not_interested,Sunna Mujhe coaching institute me admission nahi lena self study kar raha hu.,,1,4
not_interested_072,Dekho Mujhe coaching institute me admission nahi lena self study kar raha hu. actually,not_interested,Dekho Mujhe coaching institute me admission nahi lena self study kar raha hu. actually,,0,4
not_interested_072,"Hello team, Mujhe coaching institute me admission nahi lena self study kar raha hu.",not_interested,"Hello team, Mujhe coaching institute me admission nahi lena self study kar raha hu.",,0,4
not_interested_073,Kindly blacklist my phone number for sales calls.,not_interested,Kindly blacklist my phone number for sales calls.,,0,4
not_interested_073,Arre Kindly blacklist my phone number for sales calls. please,not_interested,Arre Kindly blacklist my phone number for sales calls. please,,0,4
not_interested_073,"Hey, Kindly blacklist my phone number for sales calls.!",not_interested,"Hey, Kindly blacklist my phone number for sales calls.!",,0,4
not_interested_073,Bhai Kindly blacklist my phone number for sales calls. jaldi batao,not_interested,Bhai Kindly blacklist my phone number for sales calls. jaldi batao,,0,4
not_interested_073,Sir Kindly blacklist my phone number for sales calls. kindly confirm,not_interested,Sir Kindly blacklist my phone number for sales calls. kindly confirm,,0,4
not_interested_073,Sunna Kindly blacklist my phone number for sales calls....,not_interested,Sunna Kindly blacklist my phone number for sales calls.,,1,4
not_interested_073,Dekho Kindly blacklist my phone number for sales calls. actually,not_interested,Dekho Kindly blacklist my phone number for sales calls. actually,,0,4
not_interested_073,"Hello team, Kindly blacklist my phone number for sales calls.",not_interested,"Hello team, Kindly blacklist my phone number for sales calls.",,0,4
not_interested_074,"Bilkul zero requirement hai, thank you goodbye.",not_interested,"Bilkul zero requirement hai, thank you goodbye.",,0,4
not_interested_074,"Arre Bilkul zero requirement hai, thank you goodbye. please",not_interested,"Arre Bilkul zero requirement hai, thank you goodbye. please",,0,4
not_interested_074,"Hey, Bilkul zero requirement hai, thank you goodbye.!",not_interested,"Hey, Bilkul zero requirement hai, thank you goodbye.!",,0,4
not_interested_074,"Bhai Bilkul zero requirement hai, thank you goodbye. jaldi batao",not_interested,"Bhai Bilkul zero requirement hai, thank you goodbye. jaldi batao",,0,4
not_interested_074,"Sir Bilkul zero requirement hai, thank you goodbye. kindly confirm",not_interested,"Sir Bilkul zero requirement hai, thank you goodbye. kindly confirm",,0,4
not_interested_074,"Sunna Bilkul zero requirement hai, thank you goodbye....",not_interested,"Sunna Bilkul zero requirement hai, thank you goodbye.",,1,4
not_interested_074,"Dekho Bilkul zero requirement hai, thank you goodbye. actually",not_interested,"Dekho Bilkul zero requirement hai, thank you goodbye. actually",,0,4
not_interested_074,"Hello team, Bilkul zero requirement hai, thank you goodbye.",not_interested,"Hello team, Bilkul zero requirement hai, thank you goodbye.",,0,4
not_interested_077,"Please don't call on this number, it's an official emergency line.",not_interested,"Please don't call on this number, it's an official emergency line.",,0,4
not_interested_077,"Arre Please don't call on this number, it's an official emergency line. please",not_interested,"Arre Please don't call on this number, it's an official emergency line. please",,0,4
not_interested_077,"Hey, Please don't call on this number, it's an official emergency line.!",not_interested,"Hey, Please don't call on this number, it's an official emergency line.!",,0,4
not_interested_077,"Bhai Please don't call on this number, it's an official emergency line. jaldi batao",not_interested,"Bhai Please don't call on this number, it's an official emergency line. jaldi batao",,0,4
not_interested_077,"Sir Please don't call on this number, it's an official emergency line. kindly confirm",not_interested,"Sir Please don't call on this number, it's an official emergency line. kindly confirm",,0,4
not_interested_077,"Sunna Please don't call on this number, it's an official emergency line....",not_interested,"Sunna Please don't call on this number, it's an official emergency line.",,1,4
not_interested_077,"Dekho Please don't call on this number, it's an official emergency line. actually",not_interested,"Dekho Please don't call on this number, it's an official emergency line. actually",,0,4
not_interested_077,"Hello team, Please don't call on this number, it's an official emergency line.",not_interested,"Hello team, Please don't call on this number, it's an official emergency line.",,0,4
not_interested_078,"Mujhe koi holiday voucher nahi chahiye, clear no from my side.",not_interested,"Mujhe koi holiday voucher nahi chahiye, clear no from my side.",,0,4
not_interested_078,"Arre Mujhe koi holiday voucher nahi chahiye, clear no from my side. please",not_interested,"Arre Mujhe koi holiday voucher nahi chahiye, clear no from my side. please",,0,4
not_interested_078,"Hey, Mujhe koi holiday voucher nahi chahiye, clear no from my side.!",not_interested,"Hey, Mujhe koi holiday voucher nahi chahiye, clear no from my side.!",,0,4
not_interested_078,"Bhai Mujhe koi holiday voucher nahi chahiye, clear no from my side. jaldi batao",not_interested,"Bhai Mujhe koi holiday voucher nahi chahiye, clear no from my side. jaldi batao",,0,4
not_interested_078,"Sir Mujhe koi holiday voucher nahi chahiye, clear no from my side. kindly confirm",not_interested,"Sir Mujhe koi holiday voucher nahi chahiye, clear no from my side. kindly confirm",,0,4
not_interested_078,"Sunna Mujhe koi holiday voucher nahi chahiye, clear no from my side....",not_interested,"Sunna Mujhe koi holiday voucher nahi chahiye, clear no from my side.",,1,4
not_interested_078,"Dekho Mujhe koi holiday voucher nahi chahiye, clear no from my side. actually",not_interested,"Dekho Mujhe koi holiday voucher nahi chahiye, clear no from my side. actually",,0,4
not_interested_078,"Hello team, Mujhe koi holiday voucher nahi chahiye, clear no from my side.",not_interested,"Hello team, Mujhe koi holiday voucher nahi chahiye, clear no from my side.",,0,4
not_interested_079,"No thank you, I have already purchased a similar gadget.",not_interested,"No thank you, I have already purchased a similar gadget.",,0,4
not_interested_079,"Arre No thank you, I have already purchased a similar gadget. please",not_interested,"Arre No thank you, I have already purchased a similar gadget. please",,0,4
not_interested_079,"Hey, No thank you, I have already purchased a similar gadget.!",not_interested,"Hey, No thank you, I have already purchased a similar gadget.!",,0,4
not_interested_079,"Bhai No thank you, I have already purchased a similar gadget. jaldi batao",not_interested,"Bhai No thank you, I have already purchased a similar gadget. jaldi batao",,0,4
not_interested_079,"Sir No thank you, I have already purchased a similar gadget. kindly confirm",not_interested,"Sir No thank you, I have already purchased a similar gadget. kindly confirm",,0,4
not_interested_079,"Sunna No thank you, I have already purchased a similar gadget....",not_interested,"Sunna No thank you, I have already purchased a similar gadget.",,1,4
not_interested_079,"Dekho No thank you, I have already purchased a similar gadget. actually",not_interested,"Dekho No thank you, I have already purchased a similar gadget. actually",,0,4
not_interested_079,"Hello team, No thank you, I have already purchased a similar gadget.",not_interested,"Hello team, No thank you, I have already purchased a similar gadget.",,0,4
not_interested_081,"I don't have time for sales pitches, please hang up.",not_interested,"I don't have time for sales pitches, please hang up.",,0,4
not_interested_081,"Arre I don't have time for sales pitches, please hang up. please",not_interested,"Arre I don't have time for sales pitches, please hang up. please",,0,4
not_interested_081,"Hey, I don't have time for sales pitches, please hang up.!",not_interested,"Hey, I don't have time for sales pitches, please hang up.!",,0,4
not_interested_081,"Bhai I don't have time for sales pitches, please hang up. jaldi batao",not_interested,"Bhai I don't have time for sales pitches, please hang up. jaldi batao",,0,4
not_interested_081,"Sir I don't have time for sales pitches, please hang up. kindly confirm",not_interested,"Sir I don't have time for sales pitches, please hang up. kindly confirm",,0,4
not_interested_081,"Sunna I don't have time for sales pitches, please hang up....",not_interested,"Sunna I don't have time for sales pitches, please hang up.",,1,4
not_interested_081,"Dekho I don't have time for sales pitches, please hang up. actually",not_interested,"Dekho I don't have time for sales pitches, please hang up. actually",,0,4
not_interested_081,"Hello team, I don't have time for sales pitches, please hang up.",not_interested,"Hello team, I don't have time for sales pitches, please hang up.",,0,4
not_interested_083,"Aapki company se mujhe koi transaction nahi karni, delete my data.",not_interested,"Aapki company se mujhe koi transaction nahi karni, delete my data.",,0,4
not_interested_083,"Arre Aapki company se mujhe koi transaction nahi karni, delete my data. please",not_interested,"Arre Aapki company se mujhe koi transaction nahi karni, delete my data. please",,0,4
not_interested_083,"Hey, Aapki company se mujhe koi transaction nahi karni, delete my data.!",not_interested,"Hey, Aapki company se mujhe koi transaction nahi karni, delete my data.!",,0,4
not_interested_083,"Bhai Aapki company se mujhe koi transaction nahi karni, delete my data. jaldi batao",not_interested,"Bhai Aapki company se mujhe koi transaction nahi karni, delete my data. jaldi batao",,0,4
not_interested_083,"Sir Aapki company se mujhe koi transaction nahi karni, delete my data. kindly confirm",not_interested,"Sir Aapki company se mujhe koi transaction nahi karni, delete my data. kindly confirm",,0,4
not_interested_083,"Sunna Aapki company se mujhe koi transaction nahi karni, delete my data....",not_interested,"Sunna Aapki company se mujhe koi transaction nahi karni, delete my data.",,1,4
not_interested_083,"Dekho Aapki company se mujhe koi transaction nahi karni, delete my data. actually",not_interested,"Dekho Aapki company se mujhe koi transaction nahi karni, delete my data. actually",,0,4
not_interested_083,"Hello team, Aapki company se mujhe koi transaction nahi karni, delete my data.",not_interested,"Hello team, Aapki company se mujhe koi transaction nahi karni, delete my data.",,0,4
not_interested_085,"Maine mana kiya tha fir se sales call aa gayi, report karunga TRAI me.",not_interested,"Maine mana kiya tha fir se sales call aa gayi, report karunga TRAI me.",,0,4
not_interested_085,"Arre Maine mana kiya tha fir se sales call aa gayi, report karunga TRAI me. please",not_interested,"Arre Maine mana kiya tha fir se sales call aa gayi, report karunga TRAI me. please",,0,4
not_interested_085,"Hey, Maine mana kiya tha fir se sales call aa gayi, report karunga TRAI me.!",not_interested,"Hey, Maine mana kiya tha fir se sales call aa gayi, report karunga TRAI me.!",,0,4
not_interested_085,"Bhai Maine mana kiya tha fir se sales call aa gayi, report karunga TRAI me. jaldi batao",not_interested,"Bhai Maine mana kiya tha fir se sales call aa gayi, report karunga TRAI me. jaldi batao",,0,4
not_interested_085,"Sir Maine mana kiya tha fir se sales call aa gayi, report karunga TRAI me. kindly confirm",not_interested,"Sir Maine mana kiya tha fir se sales call aa gayi, report karunga TRAI me. kindly confirm",,0,4
not_interested_085,"Sunna Maine mana kiya tha fir se sales call aa gayi, report karunga TRAI me....",not_interested,"Sunna Maine mana kiya tha fir se sales call aa gayi, report karunga TRAI me.",,1,4
not_interested_085,"Dekho Maine mana kiya tha fir se sales call aa gayi, report karunga TRAI me. actually",not_interested,"Dekho Maine mana kiya tha fir se sales call aa gayi, report karunga TRAI me. actually",,0,4
not_interested_085,"Hello team, Maine mana kiya tha fir se sales call aa gayi, report karunga TRAI me.",not_interested,"Hello team, Maine mana kiya tha fir se sales call aa gayi, report karunga TRAI me.",,0,4
not_interested_086,"No requirement for interior design services, flat ready hai.",not_interested,"No requirement for interior design services, flat ready hai.",,0,4
not_interested_086,"Arre No requirement for interior design services, flat ready hai. please",not_interested,"Arre No requirement for interior design services, flat ready hai. please",,0,4
not_interested_086,"Hey, No requirement for interior design services, flat ready hai.!",not_interested,"Hey, No requirement for interior design services, flat ready hai.!",,0,4
not_interested_086,"Bhai No requirement for interior design services, flat ready hai. jaldi batao",not_interested,"Bhai No requirement for interior design services, flat ready hai. jaldi batao",,0,4
not_interested_086,"Sir No requirement for interior design services, flat ready hai. kindly confirm",not_interested,"Sir No requirement for interior design services, flat ready hai. kindly confirm",,0,4
not_interested_086,"Sunna No requirement for interior design services, flat ready hai....",not_interested,"Sunna No requirement for interior design services, flat ready hai.",,1,4
not_interested_086,"Dekho No requirement for interior design services, flat ready hai. actually",not_interested,"Dekho No requirement for interior design services, flat ready hai. actually",,0,4
not_interested_086,"Hello team, No requirement for interior design services, flat ready hai.",not_interested,"Hello team, No requirement for interior design services, flat ready hai.",,0,4
not_interested_087,Mujhe fixed deposit ya mutual fund ka promotion nahi sunna.,not_interested,Mujhe fixed deposit ya mutual fund ka promotion nahi sunna.,,0,4
not_interested_087,Arre Mujhe fixed deposit ya mutual fund ka promotion nahi sunna. please,not_interested,Arre Mujhe fixed deposit ya mutual fund ka promotion nahi sunna. please,,0,4
not_interested_087,"Hey, Mujhe fixed deposit ya mutual fund ka promotion nahi sunna.!",not_interested,"Hey, Mujhe fixed deposit ya mutual fund ka promotion nahi sunna.!",,0,4
not_interested_087,Bhai Mujhe fixed deposit ya mutual fund ka promotion nahi sunna. jaldi batao,not_interested,Bhai Mujhe fixed deposit ya mutual fund ka promotion nahi sunna. jaldi batao,,0,4
not_interested_087,Sir Mujhe fixed deposit ya mutual fund ka promotion nahi sunna. kindly confirm,not_interested,Sir Mujhe fixed deposit ya mutual fund ka promotion nahi sunna. kindly confirm,,0,4
not_interested_087,Sunna Mujhe fixed deposit ya mutual fund ka promotion nahi sunna....,not_interested,Sunna Mujhe fixed deposit ya mutual fund ka promotion nahi sunna.,,1,4
not_interested_087,Dekho Mujhe fixed deposit ya mutual fund ka promotion nahi sunna. actually,not_interested,Dekho Mujhe fixed deposit ya mutual fund ka promotion nahi sunna. actually,,0,4
not_interested_087,"Hello team, Mujhe fixed deposit ya mutual fund ka promotion nahi sunna.",not_interested,"Hello team, Mujhe fixed deposit ya mutual fund ka promotion nahi sunna.",,0,4
not_interested_088,I have closed my business so I don't need commercial services.,not_interested,I have closed my business so I don't need commercial services.,,0,4
not_interested_088,Arre I have closed my business so I don't need commercial services. please,not_interested,Arre I have closed my business so I don't need commercial services. please,,0,4
not_interested_088,"Hey, I have closed my business so I don't need commercial services.!",not_interested,"Hey, I have closed my business so I don't need commercial services.!",,0,4
not_interested_088,Bhai I have closed my business so I don't need commercial services. jaldi batao,not_interested,Bhai I have closed my business so I don't need commercial services. jaldi batao,,0,4
not_interested_088,Sir I have closed my business so I don't need commercial services. kindly confirm,not_interested,Sir I have closed my business so I don't need commercial services. kindly confirm,,0,4
not_interested_088,Sunna I have closed my business so I don't need commercial services....,not_interested,Sunna I have closed my business so I don't need commercial services.,,1,4
not_interested_088,Dekho I have closed my business so I don't need commercial services. actually,not_interested,Dekho I have closed my business so I don't need commercial services. actually,,0,4
not_interested_088,"Hello team, I have closed my business so I don't need commercial services.",not_interested,"Hello team, I have closed my business so I don't need commercial services.",,0,4
not_interested_090,Please refrain from calling my number in future.,not_interested,Please refrain from calling my number in future.,,0,4
not_interested_090,Arre Please refrain from calling my number in future. please,not_interested,Arre Please refrain from calling my number in future. please,,0,4
not_interested_090,"Hey, Please refrain from calling my number in future.!",not_interested,"Hey, Please refrain from calling my number in future.!",,0,4
not_interested_090,Bhai Please refrain from calling my number in future. jaldi batao,not_interested,Bhai Please refrain from calling my number in future. jaldi batao,,0,4
not_interested_090,Sir Please refrain from calling my number in future. kindly confirm,not_interested,Sir Please refrain from calling my number in future. kindly confirm,,0,4
not_interested_090,Sunna Please refrain from calling my number in future....,not_interested,Sunna Please refrain from calling my number in future.,,1,4
not_interested_090,Dekho Please refrain from calling my number in future. actually,not_interested,Dekho Please refrain from calling my number in future. actually,,0,4
not_interested_090,"Hello team, Please refrain from calling my number in future.",not_interested,"Hello team, Please refrain from calling my number in future.",,0,4
not_interested_091,Mujhe credit card rewards upgrade me zero interest hai.,not_interested,Mujhe credit card rewards upgrade me zero interest hai.,,0,4
not_interested_091,Arre Mujhe credit card rewards upgrade me zero interest hai. please,not_interested,Arre Mujhe credit card rewards upgrade me zero interest hai. please,,0,4
not_interested_091,"Hey, Mujhe credit card rewards upgrade me zero interest hai.!",not_interested,"Hey, Mujhe credit card rewards upgrade me zero interest hai.!",,0,4
not_interested_091,Bhai Mujhe credit card rewards upgrade me zero interest hai. jaldi batao,not_interested,Bhai Mujhe credit card rewards upgrade me zero interest hai. jaldi batao,,0,4
not_interested_091,Sir Mujhe credit card rewards upgrade me zero interest hai. kindly confirm,not_interested,Sir Mujhe credit card rewards upgrade me zero interest hai. kindly confirm,,0,4
not_interested_091,Sunna Mujhe credit card rewards upgrade me zero interest hai....,not_interested,Sunna Mujhe credit card rewards upgrade me zero interest hai.,,1,4
not_interested_091,Dekho Mujhe credit card rewards upgrade me zero interest hai. actually,not_interested,Dekho Mujhe credit card rewards upgrade me zero interest hai. actually,,0,4
not_interested_091,"Hello team, Mujhe credit card rewards upgrade me zero interest hai.",not_interested,"Hello team, Mujhe credit card rewards upgrade me zero interest hai.",,0,4
not_interested_092,I am moving abroad permanently so no Indian policies needed.,not_interested,I am moving abroad permanently so no Indian policies needed.,,0,4
not_interested_092,Arre I am moving abroad permanently so no Indian policies needed. please,not_interested,Arre I am moving abroad permanently so no Indian policies needed. please,,0,4
not_interested_092,"Hey, I am moving abroad permanently so no Indian policies needed.!",not_interested,"Hey, I am moving abroad permanently so no Indian policies needed.!",,0,4
not_interested_092,Bhai I am moving abroad permanently so no Indian policies needed. jaldi batao,not_interested,Bhai I am moving abroad permanently so no Indian policies needed. jaldi batao,,0,4
not_interested_092,Sir I am moving abroad permanently so no Indian policies needed. kindly confirm,not_interested,Sir I am moving abroad permanently so no Indian policies needed. kindly confirm,,0,4
not_interested_092,Sunna I am moving abroad permanently so no Indian policies needed....,not_interested,Sunna I am moving abroad permanently so no Indian policies needed.,,1,4
not_interested_092,Dekho I am moving abroad permanently so no Indian policies needed. actually,not_interested,Dekho I am moving abroad permanently so no Indian policies needed. actually,,0,4
not_interested_092,"Hello team, I am moving abroad permanently so no Indian policies needed.",not_interested,"Hello team, I am moving abroad permanently so no Indian policies needed.",,0,4
not_interested_094,"No interest in solar installation, rented house me rehta hu.",not_interested,"No interest in solar installation, rented house me rehta hu.",,0,4
not_interested_094,"Arre No interest in solar installation, rented house me rehta hu. please",not_interested,"Arre No interest in solar installation, rented house me rehta hu. please",,0,4
not_interested_094,"Hey, No interest in solar installation, rented house me rehta hu.!",not_interested,"Hey, No interest in solar installation, rented house me rehta hu.!",,0,4
not_interested_094,"Bhai No interest in solar installation, rented house me rehta hu. jaldi batao",not_interested,"Bhai No interest in solar installation, rented house me rehta hu. jaldi batao",,0,4
not_interested_094,"Sir No interest in solar installation, rented house me rehta hu. kindly confirm",not_interested,"Sir No interest in solar installation, rented house me rehta hu. kindly confirm",,0,4
not_interested_094,"Sunna No interest in solar installation, rented house me rehta hu....",not_interested,"Sunna No interest in solar installation, rented house me rehta hu.",,1,4
not_interested_094,"Dekho No interest in solar installation, rented house me rehta hu. actually",not_interested,"Dekho No interest in solar installation, rented house me rehta hu. actually",,0,4
not_interested_094,"Hello team, No interest in solar installation, rented house me rehta hu.",not_interested,"Hello team, No interest in solar installation, rented house me rehta hu.",,0,4
not_interested_095,Mujhe matrimonial services me koi interest nahi hai.,not_interested,Mujhe matrimonial services me koi interest nahi hai.,,0,4
not_interested_095,Arre Mujhe matrimonial services me koi interest nahi hai. please,not_interested,Arre Mujhe matrimonial services me koi interest nahi hai. please,,0,4
not_interested_095,"Hey, Mujhe matrimonial services me koi interest nahi hai.!",not_interested,"Hey, Mujhe matrimonial services me koi interest nahi hai.!",,0,4
not_interested_095,Bhai Mujhe matrimonial services me koi interest nahi hai. jaldi batao,not_interested,Bhai Mujhe matrimonial services me koi interest nahi hai. jaldi batao,,0,4
not_interested_095,Sir Mujhe matrimonial services me koi interest nahi hai. kindly confirm,not_interested,Sir Mujhe matrimonial services me koi interest nahi hai. kindly confirm,,0,4
not_interested_095,Sunna Mujhe matrimonial services me koi interest nahi hai....,not_interested,Sunna Mujhe matrimonial services me koi interest nahi hai.,,1,4
not_interested_095,Dekho Mujhe matrimonial services me koi interest nahi hai. actually,not_interested,Dekho Mujhe matrimonial services me koi interest nahi hai. actually,,0,4
not_interested_095,"Hello team, Mujhe matrimonial services me koi interest nahi hai.",not_interested,"Hello team, Mujhe matrimonial services me koi interest nahi hai.",,0,4
not_interested_096,Please mark not interested against my lead ID.,not_interested,Please mark not interested against my lead ID.,,0,4
not_interested_096,Arre Please mark not interested against my lead ID. please,not_interested,Arre Please mark not interested against my lead ID. please,,0,4
not_interested_096,"Hey, Please mark not interested against my lead ID.!",not_interested,"Hey, Please mark not interested against my lead ID.!",,0,4
not_interested_096,Bhai Please mark not interested against my lead ID. jaldi batao,not_interested,Bhai Please mark not interested against my lead ID. jaldi batao,,0,4
not_interested_096,Sir Please mark not interested against my lead ID. kindly confirm,not_interested,Sir Please mark not interested against my lead ID. kindly confirm,,0,4
not_interested_096,Sunna Please mark not interested against my lead ID....,not_interested,Sunna Please mark not interested against my lead ID.,,1,4
not_interested_096,Dekho Please mark not interested against my lead ID. actually,not_interested,Dekho Please mark not interested against my lead ID. actually,,0,4
not_interested_096,"Hello team, Please mark not interested against my lead ID.",not_interested,"Hello team, Please mark not interested against my lead ID.",,0,4
not_interested_097,"Nahi khareedna kuch bhi, kitni baar samjhaye aapko?",not_interested,"Nahi khareedna kuch bhi, kitni baar samjhaye aapko?",,0,4
not_interested_097,"Arre Nahi khareedna kuch bhi, kitni baar samjhaye aapko? please",not_interested,"Arre Nahi khareedna kuch bhi, kitni baar samjhaye aapko? please",,0,4
not_interested_097,"Hey, Nahi khareedna kuch bhi, kitni baar samjhaye aapko?!",not_interested,"Hey, Nahi khareedna kuch bhi, kitni baar samjhaye aapko?!",,0,4
not_interested_097,"Bhai Nahi khareedna kuch bhi, kitni baar samjhaye aapko? jaldi batao",not_interested,"Bhai Nahi khareedna kuch bhi, kitni baar samjhaye aapko? jaldi batao",,0,4
not_interested_097,"Sir Nahi khareedna kuch bhi, kitni baar samjhaye aapko? kindly confirm",not_interested,"Sir Nahi khareedna kuch bhi, kitni baar samjhaye aapko? kindly confirm",,0,4
not_interested_097,"Sunna Nahi khareedna kuch bhi, kitni baar samjhaye aapko?...",not_interested,"Sunna Nahi khareedna kuch bhi, kitni baar samjhaye aapko?.",,1,4
not_interested_097,"Dekho Nahi khareedna kuch bhi, kitni baar samjhaye aapko? actually",not_interested,"Dekho Nahi khareedna kuch bhi, kitni baar samjhaye aapko? actually",,0,4
not_interested_097,"Hello team, Nahi khareedna kuch bhi, kitni baar samjhaye aapko?",not_interested,"Hello team, Nahi khareedna kuch bhi, kitni baar samjhaye aapko?",,0,4
not_interested_098,I don't want any sales representatives contacting me.,not_interested,I don't want any sales representatives contacting me.,,0,4
not_interested_098,Arre I don't want any sales representatives contacting me. please,not_interested,Arre I don't want any sales representatives contacting me. please,,0,4
not_interested_098,"Hey, I don't want any sales representatives contacting me.!",not_interested,"Hey, I don't want any sales representatives contacting me.!",,0,4
not_interested_098,Bhai I don't want any sales representatives contacting me. jaldi batao,not_interested,Bhai I don't want any sales representatives contacting me. jaldi batao,,0,4
not_interested_098,Sir I don't want any sales representatives contacting me. kindly confirm,not_interested,Sir I don't want any sales representatives contacting me. kindly confirm,,0,4
not_interested_098,Sunna I don't want any sales representatives contacting me....,not_interested,Sunna I don't want any sales representatives contacting me.,,1,4
not_interested_098,Dekho I don't want any sales representatives contacting me. actually,not_interested,Dekho I don't want any sales representatives contacting me. actually,,0,4
not_interested_098,"Hello team, I don't want any sales representatives contacting me.",not_interested,"Hello team, I don't want any sales representatives contacting me.",,0,4
not_interested_101,"Aap apna time kisi aur prospect par lagaiye, main interested nahi hu.",not_interested,"Aap apna time kisi aur prospect par lagaiye, main interested nahi hu.",,0,4
not_interested_101,"Arre Aap apna time kisi aur prospect par lagaiye, main interested nahi hu. please",not_interested,"Arre Aap apna time kisi aur prospect par lagaiye, main interested nahi hu. please",,0,4
not_interested_101,"Hey, Aap apna time kisi aur prospect par lagaiye, main interested nahi hu.!",not_interested,"Hey, Aap apna time kisi aur prospect par lagaiye, main interested nahi hu.!",,0,4
not_interested_101,"Bhai Aap apna time kisi aur prospect par lagaiye, main interested nahi hu. jaldi batao",not_interested,"Bhai Aap apna time kisi aur prospect par lagaiye, main interested nahi hu. jaldi batao",,0,4
not_interested_101,"Sir Aap apna time kisi aur prospect par lagaiye, main interested nahi hu. kindly confirm",not_interested,"Sir Aap apna time kisi aur prospect par lagaiye, main interested nahi hu. kindly confirm",,0,4
not_interested_101,"Sunna Aap apna time kisi aur prospect par lagaiye, main interested nahi hu....",not_interested,"Sunna Aap apna time kisi aur prospect par lagaiye, main interested nahi hu.",,1,4
not_interested_101,"Dekho Aap apna time kisi aur prospect par lagaiye, main interested nahi hu. actually",not_interested,"Dekho Aap apna time kisi aur prospect par lagaiye, main interested nahi hu. actually",,0,4
not_interested_101,"Hello team, Aap apna time kisi aur prospect par lagaiye, main interested nahi hu.",not_interested,"Hello team, Aap apna time kisi aur prospect par lagaiye, main interested nahi hu.",,0,4
not_interested_102,"Mujhe koi luxury dining pass nahi chahiye, thank you.",not_interested,"Mujhe koi luxury dining pass nahi chahiye, thank you.",,0,4
not_interested_102,"Arre Mujhe koi luxury dining pass nahi chahiye, thank you. please",not_interested,"Arre Mujhe koi luxury dining pass nahi chahiye, thank you. please",,0,4
not_interested_102,"Hey, Mujhe koi luxury dining pass nahi chahiye, thank you.!",not_interested,"Hey, Mujhe koi luxury dining pass nahi chahiye, thank you.!",,0,4
not_interested_102,"Bhai Mujhe koi luxury dining pass nahi chahiye, thank you. jaldi batao",not_interested,"Bhai Mujhe koi luxury dining pass nahi chahiye, thank you. jaldi batao",,0,4
not_interested_102,"Sir Mujhe koi luxury dining pass nahi chahiye, thank you. kindly confirm",not_interested,"Sir Mujhe koi luxury dining pass nahi chahiye, thank you. kindly confirm",,0,4
not_interested_102,"Sunna Mujhe koi luxury dining pass nahi chahiye, thank you....",not_interested,"Sunna Mujhe koi luxury dining pass nahi chahiye, thank you.",,1,4
not_interested_102,"Dekho Mujhe koi luxury dining pass nahi chahiye, thank you. actually",not_interested,"Dekho Mujhe koi luxury dining pass nahi chahiye, thank you. actually",,0,4
not_interested_102,"Hello team, Mujhe koi luxury dining pass nahi chahiye, thank you.",not_interested,"Hello team, Mujhe koi luxury dining pass nahi chahiye, thank you.",,0,4
not_interested_103,"I strictly decline this offer, do not call back.",not_interested,"I strictly decline this offer, do not call back.",,0,4
not_interested_103,"Arre I strictly decline this offer, do not call back. please",not_interested,"Arre I strictly decline this offer, do not call back. please",,0,4
not_interested_103,"Hey, I strictly decline this offer, do not call back.!",not_interested,"Hey, I strictly decline this offer, do not call back.!",,0,4
not_interested_103,"Bhai I strictly decline this offer, do not call back. jaldi batao",not_interested,"Bhai I strictly decline this offer, do not call back. jaldi batao",,0,4
not_interested_103,"Sir I strictly decline this offer, do not call back. kindly confirm",not_interested,"Sir I strictly decline this offer, do not call back. kindly confirm",,0,4
not_interested_103,"Sunna I strictly decline this offer, do not call back....",not_interested,"Sunna I strictly decline this offer, do not call back.",,1,4
not_interested_103,"Dekho I strictly decline this offer, do not call back. actually",not_interested,"Dekho I strictly decline this offer, do not call back. actually",,0,4
not_interested_103,"Hello team, I strictly decline this offer, do not call back.",not_interested,"Hello team, I strictly decline this offer, do not call back.",,0,4
not_interested_105,"Please stop spam calls, I will take legal action against telemarketer.",not_interested,"Please stop spam calls, I will take legal action against telemarketer.",,0,4
not_interested_105,"Arre Please stop spam calls, I will take legal action against telemarketer. please",not_interested,"Arre Please stop spam calls, I will take legal action against telemarketer. please",,0,4
not_interested_105,"Hey, Please stop spam calls, I will take legal action against telemarketer.!",not_interested,"Hey, Please stop spam calls, I will take legal action against telemarketer.!",,0,4
not_interested_105,"Bhai Please stop spam calls, I will take legal action against telemarketer. jaldi batao",not_interested,"Bhai Please stop spam calls, I will take legal action against telemarketer. jaldi batao",,0,4
not_interested_105,"Sir Please stop spam calls, I will take legal action against telemarketer. kindly confirm",not_interested,"Sir Please stop spam calls, I will take legal action against telemarketer. kindly confirm",,0,4
not_interested_105,"Sunna Please stop spam calls, I will take legal action against telemarketer....",not_interested,"Sunna Please stop spam calls, I will take legal action against telemarketer.",,1,4
not_interested_105,"Dekho Please stop spam calls, I will take legal action against telemarketer. actually",not_interested,"Dekho Please stop spam calls, I will take legal action against telemarketer. actually",,0,4
not_interested_105,"Hello team, Please stop spam calls, I will take legal action against telemarketer.",not_interested,"Hello team, Please stop spam calls, I will take legal action against telemarketer.",,0,4
not_interested_106,Mujhe water purifier rental plan nahi lena purchase kar chuka hu.,not_interested,Mujhe water purifier rental plan nahi lena purchase kar chuka hu.,,0,4
not_interested_106,Arre Mujhe water purifier rental plan nahi lena purchase kar chuka hu. please,not_interested,Arre Mujhe water purifier rental plan nahi lena purchase kar chuka hu. please,,0,4
not_interested_106,"Hey, Mujhe water purifier rental plan nahi lena purchase kar chuka hu.!",not_interested,"Hey, Mujhe water purifier rental plan nahi lena purchase kar chuka hu.!",,0,4
not_interested_106,Bhai Mujhe water purifier rental plan nahi lena purchase kar chuka hu. jaldi batao,not_interested,Bhai Mujhe water purifier rental plan nahi lena purchase kar chuka hu. jaldi batao,,0,4
not_interested_106,Sir Mujhe water purifier rental plan nahi lena purchase kar chuka hu. kindly confirm,not_interested,Sir Mujhe water purifier rental plan nahi lena purchase kar chuka hu. kindly confirm,,0,4
not_interested_106,Sunna Mujhe water purifier rental plan nahi lena purchase kar chuka hu....,not_interested,Sunna Mujhe water purifier rental plan nahi lena purchase kar chuka hu.,,1,4
not_interested_106,Dekho Mujhe water purifier rental plan nahi lena purchase kar chuka hu. actually,not_interested,Dekho Mujhe water purifier rental plan nahi lena purchase kar chuka hu. actually,,0,4
not_interested_106,"Hello team, Mujhe water purifier rental plan nahi lena purchase kar chuka hu.",not_interested,"Hello team, Mujhe water purifier rental plan nahi lena purchase kar chuka hu.",,0,4
not_interested_107,No interest at all in buying shares or trading tips.,not_interested,No interest at all in buying shares or trading tips.,,0,4
not_interested_107,Arre No interest at all in buying shares or trading tips. please,not_interested,Arre No interest at all in buying shares or trading tips. please,,0,4
not_interested_107,"Hey, No interest at all in buying shares or trading tips.!",not_interested,"Hey, No interest at all in buying shares or trading tips.!",,0,4
not_interested_107,Bhai No interest at all in buying shares or trading tips. jaldi batao,not_interested,Bhai No interest at all in buying shares or trading tips. jaldi batao,,0,4
not_interested_107,Sir No interest at all in buying shares or trading tips. kindly confirm,not_interested,Sir No interest at all in buying shares or trading tips. kindly confirm,,0,4
not_interested_107,Sunna No interest at all in buying shares or trading tips....,not_interested,Sunna No interest at all in buying shares or trading tips.,,1,4
not_interested_107,Dekho No interest at all in buying shares or trading tips. actually,not_interested,Dekho No interest at all in buying shares or trading tips. actually,,0,4
not_interested_107,"Hello team, No interest at all in buying shares or trading tips.",not_interested,"Hello team, No interest at all in buying shares or trading tips.",,0,4
not_interested_109,I am not interested in renewing my lapsed membership.,not_interested,I am not interested in renewing my lapsed membership.,,0,4
not_interested_109,Arre I am not interested in renewing my lapsed membership. please,not_interested,Arre I am not interested in renewing my lapsed membership. please,,0,4
not_interested_109,"Hey, I am not interested in renewing my lapsed membership.!",not_interested,"Hey, I am not interested in renewing my lapsed membership.!",,0,4
not_interested_109,Bhai I am not interested in renewing my lapsed membership. jaldi batao,not_interested,Bhai I am not interested in renewing my lapsed membership. jaldi batao,,0,4
not_interested_109,Sir I am not interested in renewing my lapsed membership. kindly confirm,not_interested,Sir I am not interested in renewing my lapsed membership. kindly confirm,,0,4
not_interested_109,Sunna I am not interested in renewing my lapsed membership....,not_interested,Sunna I am not interested in renewing my lapsed membership.,,1,4
not_interested_109,Dekho I am not interested in renewing my lapsed membership. actually,not_interested,Dekho I am not interested in renewing my lapsed membership. actually,,0,4
not_interested_109,"Hello team, I am not interested in renewing my lapsed membership.",not_interested,"Hello team, I am not interested in renewing my lapsed membership.",,0,4
not_interested_114,"Mujhe security cameras nahi lagwane ghar par, not interested.",not_interested,"Mujhe security cameras nahi lagwane ghar par, not interested.",,0,4
not_interested_114,"Arre Mujhe security cameras nahi lagwane ghar par, not interested. please",not_interested,"Arre Mujhe security cameras nahi lagwane ghar par, not interested. please",,0,4
not_interested_114,"Hey, Mujhe security cameras nahi lagwane ghar par, not interested.!",not_interested,"Hey, Mujhe security cameras nahi lagwane ghar par, not interested.!",,0,4
not_interested_114,"Bhai Mujhe security cameras nahi lagwane ghar par, not interested. jaldi batao",not_interested,"Bhai Mujhe security cameras nahi lagwane ghar par, not interested. jaldi batao",,0,4
not_interested_114,"Sir Mujhe security cameras nahi lagwane ghar par, not interested. kindly confirm",not_interested,"Sir Mujhe security cameras nahi lagwane ghar par, not interested. kindly confirm",,0,4
not_interested_114,"Sunna Mujhe security cameras nahi lagwane ghar par, not interested....",not_interested,"Sunna Mujhe security cameras nahi lagwane ghar par, not interested.",,1,4
not_interested_114,"Dekho Mujhe security cameras nahi lagwane ghar par, not interested. actually",not_interested,"Dekho Mujhe security cameras nahi lagwane ghar par, not interested. actually",,0,4
not_interested_114,"Hello team, Mujhe security cameras nahi lagwane ghar par, not interested.",not_interested,"Hello team, Mujhe security cameras nahi lagwane ghar par, not interested.",,0,4
not_interested_115,"Please stop calling during work hours, completely uninterested.",not_interested,"Please stop calling during work hours, completely uninterested.",,0,4
not_interested_115,"Arre Please stop calling during work hours, completely uninterested. please",not_interested,"Arre Please stop calling during work hours, completely uninterested. please",,0,4
not_interested_115,"Hey, Please stop calling during work hours, completely uninterested.!",not_interested,"Hey, Please stop calling during work hours, completely uninterested.!",,0,4
not_interested_115,"Bhai Please stop calling during work hours, completely uninterested. jaldi batao",not_interested,"Bhai Please stop calling during work hours, completely uninterested. jaldi batao",,0,4
not_interested_115,"Sir Please stop calling during work hours, completely uninterested. kindly confirm",not_interested,"Sir Please stop calling during work hours, completely uninterested. kindly confirm",,0,4
not_interested_115,"Sunna Please stop calling during work hours, completely uninterested....",not_interested,"Sunna Please stop calling during work hours, completely uninterested.",,1,4
not_interested_115,"Dekho Please stop calling during work hours, completely uninterested. actually",not_interested,"Dekho Please stop calling during work hours, completely uninterested. actually",,0,4
not_interested_115,"Hello team, Please stop calling during work hours, completely uninterested.",not_interested,"Hello team, Please stop calling during work hours, completely uninterested.",,0,4
not_interested_117,"No thanks, I don't need any promotional vouchers.",not_interested,"No thanks, I don't need any promotional vouchers.",,0,4
not_interested_117,"Arre No thanks, I don't need any promotional vouchers. please",not_interested,"Arre No thanks, I don't need any promotional vouchers. please",,0,4
not_interested_117,"Hey, No thanks, I don't need any promotional vouchers.!",not_interested,"Hey, No thanks, I don't need any promotional vouchers.!",,0,4
not_interested_117,"Bhai No thanks, I don't need any promotional vouchers. jaldi batao",not_interested,"Bhai No thanks, I don't need any promotional vouchers. jaldi batao",,0,4
not_interested_117,"Sir No thanks, I don't need any promotional vouchers. kindly confirm",not_interested,"Sir No thanks, I don't need any promotional vouchers. kindly confirm",,0,4
not_interested_117,"Sunna No thanks, I don't need any promotional vouchers....",not_interested,"Sunna No thanks, I don't need any promotional vouchers.",,1,4
not_interested_117,"Dekho No thanks, I don't need any promotional vouchers. actually",not_interested,"Dekho No thanks, I don't need any promotional vouchers. actually",,0,4
not_interested_117,"Hello team, No thanks, I don't need any promotional vouchers.",not_interested,"Hello team, No thanks, I don't need any promotional vouchers.",,0,4
not_interested_118,"Mujhe language classes join nahi karni, no interest.",not_interested,"Mujhe language classes join nahi karni, no interest.",,0,4
not_interested_118,"Arre Mujhe language classes join nahi karni, no interest. please",not_interested,"Arre Mujhe language classes join nahi karni, no interest. please",,0,4
not_interested_118,"Hey, Mujhe language classes join nahi karni, no interest.!",not_interested,"Hey, Mujhe language classes join nahi karni, no interest.!",,0,4
not_interested_118,"Bhai Mujhe language classes join nahi karni, no interest. jaldi batao",not_interested,"Bhai Mujhe language classes join nahi karni, no interest. jaldi batao",,0,4
not_interested_118,"Sir Mujhe language classes join nahi karni, no interest. kindly confirm",not_interested,"Sir Mujhe language classes join nahi karni, no interest. kindly confirm",,0,4
not_interested_118,"Sunna Mujhe language classes join nahi karni, no interest....",not_interested,"Sunna Mujhe language classes join nahi karni, no interest.",,1,4
not_interested_118,"Dekho Mujhe language classes join nahi karni, no interest. actually",not_interested,"Dekho Mujhe language classes join nahi karni, no interest. actually",,0,4
not_interested_118,"Hello team, Mujhe language classes join nahi karni, no interest.",not_interested,"Hello team, Mujhe language classes join nahi karni, no interest.",,0,4
not_interested_119,I have already reported your previous call as spam.,not_interested,I have already reported your previous call as spam.,,0,4
not_interested_119,Arre I have already reported your previous call as spam. please,not_interested,Arre I have already reported your previous call as spam. please,,0,4
not_interested_119,"Hey, I have already reported your previous call as spam.!",not_interested,"Hey, I have already reported your previous call as spam.!",,0,4
not_interested_119,Bhai I have already reported your previous call as spam. jaldi batao,not_interested,Bhai I have already reported your previous call as spam. jaldi batao,,0,4
not_interested_119,Sir I have already reported your previous call as spam. kindly confirm,not_interested,Sir I have already reported your previous call as spam. kindly confirm,,0,4
not_interested_119,Sunna I have already reported your previous call as spam....,not_interested,Sunna I have already reported your previous call as spam.,,1,4
not_interested_119,Dekho I have already reported your previous call as spam. actually,not_interested,Dekho I have already reported your previous call as spam. actually,,0,4
not_interested_119,"Hello team, I have already reported your previous call as spam.",not_interested,"Hello team, I have already reported your previous call as spam.",,0,4
not_interested_121,Please opt me out of all promotional telecalling lists.,not_interested,Please opt me out of all promotional telecalling lists.,,0,4
not_interested_121,Arre Please opt me out of all promotional telecalling lists. please,not_interested,Arre Please opt me out of all promotional telecalling lists. please,,0,4
not_interested_121,"Hey, Please opt me out of all promotional telecalling lists.!",not_interested,"Hey, Please opt me out of all promotional telecalling lists.!",,0,4
not_interested_121,Bhai Please opt me out of all promotional telecalling lists. jaldi batao,not_interested,Bhai Please opt me out of all promotional telecalling lists. jaldi batao,,0,4
not_interested_121,Sir Please opt me out of all promotional telecalling lists. kindly confirm,not_interested,Sir Please opt me out of all promotional telecalling lists. kindly confirm,,0,4
not_interested_121,Sunna Please opt me out of all promotional telecalling lists....,not_interested,Sunna Please opt me out of all promotional telecalling lists.,,1,4
not_interested_121,Dekho Please opt me out of all promotional telecalling lists. actually,not_interested,Dekho Please opt me out of all promotional telecalling lists. actually,,0,4
not_interested_121,"Hello team, Please opt me out of all promotional telecalling lists.",not_interested,"Hello team, Please opt me out of all promotional telecalling lists.",,0,4
not_interested_122,"Mujhe pet insurance nahi chahiye, no requirement.",not_interested,"Mujhe pet insurance nahi chahiye, no requirement.",,0,4
not_interested_122,"Arre Mujhe pet insurance nahi chahiye, no requirement. please",not_interested,"Arre Mujhe pet insurance nahi chahiye, no requirement. please",,0,4
not_interested_122,"Hey, Mujhe pet insurance nahi chahiye, no requirement.!",not_interested,"Hey, Mujhe pet insurance nahi chahiye, no requirement.!",,0,4
not_interested_122,"Bhai Mujhe pet insurance nahi chahiye, no requirement. jaldi batao",not_interested,"Bhai Mujhe pet insurance nahi chahiye, no requirement. jaldi batao",,0,4
not_interested_122,"Sir Mujhe pet insurance nahi chahiye, no requirement. kindly confirm",not_interested,"Sir Mujhe pet insurance nahi chahiye, no requirement. kindly confirm",,0,4
not_interested_122,"Sunna Mujhe pet insurance nahi chahiye, no requirement....",not_interested,"Sunna Mujhe pet insurance nahi chahiye, no requirement.",,1,4
not_interested_122,"Dekho Mujhe pet insurance nahi chahiye, no requirement. actually",not_interested,"Dekho Mujhe pet insurance nahi chahiye, no requirement. actually",,0,4
not_interested_122,"Hello team, Mujhe pet insurance nahi chahiye, no requirement.",not_interested,"Hello team, Mujhe pet insurance nahi chahiye, no requirement.",,0,4
not_interested_123,I do not want to participate in any consumer survey or demo.,not_interested,I do not want to participate in any consumer survey or demo.,,0,4
not_interested_123,Arre I do not want to participate in any consumer survey or demo. please,not_interested,Arre I do not want to participate in any consumer survey or demo. please,,0,4
not_interested_123,"Hey, I do not want to participate in any consumer survey or demo.!",not_interested,"Hey, I do not want to participate in any consumer survey or demo.!",,0,4
not_interested_123,Bhai I do not want to participate in any consumer survey or demo. jaldi batao,not_interested,Bhai I do not want to participate in any consumer survey or demo. jaldi batao,,0,4
not_interested_123,Sir I do not want to participate in any consumer survey or demo. kindly confirm,not_interested,Sir I do not want to participate in any consumer survey or demo. kindly confirm,,0,4
not_interested_123,Sunna I do not want to participate in any consumer survey or demo....,not_interested,Sunna I do not want to participate in any consumer survey or demo.,,1,4
not_interested_123,Dekho I do not want to participate in any consumer survey or demo. actually,not_interested,Dekho I do not want to participate in any consumer survey or demo. actually,,0,4
not_interested_123,"Hello team, I do not want to participate in any consumer survey or demo.",not_interested,"Hello team, I do not want to participate in any consumer survey or demo.",,0,4
not_interested_124,Bhai request hai CRM me DND status update karo.,not_interested,Bhai request hai CRM me DND status update karo.,,0,4
not_interested_124,Arre Bhai request hai CRM me DND status update karo. please,not_interested,Arre Bhai request hai CRM me DND status update karo. please,,0,4
not_interested_124,"Hey, Bhai request hai CRM me DND status update karo.!",not_interested,"Hey, Bhai request hai CRM me DND status update karo.!",,0,4
not_interested_124,Bhai Bhai request hai CRM me DND status update karo. jaldi batao,not_interested,Bhai Bhai request hai CRM me DND status update karo. jaldi batao,,0,4
not_interested_124,Sir Bhai request hai CRM me DND status update karo. kindly confirm,not_interested,Sir Bhai request hai CRM me DND status update karo. kindly confirm,,0,4
not_interested_124,Sunna Bhai request hai CRM me DND status update karo....,not_interested,Sunna Bhai request hai CRM me DND status update karo.,,1,4
not_interested_124,Dekho Bhai request hai CRM me DND status update karo. actually,not_interested,Dekho Bhai request hai CRM me DND status update karo. actually,,0,4
not_interested_124,"Hello team, Bhai request hai CRM me DND status update karo.",not_interested,"Hello team, Bhai request hai CRM me DND status update karo.",,0,4
not_interested_125,No interest in upgrading my mobile postpaid plan.,not_interested,No interest in upgrading my mobile postpaid plan.,,0,4
not_interested_125,Arre No interest in upgrading my mobile postpaid plan. please,not_interested,Arre No interest in upgrading my mobile postpaid plan. please,,0,4
not_interested_125,"Hey, No interest in upgrading my mobile postpaid plan.!",not_interested,"Hey, No interest in upgrading my mobile postpaid plan.!",,0,4
not_interested_125,Bhai No interest in upgrading my mobile postpaid plan. jaldi batao,not_interested,Bhai No interest in upgrading my mobile postpaid plan. jaldi batao,,0,4
not_interested_125,Sir No interest in upgrading my mobile postpaid plan. kindly confirm,not_interested,Sir No interest in upgrading my mobile postpaid plan. kindly confirm,,0,4
not_interested_125,Sunna No interest in upgrading my mobile postpaid plan....,not_interested,Sunna No interest in upgrading my mobile postpaid plan.,,1,4
not_interested_125,Dekho No interest in upgrading my mobile postpaid plan. actually,not_interested,Dekho No interest in upgrading my mobile postpaid plan. actually,,0,4
not_interested_125,"Hello team, No interest in upgrading my mobile postpaid plan.",not_interested,"Hello team, No interest in upgrading my mobile postpaid plan.",,0,4
not_interested_127,"I am strictly not interested, do not waste your time.",not_interested,"I am strictly not interested, do not waste your time.",,0,4
not_interested_127,"Arre I am strictly not interested, do not waste your time. please",not_interested,"Arre I am strictly not interested, do not waste your time. please",,0,4
not_interested_127,"Hey, I am strictly not interested, do not waste your time.!",not_interested,"Hey, I am strictly not interested, do not waste your time.!",,0,4
not_interested_127,"Bhai I am strictly not interested, do not waste your time. jaldi batao",not_interested,"Bhai I am strictly not interested, do not waste your time. jaldi batao",,0,4
not_interested_127,"Sir I am strictly not interested, do not waste your time. kindly confirm",not_interested,"Sir I am strictly not interested, do not waste your time. kindly confirm",,0,4
not_interested_127,"Sunna I am strictly not interested, do not waste your time....",not_interested,"Sunna I am strictly not interested, do not waste your time.",,1,4
not_interested_127,"Dekho I am strictly not interested, do not waste your time. actually",not_interested,"Dekho I am strictly not interested, do not waste your time. actually",,0,4
not_interested_127,"Hello team, I am strictly not interested, do not waste your time.",not_interested,"Hello team, I am strictly not interested, do not waste your time.",,0,4
not_interested_128,"Nahi chahiye kisi bhi tarah ka offer, goodbye.",not_interested,"Nahi chahiye kisi bhi tarah ka offer, goodbye.",,0,4
not_interested_128,"Arre Nahi chahiye kisi bhi tarah ka offer, goodbye. please",not_interested,"Arre Nahi chahiye kisi bhi tarah ka offer, goodbye. please",,0,4
not_interested_128,"Hey, Nahi chahiye kisi bhi tarah ka offer, goodbye.!",not_interested,"Hey, Nahi chahiye kisi bhi tarah ka offer, goodbye.!",,0,4
not_interested_128,"Bhai Nahi chahiye kisi bhi tarah ka offer, goodbye. jaldi batao",not_interested,"Bhai Nahi chahiye kisi bhi tarah ka offer, goodbye. jaldi batao",,0,4
not_interested_128,"Sir Nahi chahiye kisi bhi tarah ka offer, goodbye. kindly confirm",not_interested,"Sir Nahi chahiye kisi bhi tarah ka offer, goodbye. kindly confirm",,0,4
not_interested_128,"Sunna Nahi chahiye kisi bhi tarah ka offer, goodbye....",not_interested,"Sunna Nahi chahiye kisi bhi tarah ka offer, goodbye.",,1,4
not_interested_128,"Dekho Nahi chahiye kisi bhi tarah ka offer, goodbye. actually",not_interested,"Dekho Nahi chahiye kisi bhi tarah ka offer, goodbye. actually",,0,4
not_interested_128,"Hello team, Nahi chahiye kisi bhi tarah ka offer, goodbye.",not_interested,"Hello team, Nahi chahiye kisi bhi tarah ka offer, goodbye.",,0,4
not_interested_129,Please drop my lead immediately from your database.,not_interested,Please drop my lead immediately from your database.,,0,4
not_interested_129,Arre Please drop my lead immediately from your database. please,not_interested,Arre Please drop my lead immediately from your database. please,,0,4
not_interested_129,"Hey, Please drop my lead immediately from your database.!",not_interested,"Hey, Please drop my lead immediately from your database.!",,0,4
not_interested_129,Bhai Please drop my lead immediately from your database. jaldi batao,not_interested,Bhai Please drop my lead immediately from your database. jaldi batao,,0,4
not_interested_129,Sir Please drop my lead immediately from your database. kindly confirm,not_interested,Sir Please drop my lead immediately from your database. kindly confirm,,0,4
not_interested_129,Sunna Please drop my lead immediately from your database....,not_interested,Sunna Please drop my lead immediately from your database.,,1,4
not_interested_129,Dekho Please drop my lead immediately from your database. actually,not_interested,Dekho Please drop my lead immediately from your database. actually,,0,4
not_interested_129,"Hello team, Please drop my lead immediately from your database.",not_interested,"Hello team, Please drop my lead immediately from your database.",,0,4
not_interested_130,Mujhe flight discount membership me zero interest hai.,not_interested,Mujhe flight discount membership me zero interest hai.,,0,4
not_interested_130,Arre Mujhe flight discount membership me zero interest hai. please,not_interested,Arre Mujhe flight discount membership me zero interest hai. please,,0,4
not_interested_130,"Hey, Mujhe flight discount membership me zero interest hai.!",not_interested,"Hey, Mujhe flight discount membership me zero interest hai.!",,0,4
not_interested_130,Bhai Mujhe flight discount membership me zero interest hai. jaldi batao,not_interested,Bhai Mujhe flight discount membership me zero interest hai. jaldi batao,,0,4
not_interested_130,Sir Mujhe flight discount membership me zero interest hai. kindly confirm,not_interested,Sir Mujhe flight discount membership me zero interest hai. kindly confirm,,0,4
not_interested_130,Sunna Mujhe flight discount membership me zero interest hai....,not_interested,Sunna Mujhe flight discount membership me zero interest hai.,,1,4
not_interested_130,Dekho Mujhe flight discount membership me zero interest hai. actually,not_interested,Dekho Mujhe flight discount membership me zero interest hai. actually,,0,4
not_interested_130,"Hello team, Mujhe flight discount membership me zero interest hai.",not_interested,"Hello team, Mujhe flight discount membership me zero interest hai.",,0,4
not_interested_133,"No requirement for accounting software, excel is enough.",not_interested,"No requirement for accounting software, excel is enough.",,0,4
not_interested_133,"Arre No requirement for accounting software, excel is enough. please",not_interested,"Arre No requirement for accounting software, excel is enough. please",,0,4
not_interested_133,"Hey, No requirement for accounting software, excel is enough.!",not_interested,"Hey, No requirement for accounting software, excel is enough.!",,0,4
not_interested_133,"Bhai No requirement for accounting software, excel is enough. jaldi batao",not_interested,"Bhai No requirement for accounting software, excel is enough. jaldi batao",,0,4
not_interested_133,"Sir No requirement for accounting software, excel is enough. kindly confirm",not_interested,"Sir No requirement for accounting software, excel is enough. kindly confirm",,0,4
not_interested_133,"Sunna No requirement for accounting software, excel is enough....",not_interested,"Sunna No requirement for accounting software, excel is enough.",,1,4
not_interested_133,"Dekho No requirement for accounting software, excel is enough. actually",not_interested,"Dekho No requirement for accounting software, excel is enough. actually",,0,4
not_interested_133,"Hello team, No requirement for accounting software, excel is enough.",not_interested,"Hello team, No requirement for accounting software, excel is enough.",,0,4
not_interested_134,Please do not ring this phone again for promotional offers.,not_interested,Please do not ring this phone again for promotional offers.,,0,4
not_interested_134,Arre Please do not ring this phone again for promotional offers. please,not_interested,Arre Please do not ring this phone again for promotional offers. please,,0,4
not_interested_134,"Hey, Please do not ring this phone again for promotional offers.!",not_interested,"Hey, Please do not ring this phone again for promotional offers.!",,0,4
not_interested_134,Bhai Please do not ring this phone again for promotional offers. jaldi batao,not_interested,Bhai Please do not ring this phone again for promotional offers. jaldi batao,,0,4
not_interested_134,Sir Please do not ring this phone again for promotional offers. kindly confirm,not_interested,Sir Please do not ring this phone again for promotional offers. kindly confirm,,0,4
not_interested_134,Sunna Please do not ring this phone again for promotional offers....,not_interested,Sunna Please do not ring this phone again for promotional offers.,,1,4
not_interested_134,Dekho Please do not ring this phone again for promotional offers. actually,not_interested,Dekho Please do not ring this phone again for promotional offers. actually,,0,4
not_interested_134,"Hello team, Please do not ring this phone again for promotional offers.",not_interested,"Hello team, Please do not ring this phone again for promotional offers.",,0,4
not_interested_135,"Mujhe koi extra SIM connection nahi chahiye, not interested.",not_interested,"Mujhe koi extra SIM connection nahi chahiye, not interested.",,0,4
not_interested_135,"Arre Mujhe koi extra SIM connection nahi chahiye, not interested. please",not_interested,"Arre Mujhe koi extra SIM connection nahi chahiye, not interested. please",,0,4
not_interested_135,"Hey, Mujhe koi extra SIM connection nahi chahiye, not interested.!",not_interested,"Hey, Mujhe koi extra SIM connection nahi chahiye, not interested.!",,0,4
not_interested_135,"Bhai Mujhe koi extra SIM connection nahi chahiye, not interested. jaldi batao",not_interested,"Bhai Mujhe koi extra SIM connection nahi chahiye, not interested. jaldi batao",,0,4
not_interested_135,"Sir Mujhe koi extra SIM connection nahi chahiye, not interested. kindly confirm",not_interested,"Sir Mujhe koi extra SIM connection nahi chahiye, not interested. kindly confirm",,0,4
not_interested_135,"Sunna Mujhe koi extra SIM connection nahi chahiye, not interested....",not_interested,"Sunna Mujhe koi extra SIM connection nahi chahiye, not interested.",,1,4
not_interested_135,"Dekho Mujhe koi extra SIM connection nahi chahiye, not interested. actually",not_interested,"Dekho Mujhe koi extra SIM connection nahi chahiye, not interested. actually",,0,4
not_interested_135,"Hello team, Mujhe koi extra SIM connection nahi chahiye, not interested.",not_interested,"Hello team, Mujhe koi extra SIM connection nahi chahiye, not interested.",,0,4
not_interested_137,"Nahi chahiye bhaiya ji, disconnect kar raha hu.",not_interested,"Nahi chahiye bhaiya ji, disconnect kar raha hu.",,0,4
not_interested_137,"Arre Nahi chahiye bhaiya ji, disconnect kar raha hu. please",not_interested,"Arre Nahi chahiye bhaiya ji, disconnect kar raha hu. please",,0,4
not_interested_137,"Hey, Nahi chahiye bhaiya ji, disconnect kar raha hu.!",not_interested,"Hey, Nahi chahiye bhaiya ji, disconnect kar raha hu.!",,0,4
not_interested_137,"Bhai Nahi chahiye bhaiya ji, disconnect kar raha hu. jaldi batao",not_interested,"Bhai Nahi chahiye bhaiya ji, disconnect kar raha hu. jaldi batao",,0,4
not_interested_137,"Sir Nahi chahiye bhaiya ji, disconnect kar raha hu. kindly confirm",not_interested,"Sir Nahi chahiye bhaiya ji, disconnect kar raha hu. kindly confirm",,0,4
not_interested_137,"Sunna Nahi chahiye bhaiya ji, disconnect kar raha hu....",not_interested,"Sunna Nahi chahiye bhaiya ji, disconnect kar raha hu.",,1,4
not_interested_137,"Dekho Nahi chahiye bhaiya ji, disconnect kar raha hu. actually",not_interested,"Dekho Nahi chahiye bhaiya ji, disconnect kar raha hu. actually",,0,4
not_interested_137,"Hello team, Nahi chahiye bhaiya ji, disconnect kar raha hu.",not_interested,"Hello team, Nahi chahiye bhaiya ji, disconnect kar raha hu.",,0,4
not_interested_140,"Strictly not interested in this service, stop calling.",not_interested,"Strictly not interested in this service, stop calling.",,0,4
not_interested_140,"Arre Strictly not interested in this service, stop calling. please",not_interested,"Arre Strictly not interested in this service, stop calling. please",,0,4
not_interested_140,"Hey, Strictly not interested in this service, stop calling.!",not_interested,"Hey, Strictly not interested in this service, stop calling.!",,0,4
not_interested_140,"Bhai Strictly not interested in this service, stop calling. jaldi batao",not_interested,"Bhai Strictly not interested in this service, stop calling. jaldi batao",,0,4
not_interested_140,"Sir Strictly not interested in this service, stop calling. kindly confirm",not_interested,"Sir Strictly not interested in this service, stop calling. kindly confirm",,0,4
not_interested_140,"Sunna Strictly not interested in this service, stop calling....",not_interested,"Sunna Strictly not interested in this service, stop calling.",,1,4
not_interested_140,"Dekho Strictly not interested in this service, stop calling. actually",not_interested,"Dekho Strictly not interested in this service, stop calling. actually",,0,4
not_interested_140,"Hello team, Strictly not interested in this service, stop calling.",not_interested,"Hello team, Strictly not interested in this service, stop calling.",,0,4
positive_confirmation_002,"Yes I am ready to purchase, payment link WhatsApp kar do.",positive_confirmation,"Yes I am ready to purchase, payment link WhatsApp kar do.",,0,5
positive_confirmation_002,"Arre Yes I am ready to purchase, payment link WhatsApp kar do. please",positive_confirmation,"Arre Yes I am ready to purchase, payment link WhatsApp kar do. please",,0,5
positive_confirmation_002,"Hey, Yes I am ready to purchase, payment link WhatsApp kar do.!",positive_confirmation,"Hey, Yes I am ready to purchase, payment link WhatsApp kar do.!",,0,5
positive_confirmation_002,"Bhai Yes I am ready to purchase, payment link WhatsApp kar do. jaldi batao",positive_confirmation,"Bhai Yes I am ready to purchase, payment link WhatsApp kar do. jaldi batao",,0,5
positive_confirmation_002,"Sir Yes I am ready to purchase, payment link WhatsApp kar do. kindly confirm",positive_confirmation,"Sir Yes I am ready to purchase, payment link WhatsApp kar do. kindly confirm",,0,5
positive_confirmation_002,"Sunna Yes I am ready to purchase, payment link WhatsApp kar do....",positive_confirmation,"Sunna Yes I am ready to purchase, payment link WhatsApp kar do.",,1,5
positive_confirmation_002,"Dekho Yes I am ready to purchase, payment link WhatsApp kar do. actually",positive_confirmation,"Dekho Yes I am ready to purchase, payment link WhatsApp kar do. actually",,0,5
positive_confirmation_002,"Hello team, Yes I am ready to purchase, payment link WhatsApp kar do.",positive_confirmation,"Hello team, Yes I am ready to purchase, payment link WhatsApp kar do.",,0,5
positive_confirmation_003,"Deal confirm hai, contract papers email kar dijiye immediately.",positive_confirmation,"Deal confirm hai, contract papers email kar dijiye immediately.",,0,5
positive_confirmation_003,"Arre Deal confirm hai, contract papers email kar dijiye immediately. please",positive_confirmation,"Arre Deal confirm hai, contract papers email kar dijiye immediately. please",,0,5
positive_confirmation_003,"Hey, Deal confirm hai, contract papers email kar dijiye immediately.!",positive_confirmation,"Hey, Deal confirm hai, contract papers email kar dijiye immediately.!",,0,5
positive_confirmation_003,"Bhai Deal confirm hai, contract papers email kar dijiye immediately. jaldi batao",positive_confirmation,"Bhai Deal confirm hai, contract papers email kar dijiye immediately. jaldi batao",,0,5
positive_confirmation_003,"Sir Deal confirm hai, contract papers email kar dijiye immediately. kindly confirm",positive_confirmation,"Sir Deal confirm hai, contract papers email kar dijiye immediately. kindly confirm",,0,5
positive_confirmation_003,"Sunna Deal confirm hai, contract papers email kar dijiye immediately....",positive_confirmation,"Sunna Deal confirm hai, contract papers email kar dijiye immediately.",,1,5
positive_confirmation_003,"Dekho Deal confirm hai, contract papers email kar dijiye immediately. actually",positive_confirmation,"Dekho Deal confirm hai, contract papers email kar dijiye immediately. actually",,0,5
positive_confirmation_003,"Hello team, Deal confirm hai, contract papers email kar dijiye immediately.",positive_confirmation,"Hello team, Deal confirm hai, contract papers email kar dijiye immediately.",,0,5
positive_confirmation_004,"Sahi hai offer, main interested hu account activate kar do.",positive_confirmation,"Sahi hai offer, main interested hu account activate kar do.",,0,5
positive_confirmation_004,"Arre Sahi hai offer, main interested hu account activate kar do. please",positive_confirmation,"Arre Sahi hai offer, main interested hu account activate kar do. please",,0,5
positive_confirmation_004,"Hey, Sahi hai offer, main interested hu account activate kar do.!",positive_confirmation,"Hey, Sahi hai offer, main interested hu account activate kar do.!",,0,5
positive_confirmation_004,"Bhai Sahi hai offer, main interested hu account activate kar do. jaldi batao",positive_confirmation,"Bhai Sahi hai offer, main interested hu account activate kar do. jaldi batao",,0,5
positive_confirmation_004,"Sir Sahi hai offer, main interested hu account activate kar do. kindly confirm",positive_confirmation,"Sir Sahi hai offer, main interested hu account activate kar do. kindly confirm",,0,5
positive_confirmation_004,"Sunna Sahi hai offer, main interested hu account activate kar do....",positive_confirmation,"Sunna Sahi hai offer, main interested hu account activate kar do.",,1,5
positive_confirmation_004,"Dekho Sahi hai offer, main interested hu account activate kar do. actually",positive_confirmation,"Dekho Sahi hai offer, main interested hu account activate kar do. actually",,0,5
positive_confirmation_004,"Hello team, Sahi hai offer, main interested hu account activate kar do.",positive_confirmation,"Hello team, Sahi hai offer, main interested hu account activate kar do.",,0,5
positive_confirmation_007,"Sure, main online advance token amount transfer kar raha hu abhi.",positive_confirmation,"Sure, main online advance token amount transfer kar raha hu abhi.",,0,5
positive_confirmation_007,"Arre Sure, main online advance token amount transfer kar raha hu abhi. please",positive_confirmation,"Arre Sure, main online advance token amount transfer kar raha hu abhi. please",,0,5
positive_confirmation_007,"Hey, Sure, main online advance token amount transfer kar raha hu abhi.!",positive_confirmation,"Hey, Sure, main online advance token amount transfer kar raha hu abhi.!",,0,5
positive_confirmation_007,"Bhai Sure, main online advance token amount transfer kar raha hu abhi. jaldi batao",positive_confirmation,"Bhai Sure, main online advance token amount transfer kar raha hu abhi. jaldi batao",,0,5
positive_confirmation_007,"Sir Sure, main online advance token amount transfer kar raha hu abhi. kindly confirm",positive_confirmation,"Sir Sure, main online advance token amount transfer kar raha hu abhi. kindly confirm",,0,5
positive_confirmation_007,"Sunna Sure, main online advance token amount transfer kar raha hu abhi....",positive_confirmation,"Sunna Sure, main online advance token amount transfer kar raha hu abhi.",,1,5
positive_confirmation_007,"Dekho Sure, main online advance token amount transfer kar raha hu abhi. actually",positive_confirmation,"Dekho Sure, main online advance token amount transfer kar raha hu abhi. actually",,0,5
positive_confirmation_007,"Hello team, Sure, main online advance token amount transfer kar raha hu abhi.",positive_confirmation,"Hello team, Sure, main online advance token amount transfer kar raha hu abhi.",,0,5
positive_confirmation_010,Haan order pack kar do aur invoice copy bhej dena.,positive_confirmation,Haan order pack kar do aur invoice copy bhej dena.,,0,5
positive_confirmation_010,Arre Haan order pack kar do aur invoice copy bhej dena. please,positive_confirmation,Arre Haan order pack kar do aur invoice copy bhej dena. please,,0,5
positive_confirmation_010,"Hey, Haan order pack kar do aur invoice copy bhej dena.!",positive_confirmation,"Hey, Haan order pack kar do aur invoice copy bhej dena.!",,0,5
positive_confirmation_010,Bhai Haan order pack kar do aur invoice copy bhej dena. jaldi batao,positive_confirmation,Bhai Haan order pack kar do aur invoice copy bhej dena. jaldi batao,,0,5
positive_confirmation_010,Sir Haan order pack kar do aur invoice copy bhej dena. kindly confirm,positive_confirmation,Sir Haan order pack kar do aur invoice copy bhej dena. kindly confirm,,0,5
positive_confirmation_010,Sunna Haan order pack kar do aur invoice copy bhej dena....,positive_confirmation,Sunna Haan order pack kar do aur invoice copy bhej dena.,,1,5
positive_confirmation_010,Dekho Haan order pack kar do aur invoice copy bhej dena. actually,positive_confirmation,Dekho Haan order pack kar do aur invoice copy bhej dena. actually,,0,5
positive_confirmation_010,"Hello team, Haan order pack kar do aur invoice copy bhej dena.",positive_confirmation,"Hello team, Haan order pack kar do aur invoice copy bhej dena.",,0,5
positive_confirmation_011,"Perfect plan hai ye, sign up form ka link send karo.",positive_confirmation,"Perfect plan hai ye, sign up form ka link send karo.",,0,5
positive_confirmation_011,"Arre Perfect plan hai ye, sign up form ka link send karo. please",positive_confirmation,"Arre Perfect plan hai ye, sign up form ka link send karo. please",,0,5
positive_confirmation_011,"Hey, Perfect plan hai ye, sign up form ka link send karo.!",positive_confirmation,"Hey, Perfect plan hai ye, sign up form ka link send karo.!",,0,5
positive_confirmation_011,"Bhai Perfect plan hai ye, sign up form ka link send karo. jaldi batao",positive_confirmation,"Bhai Perfect plan hai ye, sign up form ka link send karo. jaldi batao",,0,5
positive_confirmation_011,"Sir Perfect plan hai ye, sign up form ka link send karo. kindly confirm",positive_confirmation,"Sir Perfect plan hai ye, sign up form ka link send karo. kindly confirm",,0,5
positive_confirmation_011,"Sunna Perfect plan hai ye, sign up form ka link send karo....",positive_confirmation,"Sunna Perfect plan hai ye, sign up form ka link send karo.",,1,5
positive_confirmation_011,"Dekho Perfect plan hai ye, sign up form ka link send karo. actually",positive_confirmation,"Dekho Perfect plan hai ye, sign up form ka link send karo. actually",,0,5
positive_confirmation_011,"Hello team, Perfect plan hai ye, sign up form ka link send karo.",positive_confirmation,"Hello team, Perfect plan hai ye, sign up form ka link send karo.",,0,5
positive_confirmation_014,Haan membership renew kar do same card se.,positive_confirmation,Haan membership renew kar do same card se.,,0,5
positive_confirmation_014,Arre Haan membership renew kar do same card se. please,positive_confirmation,Arre Haan membership renew kar do same card se. please,,0,5
positive_confirmation_014,"Hey, Haan membership renew kar do same card se.!",positive_confirmation,"Hey, Haan membership renew kar do same card se.!",,0,5
positive_confirmation_014,Bhai Haan membership renew kar do same card se. jaldi batao,positive_confirmation,Bhai Haan membership renew kar do same card se. jaldi batao,,0,5
positive_confirmation_014,Sir Haan membership renew kar do same card se. kindly confirm,positive_confirmation,Sir Haan membership renew kar do same card se. kindly confirm,,0,5
positive_confirmation_014,Sunna Haan membership renew kar do same card se....,positive_confirmation,Sunna Haan membership renew kar do same card se.,,1,5
positive_confirmation_014,Dekho Haan membership renew kar do same card se. actually,positive_confirmation,Dekho Haan membership renew kar do same card se. actually,,0,5
positive_confirmation_014,"Hello team, Haan membership renew kar do same card se.",positive_confirmation,"Hello team, Haan membership renew kar do same card se.",,0,5
positive_confirmation_015,"Deal final hai, kal subah technician ko installation ke liye bhej do.",positive_confirmation,"Deal final hai, kal subah technician ko installation ke liye bhej do.",,0,5
positive_confirmation_015,"Arre Deal final hai, kal subah technician ko installation ke liye bhej do. please",positive_confirmation,"Arre Deal final hai, kal subah technician ko installation ke liye bhej do. please",,0,5
positive_confirmation_015,"Hey, Deal final hai, kal subah technician ko installation ke liye bhej do.!",positive_confirmation,"Hey, Deal final hai, kal subah technician ko installation ke liye bhej do.!",,0,5
positive_confirmation_015,"Bhai Deal final hai, kal subah technician ko installation ke liye bhej do. jaldi batao",positive_confirmation,"Bhai Deal final hai, kal subah technician ko installation ke liye bhej do. jaldi batao",,0,5
positive_confirmation_015,"Sir Deal final hai, kal subah technician ko installation ke liye bhej do. kindly confirm",positive_confirmation,"Sir Deal final hai, kal subah technician ko installation ke liye bhej do. kindly confirm",,0,5
positive_confirmation_015,"Sunna Deal final hai, kal subah technician ko installation ke liye bhej do....",positive_confirmation,"Sunna Deal final hai, kal subah technician ko installation ke liye bhej do.",,1,5
positive_confirmation_015,"Dekho Deal final hai, kal subah technician ko installation ke liye bhej do. actually",positive_confirmation,"Dekho Deal final hai, kal subah technician ko installation ke liye bhej do. actually",,0,5
positive_confirmation_015,"Hello team, Deal final hai, kal subah technician ko installation ke liye bhej do.",positive_confirmation,"Hello team, Deal final hai, kal subah technician ko installation ke liye bhej do.",,0,5
positive_confirmation_018,Haan bilkul main registration fee pay karne ke liye willing hu.,positive_confirmation,Haan bilkul main registration fee pay karne ke liye willing hu.,,0,5
positive_confirmation_018,Arre Haan bilkul main registration fee pay karne ke liye willing hu. please,positive_confirmation,Arre Haan bilkul main registration fee pay karne ke liye willing hu. please,,0,5
positive_confirmation_018,"Hey, Haan bilkul main registration fee pay karne ke liye willing hu.!",positive_confirmation,"Hey, Haan bilkul main registration fee pay karne ke liye willing hu.!",,0,5
positive_confirmation_018,Bhai Haan bilkul main registration fee pay karne ke liye willing hu. jaldi batao,positive_confirmation,Bhai Haan bilkul main registration fee pay karne ke liye willing hu. jaldi batao,,0,5
positive_confirmation_018,Sir Haan bilkul main registration fee pay karne ke liye willing hu. kindly confirm,positive_confirmation,Sir Haan bilkul main registration fee pay karne ke liye willing hu. kindly confirm,,0,5
positive_confirmation_018,Sunna Haan bilkul main registration fee pay karne ke liye willing hu....,positive_confirmation,Sunna Haan bilkul main registration fee pay karne ke liye willing hu.,,1,5
positive_confirmation_018,Dekho Haan bilkul main registration fee pay karne ke liye willing hu. actually,positive_confirmation,Dekho Haan bilkul main registration fee pay karne ke liye willing hu. actually,,0,5
positive_confirmation_018,"Hello team, Haan bilkul main registration fee pay karne ke liye willing hu.",positive_confirmation,"Hello team, Haan bilkul main registration fee pay karne ke liye willing hu.",,0,5
positive_confirmation_020,Yes please send the executive for document collection at my home.,positive_confirmation,Yes please send the executive for document collection at my home.,,0,5
positive_confirmation_020,Arre Yes please send the executive for document collection at my home. please,positive_confirmation,Arre Yes please send the executive for document collection at my home. please,,0,5
positive_confirmation_020,"Hey, Yes please send the executive for document collection at my home.!",positive_confirmation,"Hey, Yes please send the executive for document collection at my home.!",,0,5
positive_confirmation_020,Bhai Yes please send the executive for document collection at my home. jaldi batao,positive_confirmation,Bhai Yes please send the executive for document collection at my home. jaldi batao,,0,5
positive_confirmation_020,Sir Yes please send the executive for document collection at my home. kindly confirm,positive_confirmation,Sir Yes please send the executive for document collection at my home. kindly confirm,,0,5
positive_confirmation_020,Sunna Yes please send the executive for document collection at my home....,positive_confirmation,Sunna Yes please send the executive for document collection at my home.,,1,5
positive_confirmation_020,Dekho Yes please send the executive for document collection at my home. actually,positive_confirmation,Dekho Yes please send the executive for document collection at my home. actually,,0,5
positive_confirmation_020,"Hello team, Yes please send the executive for document collection at my home.",positive_confirmation,"Hello team, Yes please send the executive for document collection at my home.",,0,5
positive_confirmation_021,"Haan plan finalize ho gaya hai, invoice raise kar do.",positive_confirmation,"Haan plan finalize ho gaya hai, invoice raise kar do.",,0,5
positive_confirmation_021,"Arre Haan plan finalize ho gaya hai, invoice raise kar do. please",positive_confirmation,"Arre Haan plan finalize ho gaya hai, invoice raise kar do. please",,0,5
positive_confirmation_021,"Hey, Haan plan finalize ho gaya hai, invoice raise kar do.!",positive_confirmation,"Hey, Haan plan finalize ho gaya hai, invoice raise kar do.!",,0,5
positive_confirmation_021,"Bhai Haan plan finalize ho gaya hai, invoice raise kar do. jaldi batao",positive_confirmation,"Bhai Haan plan finalize ho gaya hai, invoice raise kar do. jaldi batao",,0,5
positive_confirmation_021,"Sir Haan plan finalize ho gaya hai, invoice raise kar do. kindly confirm",positive_confirmation,"Sir Haan plan finalize ho gaya hai, invoice raise kar do. kindly confirm",,0,5
positive_confirmation_021,"Sunna Haan plan finalize ho gaya hai, invoice raise kar do....",positive_confirmation,"Sunna Haan plan finalize ho gaya hai, invoice raise kar do.",,1,5
positive_confirmation_021,"Dekho Haan plan finalize ho gaya hai, invoice raise kar do. actually",positive_confirmation,"Dekho Haan plan finalize ho gaya hai, invoice raise kar do. actually",,0,5
positive_confirmation_021,"Hello team, Haan plan finalize ho gaya hai, invoice raise kar do.",positive_confirmation,"Hello team, Haan plan finalize ho gaya hai, invoice raise kar do.",,0,5
positive_confirmation_022,"Deal done, payment QR code scan karke transaction successful ho gaya.",positive_confirmation,"Deal done, payment QR code scan karke transaction successful ho gaya.",,0,5
positive_confirmation_022,"Arre Deal done, payment QR code scan karke transaction successful ho gaya. please",positive_confirmation,"Arre Deal done, payment QR code scan karke transaction successful ho gaya. please",,0,5
positive_confirmation_022,"Hey, Deal done, payment QR code scan karke transaction successful ho gaya.!",positive_confirmation,"Hey, Deal done, payment QR code scan karke transaction successful ho gaya.!",,0,5
positive_confirmation_022,"Bhai Deal done, payment QR code scan karke transaction successful ho gaya. jaldi batao",positive_confirmation,"Bhai Deal done, payment QR code scan karke transaction successful ho gaya. jaldi batao",,0,5
positive_confirmation_022,"Sir Deal done, payment QR code scan karke transaction successful ho gaya. kindly confirm",positive_confirmation,"Sir Deal done, payment QR code scan karke transaction successful ho gaya. kindly confirm",,0,5
positive_confirmation_022,"Sunna Deal done, payment QR code scan karke transaction successful ho gaya....",positive_confirmation,"Sunna Deal done, payment QR code scan karke transaction successful ho gaya.",,1,5
positive_confirmation_022,"Dekho Deal done, payment QR code scan karke transaction successful ho gaya. actually",positive_confirmation,"Dekho Deal done, payment QR code scan karke transaction successful ho gaya. actually",,0,5
positive_confirmation_022,"Hello team, Deal done, payment QR code scan karke transaction successful ho gaya.",positive_confirmation,"Hello team, Deal done, payment QR code scan karke transaction successful ho gaya.",,0,5
positive_confirmation_024,"Yes everything looks good to me, proceed immediately.",positive_confirmation,"Yes everything looks good to me, proceed immediately.",,0,5
positive_confirmation_024,"Arre Yes everything looks good to me, proceed immediately. please",positive_confirmation,"Arre Yes everything looks good to me, proceed immediately. please",,0,5
positive_confirmation_024,"Hey, Yes everything looks good to me, proceed immediately.!",positive_confirmation,"Hey, Yes everything looks good to me, proceed immediately.!",,0,5
positive_confirmation_024,"Bhai Yes everything looks good to me, proceed immediately. jaldi batao",positive_confirmation,"Bhai Yes everything looks good to me, proceed immediately. jaldi batao",,0,5
positive_confirmation_024,"Sir Yes everything looks good to me, proceed immediately. kindly confirm",positive_confirmation,"Sir Yes everything looks good to me, proceed immediately. kindly confirm",,0,5
positive_confirmation_024,"Sunna Yes everything looks good to me, proceed immediately....",positive_confirmation,"Sunna Yes everything looks good to me, proceed immediately.",,1,5
positive_confirmation_024,"Dekho Yes everything looks good to me, proceed immediately. actually",positive_confirmation,"Dekho Yes everything looks good to me, proceed immediately. actually",,0,5
positive_confirmation_024,"Hello team, Yes everything looks good to me, proceed immediately.",positive_confirmation,"Hello team, Yes everything looks good to me, proceed immediately.",,0,5
positive_confirmation_025,Theek hai pack karke dispatch karwa dijiye.,positive_confirmation,Theek hai pack karke dispatch karwa dijiye.,,0,5
positive_confirmation_025,Arre Theek hai pack karke dispatch karwa dijiye. please,positive_confirmation,Arre Theek hai pack karke dispatch karwa dijiye. please,,0,5
positive_confirmation_025,"Hey, Theek hai pack karke dispatch karwa dijiye.!",positive_confirmation,"Hey, Theek hai pack karke dispatch karwa dijiye.!",,0,5
positive_confirmation_025,Bhai Theek hai pack karke dispatch karwa dijiye. jaldi batao,positive_confirmation,Bhai Theek hai pack karke dispatch karwa dijiye. jaldi batao,,0,5
positive_confirmation_025,Sir Theek hai pack karke dispatch karwa dijiye. kindly confirm,positive_confirmation,Sir Theek hai pack karke dispatch karwa dijiye. kindly confirm,,0,5
positive_confirmation_025,Sunna Theek hai pack karke dispatch karwa dijiye....,positive_confirmation,Sunna Theek hai pack karke dispatch karwa dijiye.,,1,5
positive_confirmation_025,Dekho Theek hai pack karke dispatch karwa dijiye. actually,positive_confirmation,Dekho Theek hai pack karke dispatch karwa dijiye. actually,,0,5
positive_confirmation_025,"Hello team, Theek hai pack karke dispatch karwa dijiye.",positive_confirmation,"Hello team, Theek hai pack karke dispatch karwa dijiye.",,0,5
positive_confirmation_026,"Haanji bilkul, main offer accept karta hu.",positive_confirmation,"Haanji bilkul, main offer accept karta hu.",,0,5
positive_confirmation_026,"Arre Haanji bilkul, main offer accept karta hu. please",positive_confirmation,"Arre Haanji bilkul, main offer accept karta hu. please",,0,5
positive_confirmation_026,"Hey, Haanji bilkul, main offer accept karta hu.!",positive_confirmation,"Hey, Haanji bilkul, main offer accept karta hu.!",,0,5
positive_confirmation_026,"Bhai Haanji bilkul, main offer accept karta hu. jaldi batao",positive_confirmation,"Bhai Haanji bilkul, main offer accept karta hu. jaldi batao",,0,5
positive_confirmation_026,"Sir Haanji bilkul, main offer accept karta hu. kindly confirm",positive_confirmation,"Sir Haanji bilkul, main offer accept karta hu. kindly confirm",,0,5
positive_confirmation_026,"Sunna Haanji bilkul, main offer accept karta hu....",positive_confirmation,"Sunna Haanji bilkul, main offer accept karta hu.",,1,5
positive_confirmation_026,"Dekho Haanji bilkul, main offer accept karta hu. actually",positive_confirmation,"Dekho Haanji bilkul, main offer accept karta hu. actually",,0,5
positive_confirmation_026,"Hello team, Haanji bilkul, main offer accept karta hu.",positive_confirmation,"Hello team, Haanji bilkul, main offer accept karta hu.",,0,5
positive_confirmation_027,Sure go ahead with the policy generation.,positive_confirmation,Sure go ahead with the policy generation.,,0,5
positive_confirmation_027,Arre Sure go ahead with the policy generation. please,positive_confirmation,Arre Sure go ahead with the policy generation. please,,0,5
positive_confirmation_027,"Hey, Sure go ahead with the policy generation.!",positive_confirmation,"Hey, Sure go ahead with the policy generation.!",,0,5
positive_confirmation_027,Bhai Sure go ahead with the policy generation. jaldi batao,positive_confirmation,Bhai Sure go ahead with the policy generation. jaldi batao,,0,5
positive_confirmation_027,Sir Sure go ahead with the policy generation. kindly confirm,positive_confirmation,Sir Sure go ahead with the policy generation. kindly confirm,,0,5
positive_confirmation_027,Sunna Sure go ahead with the policy generation....,positive_confirmation,Sunna Sure go ahead with the policy generation.,,1,5
positive_confirmation_027,Dekho Sure go ahead with the policy generation. actually,positive_confirmation,Dekho Sure go ahead with the policy generation. actually,,0,5
positive_confirmation_027,"Hello team, Sure go ahead with the policy generation.",positive_confirmation,"Hello team, Sure go ahead with the policy generation.",,0,5
positive_confirmation_028,"Yes that works for me, lock this pricing.",positive_confirmation,"Yes that works for me, lock this pricing.",,0,5
positive_confirmation_028,"Arre Yes that works for me, lock this pricing. please",positive_confirmation,"Arre Yes that works for me, lock this pricing. please",,0,5
positive_confirmation_028,"Hey, Yes that works for me, lock this pricing.!",positive_confirmation,"Hey, Yes that works for me, lock this pricing.!",,0,5
positive_confirmation_028,"Bhai Yes that works for me, lock this pricing. jaldi batao",positive_confirmation,"Bhai Yes that works for me, lock this pricing. jaldi batao",,0,5
positive_confirmation_028,"Sir Yes that works for me, lock this pricing. kindly confirm",positive_confirmation,"Sir Yes that works for me, lock this pricing. kindly confirm",,0,5
positive_confirmation_028,"Sunna Yes that works for me, lock this pricing....",positive_confirmation,"Sunna Yes that works for me, lock this pricing.",,1,5
positive_confirmation_028,"Dekho Yes that works for me, lock this pricing. actually",positive_confirmation,"Dekho Yes that works for me, lock this pricing. actually",,0,5
positive_confirmation_028,"Hello team, Yes that works for me, lock this pricing.",positive_confirmation,"Hello team, Yes that works for me, lock this pricing.",,0,5
positive_confirmation_029,"Aap registration submit kar do, sab documents valid hain.",positive_confirmation,"Aap registration submit kar do, sab documents valid hain.",,0,5
positive_confirmation_029,"Arre Aap registration submit kar do, sab documents valid hain. please",positive_confirmation,"Arre Aap registration submit kar do, sab documents valid hain. please",,0,5
positive_confirmation_029,"Hey, Aap registration submit kar do, sab documents valid hain.!",positive_confirmation,"Hey, Aap registration submit kar do, sab documents valid hain.!",,0,5
positive_confirmation_029,"Bhai Aap registration submit kar do, sab documents valid hain. jaldi batao",positive_confirmation,"Bhai Aap registration submit kar do, sab documents valid hain. jaldi batao",,0,5
positive_confirmation_029,"Sir Aap registration submit kar do, sab documents valid hain. kindly confirm",positive_confirmation,"Sir Aap registration submit kar do, sab documents valid hain. kindly confirm",,0,5
positive_confirmation_029,"Sunna Aap registration submit kar do, sab documents valid hain....",positive_confirmation,"Sunna Aap registration submit kar do, sab documents valid hain.",,1,5
positive_confirmation_029,"Dekho Aap registration submit kar do, sab documents valid hain. actually",positive_confirmation,"Dekho Aap registration submit kar do, sab documents valid hain. actually",,0,5
positive_confirmation_029,"Hello team, Aap registration submit kar do, sab documents valid hain.",positive_confirmation,"Hello team, Aap registration submit kar do, sab documents valid hain.",,0,5
positive_confirmation_031,"Haan deal done hai, token money GPay kar raha hu.",positive_confirmation,"Haan deal done hai, token money GPay kar raha hu.",,0,5
positive_confirmation_031,"Arre Haan deal done hai, token money GPay kar raha hu. please",positive_confirmation,"Arre Haan deal done hai, token money GPay kar raha hu. please",,0,5
positive_confirmation_031,"Hey, Haan deal done hai, token money GPay kar raha hu.!",positive_confirmation,"Hey, Haan deal done hai, token money GPay kar raha hu.!",,0,5
positive_confirmation_031,"Bhai Haan deal done hai, token money GPay kar raha hu. jaldi batao",positive_confirmation,"Bhai Haan deal done hai, token money GPay kar raha hu. jaldi batao",,0,5
positive_confirmation_031,"Sir Haan deal done hai, token money GPay kar raha hu. kindly confirm",positive_confirmation,"Sir Haan deal done hai, token money GPay kar raha hu. kindly confirm",,0,5
positive_confirmation_031,"Sunna Haan deal done hai, token money GPay kar raha hu....",positive_confirmation,"Sunna Haan deal done hai, token money GPay kar raha hu.",,1,5
positive_confirmation_031,"Dekho Haan deal done hai, token money GPay kar raha hu. actually",positive_confirmation,"Dekho Haan deal done hai, token money GPay kar raha hu. actually",,0,5
positive_confirmation_031,"Hello team, Haan deal done hai, token money GPay kar raha hu.",positive_confirmation,"Hello team, Haan deal done hai, token money GPay kar raha hu.",,0,5
positive_confirmation_032,"Bilkul sahi hai quotation, purchase order release kar raha hu.",positive_confirmation,"Bilkul sahi hai quotation, purchase order release kar raha hu.",,0,5
positive_confirmation_032,"Arre Bilkul sahi hai quotation, purchase order release kar raha hu. please",positive_confirmation,"Arre Bilkul sahi hai quotation, purchase order release kar raha hu. please",,0,5
positive_confirmation_032,"Hey, Bilkul sahi hai quotation, purchase order release kar raha hu.!",positive_confirmation,"Hey, Bilkul sahi hai quotation, purchase order release kar raha hu.!",,0,5
positive_confirmation_032,"Bhai Bilkul sahi hai quotation, purchase order release kar raha hu. jaldi batao",positive_confirmation,"Bhai Bilkul sahi hai quotation, purchase order release kar raha hu. jaldi batao",,0,5
positive_confirmation_032,"Sir Bilkul sahi hai quotation, purchase order release kar raha hu. kindly confirm",positive_confirmation,"Sir Bilkul sahi hai quotation, purchase order release kar raha hu. kindly confirm",,0,5
positive_confirmation_032,"Sunna Bilkul sahi hai quotation, purchase order release kar raha hu....",positive_confirmation,"Sunna Bilkul sahi hai quotation, purchase order release kar raha hu.",,1,5
positive_confirmation_032,"Dekho Bilkul sahi hai quotation, purchase order release kar raha hu. actually",positive_confirmation,"Dekho Bilkul sahi hai quotation, purchase order release kar raha hu. actually",,0,5
positive_confirmation_032,"Hello team, Bilkul sahi hai quotation, purchase order release kar raha hu.",positive_confirmation,"Hello team, Bilkul sahi hai quotation, purchase order release kar raha hu.",,0,5
positive_confirmation_033,"Yes absolutely, please confirm my registration for this batch.",positive_confirmation,"Yes absolutely, please confirm my registration for this batch.",,0,5
positive_confirmation_033,"Arre Yes absolutely, please confirm my registration for this batch. please",positive_confirmation,"Arre Yes absolutely, please confirm my registration for this batch. please",,0,5
positive_confirmation_033,"Hey, Yes absolutely, please confirm my registration for this batch.!",positive_confirmation,"Hey, Yes absolutely, please confirm my registration for this batch.!",,0,5
positive_confirmation_033,"Bhai Yes absolutely, please confirm my registration for this batch. jaldi batao",positive_confirmation,"Bhai Yes absolutely, please confirm my registration for this batch. jaldi batao",,0,5
positive_confirmation_033,"Sir Yes absolutely, please confirm my registration for this batch. kindly confirm",positive_confirmation,"Sir Yes absolutely, please confirm my registration for this batch. kindly confirm",,0,5
positive_confirmation_033,"Sunna Yes absolutely, please confirm my registration for this batch....",positive_confirmation,"Sunna Yes absolutely, please confirm my registration for this batch.",,1,5
positive_confirmation_033,"Dekho Yes absolutely, please confirm my registration for this batch. actually",positive_confirmation,"Dekho Yes absolutely, please confirm my registration for this batch. actually",,0,5
positive_confirmation_033,"Hello team, Yes absolutely, please confirm my registration for this batch.",positive_confirmation,"Hello team, Yes absolutely, please confirm my registration for this batch.",,0,5
positive_confirmation_035,Haan payment deduct kar lijiye card se OTP enter kar diya hai.,positive_confirmation,Haan payment deduct kar lijiye card se OTP enter kar diya hai.,,0,5
positive_confirmation_035,Arre Haan payment deduct kar lijiye card se OTP enter kar diya hai. please,positive_confirmation,Arre Haan payment deduct kar lijiye card se OTP enter kar diya hai. please,,0,5
positive_confirmation_035,"Hey, Haan payment deduct kar lijiye card se OTP enter kar diya hai.!",positive_confirmation,"Hey, Haan payment deduct kar lijiye card se OTP enter kar diya hai.!",,0,5
positive_confirmation_035,Bhai Haan payment deduct kar lijiye card se OTP enter kar diya hai. jaldi batao,positive_confirmation,Bhai Haan payment deduct kar lijiye card se OTP enter kar diya hai. jaldi batao,,0,5
positive_confirmation_035,Sir Haan payment deduct kar lijiye card se OTP enter kar diya hai. kindly confirm,positive_confirmation,Sir Haan payment deduct kar lijiye card se OTP enter kar diya hai. kindly confirm,,0,5
positive_confirmation_035,Sunna Haan payment deduct kar lijiye card se OTP enter kar diya hai....,positive_confirmation,Sunna Haan payment deduct kar lijiye card se OTP enter kar diya hai.,,1,5
positive_confirmation_035,Dekho Haan payment deduct kar lijiye card se OTP enter kar diya hai. actually,positive_confirmation,Dekho Haan payment deduct kar lijiye card se OTP enter kar diya hai. actually,,0,5
positive_confirmation_035,"Hello team, Haan payment deduct kar lijiye card se OTP enter kar diya hai.",positive_confirmation,"Hello team, Haan payment deduct kar lijiye card se OTP enter kar diya hai.",,0,5
positive_confirmation_036,"Sure thing, book the appointment for Saturday 11 AM.",positive_confirmation,"Sure thing, book the appointment for Saturday 11 AM.",,0,5
positive_confirmation_036,"Arre Sure thing, book the appointment for Saturday 11 AM. please",positive_confirmation,"Arre Sure thing, book the appointment for Saturday 11 AM. please",,0,5
positive_confirmation_036,"Hey, Sure thing, book the appointment for Saturday 11 AM.!",positive_confirmation,"Hey, Sure thing, book the appointment for Saturday 11 AM.!",,0,5
positive_confirmation_036,"Bhai Sure thing, book the appointment for Saturday 11 AM. jaldi batao",positive_confirmation,"Bhai Sure thing, book the appointment for Saturday 11 AM. jaldi batao",,0,5
positive_confirmation_036,"Sir Sure thing, book the appointment for Saturday 11 AM. kindly confirm",positive_confirmation,"Sir Sure thing, book the appointment for Saturday 11 AM. kindly confirm",,0,5
positive_confirmation_036,"Sunna Sure thing, book the appointment for Saturday 11 AM....",positive_confirmation,"Sunna Sure thing, book the appointment for Saturday 11 AM.",,1,5
positive_confirmation_036,"Dekho Sure thing, book the appointment for Saturday 11 AM. actually",positive_confirmation,"Dekho Sure thing, book the appointment for Saturday 11 AM. actually",,0,5
positive_confirmation_036,"Hello team, Sure thing, book the appointment for Saturday 11 AM.",positive_confirmation,"Hello team, Sure thing, book the appointment for Saturday 11 AM.",,0,5
positive_confirmation_037,"Bilkul ready hu main, onboarding agent ko coordinate karne bolo.",positive_confirmation,"Bilkul ready hu main, onboarding agent ko coordinate karne bolo.",,0,5
positive_confirmation_037,"Arre Bilkul ready hu main, onboarding agent ko coordinate karne bolo. please",positive_confirmation,"Arre Bilkul ready hu main, onboarding agent ko coordinate karne bolo. please",,0,5
positive_confirmation_037,"Hey, Bilkul ready hu main, onboarding agent ko coordinate karne bolo.!",positive_confirmation,"Hey, Bilkul ready hu main, onboarding agent ko coordinate karne bolo.!",,0,5
positive_confirmation_037,"Bhai Bilkul ready hu main, onboarding agent ko coordinate karne bolo. jaldi batao",positive_confirmation,"Bhai Bilkul ready hu main, onboarding agent ko coordinate karne bolo. jaldi batao",,0,5
positive_confirmation_037,"Sir Bilkul ready hu main, onboarding agent ko coordinate karne bolo. kindly confirm",positive_confirmation,"Sir Bilkul ready hu main, onboarding agent ko coordinate karne bolo. kindly confirm",,0,5
positive_confirmation_037,"Sunna Bilkul ready hu main, onboarding agent ko coordinate karne bolo....",positive_confirmation,"Sunna Bilkul ready hu main, onboarding agent ko coordinate karne bolo.",,1,5
positive_confirmation_037,"Dekho Bilkul ready hu main, onboarding agent ko coordinate karne bolo. actually",positive_confirmation,"Dekho Bilkul ready hu main, onboarding agent ko coordinate karne bolo. actually",,0,5
positive_confirmation_037,"Hello team, Bilkul ready hu main, onboarding agent ko coordinate karne bolo.",positive_confirmation,"Hello team, Bilkul ready hu main, onboarding agent ko coordinate karne bolo.",,0,5
positive_confirmation_038,"Haan deal lock kardo, rate bilkul pasand aaya mujhe.",positive_confirmation,"Haan deal lock kardo, rate bilkul pasand aaya mujhe.",,0,5
positive_confirmation_038,"Arre Haan deal lock kardo, rate bilkul pasand aaya mujhe. please",positive_confirmation,"Arre Haan deal lock kardo, rate bilkul pasand aaya mujhe. please",,0,5
positive_confirmation_038,"Hey, Haan deal lock kardo, rate bilkul pasand aaya mujhe.!",positive_confirmation,"Hey, Haan deal lock kardo, rate bilkul pasand aaya mujhe.!",,0,5
positive_confirmation_038,"Bhai Haan deal lock kardo, rate bilkul pasand aaya mujhe. jaldi batao",positive_confirmation,"Bhai Haan deal lock kardo, rate bilkul pasand aaya mujhe. jaldi batao",,0,5
positive_confirmation_038,"Sir Haan deal lock kardo, rate bilkul pasand aaya mujhe. kindly confirm",positive_confirmation,"Sir Haan deal lock kardo, rate bilkul pasand aaya mujhe. kindly confirm",,0,5
positive_confirmation_038,"Sunna Haan deal lock kardo, rate bilkul pasand aaya mujhe....",positive_confirmation,"Sunna Haan deal lock kardo, rate bilkul pasand aaya mujhe.",,1,5
positive_confirmation_038,"Dekho Haan deal lock kardo, rate bilkul pasand aaya mujhe. actually",positive_confirmation,"Dekho Haan deal lock kardo, rate bilkul pasand aaya mujhe. actually",,0,5
positive_confirmation_038,"Hello team, Haan deal lock kardo, rate bilkul pasand aaya mujhe.",positive_confirmation,"Hello team, Haan deal lock kardo, rate bilkul pasand aaya mujhe.",,0,5
positive_confirmation_039,"Yes proceed with the booking, passenger names correct hain.",positive_confirmation,"Yes proceed with the booking, passenger names correct hain.",,0,5
positive_confirmation_039,"Arre Yes proceed with the booking, passenger names correct hain. please",positive_confirmation,"Arre Yes proceed with the booking, passenger names correct hain. please",,0,5
positive_confirmation_039,"Hey, Yes proceed with the booking, passenger names correct hain.!",positive_confirmation,"Hey, Yes proceed with the booking, passenger names correct hain.!",,0,5
positive_confirmation_039,"Bhai Yes proceed with the booking, passenger names correct hain. jaldi batao",positive_confirmation,"Bhai Yes proceed with the booking, passenger names correct hain. jaldi batao",,0,5
positive_confirmation_039,"Sir Yes proceed with the booking, passenger names correct hain. kindly confirm",positive_confirmation,"Sir Yes proceed with the booking, passenger names correct hain. kindly confirm",,0,5
positive_confirmation_039,"Sunna Yes proceed with the booking, passenger names correct hain....",positive_confirmation,"Sunna Yes proceed with the booking, passenger names correct hain.",,1,5
positive_confirmation_039,"Dekho Yes proceed with the booking, passenger names correct hain. actually",positive_confirmation,"Dekho Yes proceed with the booking, passenger names correct hain. actually",,0,5
positive_confirmation_039,"Hello team, Yes proceed with the booking, passenger names correct hain.",positive_confirmation,"Hello team, Yes proceed with the booking, passenger names correct hain.",,0,5
positive_confirmation_041,Haan bilkul proceed karo mujhe ye service mandatory chahiye thi.,positive_confirmation,Haan bilkul proceed karo mujhe ye service mandatory chahiye thi.,,0,5
positive_confirmation_041,Arre Haan bilkul proceed karo mujhe ye service mandatory chahiye thi. please,positive_confirmation,Arre Haan bilkul proceed karo mujhe ye service mandatory chahiye thi. please,,0,5
positive_confirmation_041,"Hey, Haan bilkul proceed karo mujhe ye service mandatory chahiye thi.!",positive_confirmation,"Hey, Haan bilkul proceed karo mujhe ye service mandatory chahiye thi.!",,0,5
positive_confirmation_041,Bhai Haan bilkul proceed karo mujhe ye service mandatory chahiye thi. jaldi batao,positive_confirmation,Bhai Haan bilkul proceed karo mujhe ye service mandatory chahiye thi. jaldi batao,,0,5
positive_confirmation_041,Sir Haan bilkul proceed karo mujhe ye service mandatory chahiye thi. kindly confirm,positive_confirmation,Sir Haan bilkul proceed karo mujhe ye service mandatory chahiye thi. kindly confirm,,0,5
positive_confirmation_041,Sunna Haan bilkul proceed karo mujhe ye service mandatory chahiye thi....,positive_confirmation,Sunna Haan bilkul proceed karo mujhe ye service mandatory chahiye thi.,,1,5
positive_confirmation_041,Dekho Haan bilkul proceed karo mujhe ye service mandatory chahiye thi. actually,positive_confirmation,Dekho Haan bilkul proceed karo mujhe ye service mandatory chahiye thi. actually,,0,5
positive_confirmation_041,"Hello team, Haan bilkul proceed karo mujhe ye service mandatory chahiye thi.",positive_confirmation,"Hello team, Haan bilkul proceed karo mujhe ye service mandatory chahiye thi.",,0,5
positive_confirmation_042,"Sure, account create kar do aur login credentials send karo.",positive_confirmation,"Sure, account create kar do aur login credentials send karo.",,0,5
positive_confirmation_042,"Arre Sure, account create kar do aur login credentials send karo. please",positive_confirmation,"Arre Sure, account create kar do aur login credentials send karo. please",,0,5
positive_confirmation_042,"Hey, Sure, account create kar do aur login credentials send karo.!",positive_confirmation,"Hey, Sure, account create kar do aur login credentials send karo.!",,0,5
positive_confirmation_042,"Bhai Sure, account create kar do aur login credentials send karo. jaldi batao",positive_confirmation,"Bhai Sure, account create kar do aur login credentials send karo. jaldi batao",,0,5
positive_confirmation_042,"Sir Sure, account create kar do aur login credentials send karo. kindly confirm",positive_confirmation,"Sir Sure, account create kar do aur login credentials send karo. kindly confirm",,0,5
positive_confirmation_042,"Sunna Sure, account create kar do aur login credentials send karo....",positive_confirmation,"Sunna Sure, account create kar do aur login credentials send karo.",,1,5
positive_confirmation_042,"Dekho Sure, account create kar do aur login credentials send karo. actually",positive_confirmation,"Dekho Sure, account create kar do aur login credentials send karo. actually",,0,5
positive_confirmation_042,"Hello team, Sure, account create kar do aur login credentials send karo.",positive_confirmation,"Hello team, Sure, account create kar do aur login credentials send karo.",,0,5
positive_confirmation_043,"Approved sir, installation team ko kal dispatch kar do.",positive_confirmation,"Approved sir, installation team ko kal dispatch kar do.",,0,5
positive_confirmation_043,"Arre Approved sir, installation team ko kal dispatch kar do. please",positive_confirmation,"Arre Approved sir, installation team ko kal dispatch kar do. please",,0,5
positive_confirmation_043,"Hey, Approved sir, installation team ko kal dispatch kar do.!",positive_confirmation,"Hey, Approved sir, installation team ko kal dispatch kar do.!",,0,5
positive_confirmation_043,"Bhai Approved sir, installation team ko kal dispatch kar do. jaldi batao",positive_confirmation,"Bhai Approved sir, installation team ko kal dispatch kar do. jaldi batao",,0,5
positive_confirmation_043,"Sir Approved sir, installation team ko kal dispatch kar do. kindly confirm",positive_confirmation,"Sir Approved sir, installation team ko kal dispatch kar do. kindly confirm",,0,5
positive_confirmation_043,"Sunna Approved sir, installation team ko kal dispatch kar do....",positive_confirmation,"Sunna Approved sir, installation team ko kal dispatch kar do.",,1,5
positive_confirmation_043,"Dekho Approved sir, installation team ko kal dispatch kar do. actually",positive_confirmation,"Dekho Approved sir, installation team ko kal dispatch kar do. actually",,0,5
positive_confirmation_043,"Hello team, Approved sir, installation team ko kal dispatch kar do.",positive_confirmation,"Hello team, Approved sir, installation team ko kal dispatch kar do.",,0,5
positive_confirmation_044,"Haan ready hu subscription lene ke liye, payment gateway link bhej do.",positive_confirmation,"Haan ready hu subscription lene ke liye, payment gateway link bhej do.",,0,5
positive_confirmation_044,"Arre Haan ready hu subscription lene ke liye, payment gateway link bhej do. please",positive_confirmation,"Arre Haan ready hu subscription lene ke liye, payment gateway link bhej do. please",,0,5
positive_confirmation_044,"Hey, Haan ready hu subscription lene ke liye, payment gateway link bhej do.!",positive_confirmation,"Hey, Haan ready hu subscription lene ke liye, payment gateway link bhej do.!",,0,5
positive_confirmation_044,"Bhai Haan ready hu subscription lene ke liye, payment gateway link bhej do. jaldi batao",positive_confirmation,"Bhai Haan ready hu subscription lene ke liye, payment gateway link bhej do. jaldi batao",,0,5
positive_confirmation_044,"Sir Haan ready hu subscription lene ke liye, payment gateway link bhej do. kindly confirm",positive_confirmation,"Sir Haan ready hu subscription lene ke liye, payment gateway link bhej do. kindly confirm",,0,5
positive_confirmation_044,"Sunna Haan ready hu subscription lene ke liye, payment gateway link bhej do....",positive_confirmation,"Sunna Haan ready hu subscription lene ke liye, payment gateway link bhej do.",,1,5
positive_confirmation_044,"Dekho Haan ready hu subscription lene ke liye, payment gateway link bhej do. actually",positive_confirmation,"Dekho Haan ready hu subscription lene ke liye, payment gateway link bhej do. actually",,0,5
positive_confirmation_044,"Hello team, Haan ready hu subscription lene ke liye, payment gateway link bhej do.",positive_confirmation,"Hello team, Haan ready hu subscription lene ke liye, payment gateway link bhej do.",,0,5
positive_confirmation_045,"Yes that is fine with me, generate the official receipt.",positive_confirmation,"Yes that is fine with me, generate the official receipt.",,0,5
positive_confirmation_045,"Arre Yes that is fine with me, generate the official receipt. please",positive_confirmation,"Arre Yes that is fine with me, generate the official receipt. please",,0,5
positive_confirmation_045,"Hey, Yes that is fine with me, generate the official receipt.!",positive_confirmation,"Hey, Yes that is fine with me, generate the official receipt.!",,0,5
positive_confirmation_045,"Bhai Yes that is fine with me, generate the official receipt. jaldi batao",positive_confirmation,"Bhai Yes that is fine with me, generate the official receipt. jaldi batao",,0,5
positive_confirmation_045,"Sir Yes that is fine with me, generate the official receipt. kindly confirm",positive_confirmation,"Sir Yes that is fine with me, generate the official receipt. kindly confirm",,0,5
positive_confirmation_045,"Sunna Yes that is fine with me, generate the official receipt....",positive_confirmation,"Sunna Yes that is fine with me, generate the official receipt.",,1,5
positive_confirmation_045,"Dekho Yes that is fine with me, generate the official receipt. actually",positive_confirmation,"Dekho Yes that is fine with me, generate the official receipt. actually",,0,5
positive_confirmation_045,"Hello team, Yes that is fine with me, generate the official receipt.",positive_confirmation,"Hello team, Yes that is fine with me, generate the official receipt.",,0,5
positive_confirmation_046,"Bilkul agreed terms par, let's start the project right away.",positive_confirmation,"Bilkul agreed terms par, let's start the project right away.",,0,5
positive_confirmation_046,"Arre Bilkul agreed terms par, let's start the project right away. please",positive_confirmation,"Arre Bilkul agreed terms par, let's start the project right away. please",,0,5
positive_confirmation_046,"Hey, Bilkul agreed terms par, let's start the project right away.!",positive_confirmation,"Hey, Bilkul agreed terms par, let's start the project right away.!",,0,5
positive_confirmation_046,"Bhai Bilkul agreed terms par, let's start the project right away. jaldi batao",positive_confirmation,"Bhai Bilkul agreed terms par, let's start the project right away. jaldi batao",,0,5
positive_confirmation_046,"Sir Bilkul agreed terms par, let's start the project right away. kindly confirm",positive_confirmation,"Sir Bilkul agreed terms par, let's start the project right away. kindly confirm",,0,5
positive_confirmation_046,"Sunna Bilkul agreed terms par, let's start the project right away....",positive_confirmation,"Sunna Bilkul agreed terms par, let's start the project right away.",,1,5
positive_confirmation_046,"Dekho Bilkul agreed terms par, let's start the project right away. actually",positive_confirmation,"Dekho Bilkul agreed terms par, let's start the project right away. actually",,0,5
positive_confirmation_046,"Hello team, Bilkul agreed terms par, let's start the project right away.",positive_confirmation,"Hello team, Bilkul agreed terms par, let's start the project right away.",,0,5
positive_confirmation_049,Theek hai slot finalize hai kal morning 10 AM meet karenge.,positive_confirmation,Theek hai slot finalize hai kal morning 10 AM meet karenge.,,0,5
positive_confirmation_049,Arre Theek hai slot finalize hai kal morning 10 AM meet karenge. please,positive_confirmation,Arre Theek hai slot finalize hai kal morning 10 AM meet karenge. please,,0,5
positive_confirmation_049,"Hey, Theek hai slot finalize hai kal morning 10 AM meet karenge.!",positive_confirmation,"Hey, Theek hai slot finalize hai kal morning 10 AM meet karenge.!",,0,5
positive_confirmation_049,Bhai Theek hai slot finalize hai kal morning 10 AM meet karenge. jaldi batao,positive_confirmation,Bhai Theek hai slot finalize hai kal morning 10 AM meet karenge. jaldi batao,,0,5
positive_confirmation_049,Sir Theek hai slot finalize hai kal morning 10 AM meet karenge. kindly confirm,positive_confirmation,Sir Theek hai slot finalize hai kal morning 10 AM meet karenge. kindly confirm,,0,5
positive_confirmation_049,Sunna Theek hai slot finalize hai kal morning 10 AM meet karenge....,positive_confirmation,Sunna Theek hai slot finalize hai kal morning 10 AM meet karenge.,,1,5
positive_confirmation_049,Dekho Theek hai slot finalize hai kal morning 10 AM meet karenge. actually,positive_confirmation,Dekho Theek hai slot finalize hai kal morning 10 AM meet karenge. actually,,0,5
positive_confirmation_049,"Hello team, Theek hai slot finalize hai kal morning 10 AM meet karenge.",positive_confirmation,"Hello team, Theek hai slot finalize hai kal morning 10 AM meet karenge.",,0,5
positive_confirmation_050,Haan insurance policy issue kar dijiye medical checkup clearance ho gaya.,positive_confirmation,Haan insurance policy issue kar dijiye medical checkup clearance ho gaya.,,0,5
positive_confirmation_050,Arre Haan insurance policy issue kar dijiye medical checkup clearance ho gaya. please,positive_confirmation,Arre Haan insurance policy issue kar dijiye medical checkup clearance ho gaya. please,,0,5
positive_confirmation_050,"Hey, Haan insurance policy issue kar dijiye medical checkup clearance ho gaya.!",positive_confirmation,"Hey, Haan insurance policy issue kar dijiye medical checkup clearance ho gaya.!",,0,5
positive_confirmation_050,Bhai Haan insurance policy issue kar dijiye medical checkup clearance ho gaya. jaldi batao,positive_confirmation,Bhai Haan insurance policy issue kar dijiye medical checkup clearance ho gaya. jaldi batao,,0,5
positive_confirmation_050,Sir Haan insurance policy issue kar dijiye medical checkup clearance ho gaya. kindly confirm,positive_confirmation,Sir Haan insurance policy issue kar dijiye medical checkup clearance ho gaya. kindly confirm,,0,5
positive_confirmation_050,Sunna Haan insurance policy issue kar dijiye medical checkup clearance ho gaya....,positive_confirmation,Sunna Haan insurance policy issue kar dijiye medical checkup clearance ho gaya.,,1,5
positive_confirmation_050,Dekho Haan insurance policy issue kar dijiye medical checkup clearance ho gaya. actually,positive_confirmation,Dekho Haan insurance policy issue kar dijiye medical checkup clearance ho gaya. actually,,0,5
positive_confirmation_050,"Hello team, Haan insurance policy issue kar dijiye medical checkup clearance ho gaya.",positive_confirmation,"Hello team, Haan insurance policy issue kar dijiye medical checkup clearance ho gaya.",,0,5
positive_confirmation_051,"Sure proceed with dispatch, delivery address verified hai.",positive_confirmation,"Sure proceed with dispatch, delivery address verified hai.",,0,5
positive_confirmation_051,"Arre Sure proceed with dispatch, delivery address verified hai. please",positive_confirmation,"Arre Sure proceed with dispatch, delivery address verified hai. please",,0,5
positive_confirmation_051,"Hey, Sure proceed with dispatch, delivery address verified hai.!",positive_confirmation,"Hey, Sure proceed with dispatch, delivery address verified hai.!",,0,5
positive_confirmation_051,"Bhai Sure proceed with dispatch, delivery address verified hai. jaldi batao",positive_confirmation,"Bhai Sure proceed with dispatch, delivery address verified hai. jaldi batao",,0,5
positive_confirmation_051,"Sir Sure proceed with dispatch, delivery address verified hai. kindly confirm",positive_confirmation,"Sir Sure proceed with dispatch, delivery address verified hai. kindly confirm",,0,5
positive_confirmation_051,"Sunna Sure proceed with dispatch, delivery address verified hai....",positive_confirmation,"Sunna Sure proceed with dispatch, delivery address verified hai.",,1,5
positive_confirmation_051,"Dekho Sure proceed with dispatch, delivery address verified hai. actually",positive_confirmation,"Dekho Sure proceed with dispatch, delivery address verified hai. actually",,0,5
positive_confirmation_051,"Hello team, Sure proceed with dispatch, delivery address verified hai.",positive_confirmation,"Hello team, Sure proceed with dispatch, delivery address verified hai.",,0,5
positive_confirmation_054,"Bilkul correct details hain, submit kar do application.",positive_confirmation,"Bilkul correct details hain, submit kar do application.",,0,5
positive_confirmation_054,"Arre Bilkul correct details hain, submit kar do application. please",positive_confirmation,"Arre Bilkul correct details hain, submit kar do application. please",,0,5
positive_confirmation_054,"Hey, Bilkul correct details hain, submit kar do application.!",positive_confirmation,"Hey, Bilkul correct details hain, submit kar do application.!",,0,5
positive_confirmation_054,"Bhai Bilkul correct details hain, submit kar do application. jaldi batao",positive_confirmation,"Bhai Bilkul correct details hain, submit kar do application. jaldi batao",,0,5
positive_confirmation_054,"Sir Bilkul correct details hain, submit kar do application. kindly confirm",positive_confirmation,"Sir Bilkul correct details hain, submit kar do application. kindly confirm",,0,5
positive_confirmation_054,"Sunna Bilkul correct details hain, submit kar do application....",positive_confirmation,"Sunna Bilkul correct details hain, submit kar do application.",,1,5
positive_confirmation_054,"Dekho Bilkul correct details hain, submit kar do application. actually",positive_confirmation,"Dekho Bilkul correct details hain, submit kar do application. actually",,0,5
positive_confirmation_054,"Hello team, Bilkul correct details hain, submit kar do application.",positive_confirmation,"Hello team, Bilkul correct details hain, submit kar do application.",,0,5
positive_confirmation_056,"Yes go ahead, main demo class attend karunga tomorrow.",positive_confirmation,"Yes go ahead, main demo class attend karunga tomorrow.",,0,5
positive_confirmation_056,"Arre Yes go ahead, main demo class attend karunga tomorrow. please",positive_confirmation,"Arre Yes go ahead, main demo class attend karunga tomorrow. please",,0,5
positive_confirmation_056,"Hey, Yes go ahead, main demo class attend karunga tomorrow.!",positive_confirmation,"Hey, Yes go ahead, main demo class attend karunga tomorrow.!",,0,5
positive_confirmation_056,"Bhai Yes go ahead, main demo class attend karunga tomorrow. jaldi batao",positive_confirmation,"Bhai Yes go ahead, main demo class attend karunga tomorrow. jaldi batao",,0,5
positive_confirmation_056,"Sir Yes go ahead, main demo class attend karunga tomorrow. kindly confirm",positive_confirmation,"Sir Yes go ahead, main demo class attend karunga tomorrow. kindly confirm",,0,5
positive_confirmation_056,"Sunna Yes go ahead, main demo class attend karunga tomorrow....",positive_confirmation,"Sunna Yes go ahead, main demo class attend karunga tomorrow.",,1,5
positive_confirmation_056,"Dekho Yes go ahead, main demo class attend karunga tomorrow. actually",positive_confirmation,"Dekho Yes go ahead, main demo class attend karunga tomorrow. actually",,0,5
positive_confirmation_056,"Hello team, Yes go ahead, main demo class attend karunga tomorrow.",positive_confirmation,"Hello team, Yes go ahead, main demo class attend karunga tomorrow.",,0,5
positive_confirmation_057,"Haan booking confirm maaniye, advance payment ho gaya hai.",positive_confirmation,"Haan booking confirm maaniye, advance payment ho gaya hai.",,0,5
positive_confirmation_057,"Arre Haan booking confirm maaniye, advance payment ho gaya hai. please",positive_confirmation,"Arre Haan booking confirm maaniye, advance payment ho gaya hai. please",,0,5
positive_confirmation_057,"Hey, Haan booking confirm maaniye, advance payment ho gaya hai.!",positive_confirmation,"Hey, Haan booking confirm maaniye, advance payment ho gaya hai.!",,0,5
positive_confirmation_057,"Bhai Haan booking confirm maaniye, advance payment ho gaya hai. jaldi batao",positive_confirmation,"Bhai Haan booking confirm maaniye, advance payment ho gaya hai. jaldi batao",,0,5
positive_confirmation_057,"Sir Haan booking confirm maaniye, advance payment ho gaya hai. kindly confirm",positive_confirmation,"Sir Haan booking confirm maaniye, advance payment ho gaya hai. kindly confirm",,0,5
positive_confirmation_057,"Sunna Haan booking confirm maaniye, advance payment ho gaya hai....",positive_confirmation,"Sunna Haan booking confirm maaniye, advance payment ho gaya hai.",,1,5
positive_confirmation_057,"Dekho Haan booking confirm maaniye, advance payment ho gaya hai. actually",positive_confirmation,"Dekho Haan booking confirm maaniye, advance payment ho gaya hai. actually",,0,5
positive_confirmation_057,"Hello team, Haan booking confirm maaniye, advance payment ho gaya hai.",positive_confirmation,"Hello team, Haan booking confirm maaniye, advance payment ho gaya hai.",,0,5
positive_confirmation_059,"Bilkul theek hai pricing, please invoice generate kijiye.",positive_confirmation,"Bilkul theek hai pricing, please invoice generate kijiye.",,0,5
positive_confirmation_059,"Arre Bilkul theek hai pricing, please invoice generate kijiye. please",positive_confirmation,"Arre Bilkul theek hai pricing, please invoice generate kijiye. please",,0,5
positive_confirmation_059,"Hey, Bilkul theek hai pricing, please invoice generate kijiye.!",positive_confirmation,"Hey, Bilkul theek hai pricing, please invoice generate kijiye.!",,0,5
positive_confirmation_059,"Bhai Bilkul theek hai pricing, please invoice generate kijiye. jaldi batao",positive_confirmation,"Bhai Bilkul theek hai pricing, please invoice generate kijiye. jaldi batao",,0,5
positive_confirmation_059,"Sir Bilkul theek hai pricing, please invoice generate kijiye. kindly confirm",positive_confirmation,"Sir Bilkul theek hai pricing, please invoice generate kijiye. kindly confirm",,0,5
positive_confirmation_059,"Sunna Bilkul theek hai pricing, please invoice generate kijiye....",positive_confirmation,"Sunna Bilkul theek hai pricing, please invoice generate kijiye.",,1,5
positive_confirmation_059,"Dekho Bilkul theek hai pricing, please invoice generate kijiye. actually",positive_confirmation,"Dekho Bilkul theek hai pricing, please invoice generate kijiye. actually",,0,5
positive_confirmation_059,"Hello team, Bilkul theek hai pricing, please invoice generate kijiye.",positive_confirmation,"Hello team, Bilkul theek hai pricing, please invoice generate kijiye.",,0,5
positive_confirmation_061,"Yes confirmed sir, send technician for doorstep inspection.",positive_confirmation,"Yes confirmed sir, send technician for doorstep inspection.",,0,5
positive_confirmation_061,"Arre Yes confirmed sir, send technician for doorstep inspection. please",positive_confirmation,"Arre Yes confirmed sir, send technician for doorstep inspection. please",,0,5
positive_confirmation_061,"Hey, Yes confirmed sir, send technician for doorstep inspection.!",positive_confirmation,"Hey, Yes confirmed sir, send technician for doorstep inspection.!",,0,5
positive_confirmation_061,"Bhai Yes confirmed sir, send technician for doorstep inspection. jaldi batao",positive_confirmation,"Bhai Yes confirmed sir, send technician for doorstep inspection. jaldi batao",,0,5
positive_confirmation_061,"Sir Yes confirmed sir, send technician for doorstep inspection. kindly confirm",positive_confirmation,"Sir Yes confirmed sir, send technician for doorstep inspection. kindly confirm",,0,5
positive_confirmation_061,"Sunna Yes confirmed sir, send technician for doorstep inspection....",positive_confirmation,"Sunna Yes confirmed sir, send technician for doorstep inspection.",,1,5
positive_confirmation_061,"Dekho Yes confirmed sir, send technician for doorstep inspection. actually",positive_confirmation,"Dekho Yes confirmed sir, send technician for doorstep inspection. actually",,0,5
positive_confirmation_061,"Hello team, Yes confirmed sir, send technician for doorstep inspection.",positive_confirmation,"Hello team, Yes confirmed sir, send technician for doorstep inspection.",,0,5
positive_confirmation_064,"Sure proceed ahead, all documents uploaded successfully.",positive_confirmation,"Sure proceed ahead, all documents uploaded successfully.",,0,5
positive_confirmation_064,"Arre Sure proceed ahead, all documents uploaded successfully. please",positive_confirmation,"Arre Sure proceed ahead, all documents uploaded successfully. please",,0,5
positive_confirmation_064,"Hey, Sure proceed ahead, all documents uploaded successfully.!",positive_confirmation,"Hey, Sure proceed ahead, all documents uploaded successfully.!",,0,5
positive_confirmation_064,"Bhai Sure proceed ahead, all documents uploaded successfully. jaldi batao",positive_confirmation,"Bhai Sure proceed ahead, all documents uploaded successfully. jaldi batao",,0,5
positive_confirmation_064,"Sir Sure proceed ahead, all documents uploaded successfully. kindly confirm",positive_confirmation,"Sir Sure proceed ahead, all documents uploaded successfully. kindly confirm",,0,5
positive_confirmation_064,"Sunna Sure proceed ahead, all documents uploaded successfully....",positive_confirmation,"Sunna Sure proceed ahead, all documents uploaded successfully.",,1,5
positive_confirmation_064,"Dekho Sure proceed ahead, all documents uploaded successfully. actually",positive_confirmation,"Dekho Sure proceed ahead, all documents uploaded successfully. actually",,0,5
positive_confirmation_064,"Hello team, Sure proceed ahead, all documents uploaded successfully.",positive_confirmation,"Hello team, Sure proceed ahead, all documents uploaded successfully.",,0,5
positive_confirmation_065,"Yes I am happy with this offer, please block the item for me.",positive_confirmation,"Yes I am happy with this offer, please block the item for me.",,0,5
positive_confirmation_065,"Arre Yes I am happy with this offer, please block the item for me. please",positive_confirmation,"Arre Yes I am happy with this offer, please block the item for me. please",,0,5
positive_confirmation_065,"Hey, Yes I am happy with this offer, please block the item for me.!",positive_confirmation,"Hey, Yes I am happy with this offer, please block the item for me.!",,0,5
positive_confirmation_065,"Bhai Yes I am happy with this offer, please block the item for me. jaldi batao",positive_confirmation,"Bhai Yes I am happy with this offer, please block the item for me. jaldi batao",,0,5
positive_confirmation_065,"Sir Yes I am happy with this offer, please block the item for me. kindly confirm",positive_confirmation,"Sir Yes I am happy with this offer, please block the item for me. kindly confirm",,0,5
positive_confirmation_065,"Sunna Yes I am happy with this offer, please block the item for me....",positive_confirmation,"Sunna Yes I am happy with this offer, please block the item for me.",,1,5
positive_confirmation_065,"Dekho Yes I am happy with this offer, please block the item for me. actually",positive_confirmation,"Dekho Yes I am happy with this offer, please block the item for me. actually",,0,5
positive_confirmation_065,"Hello team, Yes I am happy with this offer, please block the item for me.",positive_confirmation,"Hello team, Yes I am happy with this offer, please block the item for me.",,0,5
positive_confirmation_066,"Bilkul sahi hai date, train ticket book kar dijiye tatkal me.",positive_confirmation,"Bilkul sahi hai date, train ticket book kar dijiye tatkal me.",,0,5
positive_confirmation_066,"Arre Bilkul sahi hai date, train ticket book kar dijiye tatkal me. please",positive_confirmation,"Arre Bilkul sahi hai date, train ticket book kar dijiye tatkal me. please",,0,5
positive_confirmation_066,"Hey, Bilkul sahi hai date, train ticket book kar dijiye tatkal me.!",positive_confirmation,"Hey, Bilkul sahi hai date, train ticket book kar dijiye tatkal me.!",,0,5
positive_confirmation_066,"Bhai Bilkul sahi hai date, train ticket book kar dijiye tatkal me. jaldi batao",positive_confirmation,"Bhai Bilkul sahi hai date, train ticket book kar dijiye tatkal me. jaldi batao",,0,5
positive_confirmation_066,"Sir Bilkul sahi hai date, train ticket book kar dijiye tatkal me. kindly confirm",positive_confirmation,"Sir Bilkul sahi hai date, train ticket book kar dijiye tatkal me. kindly confirm",,0,5
positive_confirmation_066,"Sunna Bilkul sahi hai date, train ticket book kar dijiye tatkal me....",positive_confirmation,"Sunna Bilkul sahi hai date, train ticket book kar dijiye tatkal me.",,1,5
positive_confirmation_066,"Dekho Bilkul sahi hai date, train ticket book kar dijiye tatkal me. actually",positive_confirmation,"Dekho Bilkul sahi hai date, train ticket book kar dijiye tatkal me. actually",,0,5
positive_confirmation_066,"Hello team, Bilkul sahi hai date, train ticket book kar dijiye tatkal me.",positive_confirmation,"Hello team, Bilkul sahi hai date, train ticket book kar dijiye tatkal me.",,0,5
positive_confirmation_067,"Haan mere side se green signal hai, workflow execute karo.",positive_confirmation,"Haan mere side se green signal hai, workflow execute karo.",,0,5
positive_confirmation_067,"Arre Haan mere side se green signal hai, workflow execute karo. please",positive_confirmation,"Arre Haan mere side se green signal hai, workflow execute karo. please",,0,5
positive_confirmation_067,"Hey, Haan mere side se green signal hai, workflow execute karo.!",positive_confirmation,"Hey, Haan mere side se green signal hai, workflow execute karo.!",,0,5
positive_confirmation_067,"Bhai Haan mere side se green signal hai, workflow execute karo. jaldi batao",positive_confirmation,"Bhai Haan mere side se green signal hai, workflow execute karo. jaldi batao",,0,5
positive_confirmation_067,"Sir Haan mere side se green signal hai, workflow execute karo. kindly confirm",positive_confirmation,"Sir Haan mere side se green signal hai, workflow execute karo. kindly confirm",,0,5
positive_confirmation_067,"Sunna Haan mere side se green signal hai, workflow execute karo....",positive_confirmation,"Sunna Haan mere side se green signal hai, workflow execute karo.",,1,5
positive_confirmation_067,"Dekho Haan mere side se green signal hai, workflow execute karo. actually",positive_confirmation,"Dekho Haan mere side se green signal hai, workflow execute karo. actually",,0,5
positive_confirmation_067,"Hello team, Haan mere side se green signal hai, workflow execute karo.",positive_confirmation,"Hello team, Haan mere side se green signal hai, workflow execute karo.",,0,5
positive_confirmation_068,"Theek hai sir payment link pe pay kar diya hai, verify kar lo.",positive_confirmation,"Theek hai sir payment link pe pay kar diya hai, verify kar lo.",,0,5
positive_confirmation_068,"Arre Theek hai sir payment link pe pay kar diya hai, verify kar lo. please",positive_confirmation,"Arre Theek hai sir payment link pe pay kar diya hai, verify kar lo. please",,0,5
positive_confirmation_068,"Hey, Theek hai sir payment link pe pay kar diya hai, verify kar lo.!",positive_confirmation,"Hey, Theek hai sir payment link pe pay kar diya hai, verify kar lo.!",,0,5
positive_confirmation_068,"Bhai Theek hai sir payment link pe pay kar diya hai, verify kar lo. jaldi batao",positive_confirmation,"Bhai Theek hai sir payment link pe pay kar diya hai, verify kar lo. jaldi batao",,0,5
positive_confirmation_068,"Sir Theek hai sir payment link pe pay kar diya hai, verify kar lo. kindly confirm",positive_confirmation,"Sir Theek hai sir payment link pe pay kar diya hai, verify kar lo. kindly confirm",,0,5
positive_confirmation_068,"Sunna Theek hai sir payment link pe pay kar diya hai, verify kar lo....",positive_confirmation,"Sunna Theek hai sir payment link pe pay kar diya hai, verify kar lo.",,1,5
positive_confirmation_068,"Dekho Theek hai sir payment link pe pay kar diya hai, verify kar lo. actually",positive_confirmation,"Dekho Theek hai sir payment link pe pay kar diya hai, verify kar lo. actually",,0,5
positive_confirmation_068,"Hello team, Theek hai sir payment link pe pay kar diya hai, verify kar lo.",positive_confirmation,"Hello team, Theek hai sir payment link pe pay kar diya hai, verify kar lo.",,0,5
positive_confirmation_069,Yes please confirm my table reservation for 4 people tonight.,positive_confirmation,Yes please confirm my table reservation for 4 people tonight.,,0,5
positive_confirmation_069,Arre Yes please confirm my table reservation for 4 people tonight. please,positive_confirmation,Arre Yes please confirm my table reservation for 4 people tonight. please,,0,5
positive_confirmation_069,"Hey, Yes please confirm my table reservation for 4 people tonight.!",positive_confirmation,"Hey, Yes please confirm my table reservation for 4 people tonight.!",,0,5
positive_confirmation_069,Bhai Yes please confirm my table reservation for 4 people tonight. jaldi batao,positive_confirmation,Bhai Yes please confirm my table reservation for 4 people tonight. jaldi batao,,0,5
positive_confirmation_069,Sir Yes please confirm my table reservation for 4 people tonight. kindly confirm,positive_confirmation,Sir Yes please confirm my table reservation for 4 people tonight. kindly confirm,,0,5
positive_confirmation_069,Sunna Yes please confirm my table reservation for 4 people tonight....,positive_confirmation,Sunna Yes please confirm my table reservation for 4 people tonight.,,1,5
positive_confirmation_069,Dekho Yes please confirm my table reservation for 4 people tonight. actually,positive_confirmation,Dekho Yes please confirm my table reservation for 4 people tonight. actually,,0,5
positive_confirmation_069,"Hello team, Yes please confirm my table reservation for 4 people tonight.",positive_confirmation,"Hello team, Yes please confirm my table reservation for 4 people tonight.",,0,5
positive_confirmation_070,"Haan terms acceptable hain, digitally sign kar deta hu contract.",positive_confirmation,"Haan terms acceptable hain, digitally sign kar deta hu contract.",,0,5
positive_confirmation_070,"Arre Haan terms acceptable hain, digitally sign kar deta hu contract. please",positive_confirmation,"Arre Haan terms acceptable hain, digitally sign kar deta hu contract. please",,0,5
positive_confirmation_070,"Hey, Haan terms acceptable hain, digitally sign kar deta hu contract.!",positive_confirmation,"Hey, Haan terms acceptable hain, digitally sign kar deta hu contract.!",,0,5
positive_confirmation_070,"Bhai Haan terms acceptable hain, digitally sign kar deta hu contract. jaldi batao",positive_confirmation,"Bhai Haan terms acceptable hain, digitally sign kar deta hu contract. jaldi batao",,0,5
positive_confirmation_070,"Sir Haan terms acceptable hain, digitally sign kar deta hu contract. kindly confirm",positive_confirmation,"Sir Haan terms acceptable hain, digitally sign kar deta hu contract. kindly confirm",,0,5
positive_confirmation_070,"Sunna Haan terms acceptable hain, digitally sign kar deta hu contract....",positive_confirmation,"Sunna Haan terms acceptable hain, digitally sign kar deta hu contract.",,1,5
positive_confirmation_070,"Dekho Haan terms acceptable hain, digitally sign kar deta hu contract. actually",positive_confirmation,"Dekho Haan terms acceptable hain, digitally sign kar deta hu contract. actually",,0,5
positive_confirmation_070,"Hello team, Haan terms acceptable hain, digitally sign kar deta hu contract.",positive_confirmation,"Hello team, Haan terms acceptable hain, digitally sign kar deta hu contract.",,0,5
positive_confirmation_071,Sure go ahead with the vehicle delivery on Sunday.,positive_confirmation,Sure go ahead with the vehicle delivery on Sunday.,,0,5
positive_confirmation_071,Arre Sure go ahead with the vehicle delivery on Sunday. please,positive_confirmation,Arre Sure go ahead with the vehicle delivery on Sunday. please,,0,5
positive_confirmation_071,"Hey, Sure go ahead with the vehicle delivery on Sunday.!",positive_confirmation,"Hey, Sure go ahead with the vehicle delivery on Sunday.!",,0,5
positive_confirmation_071,Bhai Sure go ahead with the vehicle delivery on Sunday. jaldi batao,positive_confirmation,Bhai Sure go ahead with the vehicle delivery on Sunday. jaldi batao,,0,5
positive_confirmation_071,Sir Sure go ahead with the vehicle delivery on Sunday. kindly confirm,positive_confirmation,Sir Sure go ahead with the vehicle delivery on Sunday. kindly confirm,,0,5
positive_confirmation_071,Sunna Sure go ahead with the vehicle delivery on Sunday....,positive_confirmation,Sunna Sure go ahead with the vehicle delivery on Sunday.,,1,5
positive_confirmation_071,Dekho Sure go ahead with the vehicle delivery on Sunday. actually,positive_confirmation,Dekho Sure go ahead with the vehicle delivery on Sunday. actually,,0,5
positive_confirmation_071,"Hello team, Sure go ahead with the vehicle delivery on Sunday.",positive_confirmation,"Hello team, Sure go ahead with the vehicle delivery on Sunday.",,0,5
positive_confirmation_072,"Bilkul done deal hai, kal morning me installation expect kar raha hu.",positive_confirmation,"Bilkul done deal hai, kal morning me installation expect kar raha hu.",,0,5
positive_confirmation_072,"Arre Bilkul done deal hai, kal morning me installation expect kar raha hu. please",positive_confirmation,"Arre Bilkul done deal hai, kal morning me installation expect kar raha hu. please",,0,5
positive_confirmation_072,"Hey, Bilkul done deal hai, kal morning me installation expect kar raha hu.!",positive_confirmation,"Hey, Bilkul done deal hai, kal morning me installation expect kar raha hu.!",,0,5
positive_confirmation_072,"Bhai Bilkul done deal hai, kal morning me installation expect kar raha hu. jaldi batao",positive_confirmation,"Bhai Bilkul done deal hai, kal morning me installation expect kar raha hu. jaldi batao",,0,5
positive_confirmation_072,"Sir Bilkul done deal hai, kal morning me installation expect kar raha hu. kindly confirm",positive_confirmation,"Sir Bilkul done deal hai, kal morning me installation expect kar raha hu. kindly confirm",,0,5
positive_confirmation_072,"Sunna Bilkul done deal hai, kal morning me installation expect kar raha hu....",positive_confirmation,"Sunna Bilkul done deal hai, kal morning me installation expect kar raha hu.",,1,5
positive_confirmation_072,"Dekho Bilkul done deal hai, kal morning me installation expect kar raha hu. actually",positive_confirmation,"Dekho Bilkul done deal hai, kal morning me installation expect kar raha hu. actually",,0,5
positive_confirmation_072,"Hello team, Bilkul done deal hai, kal morning me installation expect kar raha hu.",positive_confirmation,"Hello team, Bilkul done deal hai, kal morning me installation expect kar raha hu.",,0,5
positive_confirmation_073,"Yes proceed with account activation, funds added to wallet.",positive_confirmation,"Yes proceed with account activation, funds added to wallet.",,0,5
positive_confirmation_073,"Arre Yes proceed with account activation, funds added to wallet. please",positive_confirmation,"Arre Yes proceed with account activation, funds added to wallet. please",,0,5
positive_confirmation_073,"Hey, Yes proceed with account activation, funds added to wallet.!",positive_confirmation,"Hey, Yes proceed with account activation, funds added to wallet.!",,0,5
positive_confirmation_073,"Bhai Yes proceed with account activation, funds added to wallet. jaldi batao",positive_confirmation,"Bhai Yes proceed with account activation, funds added to wallet. jaldi batao",,0,5
positive_confirmation_073,"Sir Yes proceed with account activation, funds added to wallet. kindly confirm",positive_confirmation,"Sir Yes proceed with account activation, funds added to wallet. kindly confirm",,0,5
positive_confirmation_073,"Sunna Yes proceed with account activation, funds added to wallet....",positive_confirmation,"Sunna Yes proceed with account activation, funds added to wallet.",,1,5
positive_confirmation_073,"Dekho Yes proceed with account activation, funds added to wallet. actually",positive_confirmation,"Dekho Yes proceed with account activation, funds added to wallet. actually",,0,5
positive_confirmation_073,"Hello team, Yes proceed with account activation, funds added to wallet.",positive_confirmation,"Hello team, Yes proceed with account activation, funds added to wallet.",,0,5
positive_confirmation_074,"Theek hai product dispatch kar do, Cash on delivery pay karunga.",positive_confirmation,"Theek hai product dispatch kar do, Cash on delivery pay karunga.",,0,5
positive_confirmation_074,"Arre Theek hai product dispatch kar do, Cash on delivery pay karunga. please",positive_confirmation,"Arre Theek hai product dispatch kar do, Cash on delivery pay karunga. please",,0,5
positive_confirmation_074,"Hey, Theek hai product dispatch kar do, Cash on delivery pay karunga.!",positive_confirmation,"Hey, Theek hai product dispatch kar do, Cash on delivery pay karunga.!",,0,5
positive_confirmation_074,"Bhai Theek hai product dispatch kar do, Cash on delivery pay karunga. jaldi batao",positive_confirmation,"Bhai Theek hai product dispatch kar do, Cash on delivery pay karunga. jaldi batao",,0,5
positive_confirmation_074,"Sir Theek hai product dispatch kar do, Cash on delivery pay karunga. kindly confirm",positive_confirmation,"Sir Theek hai product dispatch kar do, Cash on delivery pay karunga. kindly confirm",,0,5
positive_confirmation_074,"Sunna Theek hai product dispatch kar do, Cash on delivery pay karunga....",positive_confirmation,"Sunna Theek hai product dispatch kar do, Cash on delivery pay karunga.",,1,5
positive_confirmation_074,"Dekho Theek hai product dispatch kar do, Cash on delivery pay karunga. actually",positive_confirmation,"Dekho Theek hai product dispatch kar do, Cash on delivery pay karunga. actually",,0,5
positive_confirmation_074,"Hello team, Theek hai product dispatch kar do, Cash on delivery pay karunga.",positive_confirmation,"Hello team, Theek hai product dispatch kar do, Cash on delivery pay karunga.",,0,5
positive_confirmation_075,"Haan registration successful mark karo, transaction ID note kar lo.",positive_confirmation,"Haan registration successful mark karo, transaction ID note kar lo.",,0,5
positive_confirmation_075,"Arre Haan registration successful mark karo, transaction ID note kar lo. please",positive_confirmation,"Arre Haan registration successful mark karo, transaction ID note kar lo. please",,0,5
positive_confirmation_075,"Hey, Haan registration successful mark karo, transaction ID note kar lo.!",positive_confirmation,"Hey, Haan registration successful mark karo, transaction ID note kar lo.!",,0,5
positive_confirmation_075,"Bhai Haan registration successful mark karo, transaction ID note kar lo. jaldi batao",positive_confirmation,"Bhai Haan registration successful mark karo, transaction ID note kar lo. jaldi batao",,0,5
positive_confirmation_075,"Sir Haan registration successful mark karo, transaction ID note kar lo. kindly confirm",positive_confirmation,"Sir Haan registration successful mark karo, transaction ID note kar lo. kindly confirm",,0,5
positive_confirmation_075,"Sunna Haan registration successful mark karo, transaction ID note kar lo....",positive_confirmation,"Sunna Haan registration successful mark karo, transaction ID note kar lo.",,1,5
positive_confirmation_075,"Dekho Haan registration successful mark karo, transaction ID note kar lo. actually",positive_confirmation,"Dekho Haan registration successful mark karo, transaction ID note kar lo. actually",,0,5
positive_confirmation_075,"Hello team, Haan registration successful mark karo, transaction ID note kar lo.",positive_confirmation,"Hello team, Haan registration successful mark karo, transaction ID note kar lo.",,0,5
positive_confirmation_076,Sure lock this date and time for test drive.,positive_confirmation,Sure lock this date and time for test drive.,,0,5
positive_confirmation_076,Arre Sure lock this date and time for test drive. please,positive_confirmation,Arre Sure lock this date and time for test drive. please,,0,5
positive_confirmation_076,"Hey, Sure lock this date and time for test drive.!",positive_confirmation,"Hey, Sure lock this date and time for test drive.!",,0,5
positive_confirmation_076,Bhai Sure lock this date and time for test drive. jaldi batao,positive_confirmation,Bhai Sure lock this date and time for test drive. jaldi batao,,0,5
positive_confirmation_076,Sir Sure lock this date and time for test drive. kindly confirm,positive_confirmation,Sir Sure lock this date and time for test drive. kindly confirm,,0,5
positive_confirmation_076,Sunna Sure lock this date and time for test drive....,positive_confirmation,Sunna Sure lock this date and time for test drive.,,1,5
positive_confirmation_076,Dekho Sure lock this date and time for test drive. actually,positive_confirmation,Dekho Sure lock this date and time for test drive. actually,,0,5
positive_confirmation_076,"Hello team, Sure lock this date and time for test drive.",positive_confirmation,"Hello team, Sure lock this date and time for test drive.",,0,5
positive_confirmation_077,"Yes confirmed, please ship the black color variant.",positive_confirmation,"Yes confirmed, please ship the black color variant.",,0,5
positive_confirmation_077,"Arre Yes confirmed, please ship the black color variant. please",positive_confirmation,"Arre Yes confirmed, please ship the black color variant. please",,0,5
positive_confirmation_077,"Hey, Yes confirmed, please ship the black color variant.!",positive_confirmation,"Hey, Yes confirmed, please ship the black color variant.!",,0,5
positive_confirmation_077,"Bhai Yes confirmed, please ship the black color variant. jaldi batao",positive_confirmation,"Bhai Yes confirmed, please ship the black color variant. jaldi batao",,0,5
positive_confirmation_077,"Sir Yes confirmed, please ship the black color variant. kindly confirm",positive_confirmation,"Sir Yes confirmed, please ship the black color variant. kindly confirm",,0,5
positive_confirmation_077,"Sunna Yes confirmed, please ship the black color variant....",positive_confirmation,"Sunna Yes confirmed, please ship the black color variant.",,1,5
positive_confirmation_077,"Dekho Yes confirmed, please ship the black color variant. actually",positive_confirmation,"Dekho Yes confirmed, please ship the black color variant. actually",,0,5
positive_confirmation_077,"Hello team, Yes confirmed, please ship the black color variant.",positive_confirmation,"Hello team, Yes confirmed, please ship the black color variant.",,0,5
positive_confirmation_078,"Bilkul agree hu discount structure se, let's close this purchase.",positive_confirmation,"Bilkul agree hu discount structure se, let's close this purchase.",,0,5
positive_confirmation_078,"Arre Bilkul agree hu discount structure se, let's close this purchase. please",positive_confirmation,"Arre Bilkul agree hu discount structure se, let's close this purchase. please",,0,5
positive_confirmation_078,"Hey, Bilkul agree hu discount structure se, let's close this purchase.!",positive_confirmation,"Hey, Bilkul agree hu discount structure se, let's close this purchase.!",,0,5
positive_confirmation_078,"Bhai Bilkul agree hu discount structure se, let's close this purchase. jaldi batao",positive_confirmation,"Bhai Bilkul agree hu discount structure se, let's close this purchase. jaldi batao",,0,5
positive_confirmation_078,"Sir Bilkul agree hu discount structure se, let's close this purchase. kindly confirm",positive_confirmation,"Sir Bilkul agree hu discount structure se, let's close this purchase. kindly confirm",,0,5
positive_confirmation_078,"Sunna Bilkul agree hu discount structure se, let's close this purchase....",positive_confirmation,"Sunna Bilkul agree hu discount structure se, let's close this purchase.",,1,5
positive_confirmation_078,"Dekho Bilkul agree hu discount structure se, let's close this purchase. actually",positive_confirmation,"Dekho Bilkul agree hu discount structure se, let's close this purchase. actually",,0,5
positive_confirmation_078,"Hello team, Bilkul agree hu discount structure se, let's close this purchase.",positive_confirmation,"Hello team, Bilkul agree hu discount structure se, let's close this purchase.",,0,5
positive_confirmation_079,"Haan advance payment receipt receive ho gayi, delivery date lock karo.",positive_confirmation,"Haan advance payment receipt receive ho gayi, delivery date lock karo.",,0,5
positive_confirmation_079,"Arre Haan advance payment receipt receive ho gayi, delivery date lock karo. please",positive_confirmation,"Arre Haan advance payment receipt receive ho gayi, delivery date lock karo. please",,0,5
positive_confirmation_079,"Hey, Haan advance payment receipt receive ho gayi, delivery date lock karo.!",positive_confirmation,"Hey, Haan advance payment receipt receive ho gayi, delivery date lock karo.!",,0,5
positive_confirmation_079,"Bhai Haan advance payment receipt receive ho gayi, delivery date lock karo. jaldi batao",positive_confirmation,"Bhai Haan advance payment receipt receive ho gayi, delivery date lock karo. jaldi batao",,0,5
positive_confirmation_079,"Sir Haan advance payment receipt receive ho gayi, delivery date lock karo. kindly confirm",positive_confirmation,"Sir Haan advance payment receipt receive ho gayi, delivery date lock karo. kindly confirm",,0,5
positive_confirmation_079,"Sunna Haan advance payment receipt receive ho gayi, delivery date lock karo....",positive_confirmation,"Sunna Haan advance payment receipt receive ho gayi, delivery date lock karo.",,1,5
positive_confirmation_079,"Dekho Haan advance payment receipt receive ho gayi, delivery date lock karo. actually",positive_confirmation,"Dekho Haan advance payment receipt receive ho gayi, delivery date lock karo. actually",,0,5
positive_confirmation_079,"Hello team, Haan advance payment receipt receive ho gayi, delivery date lock karo.",positive_confirmation,"Hello team, Haan advance payment receipt receive ho gayi, delivery date lock karo.",,0,5
positive_confirmation_080,Theek hai call scheduling approved hai kal 3 PM meeting karte hain.,positive_confirmation,Theek hai call scheduling approved hai kal 3 PM meeting karte hain.,,0,5
positive_confirmation_080,Arre Theek hai call scheduling approved hai kal 3 PM meeting karte hain. please,positive_confirmation,Arre Theek hai call scheduling approved hai kal 3 PM meeting karte hain. please,,0,5
positive_confirmation_080,"Hey, Theek hai call scheduling approved hai kal 3 PM meeting karte hain.!",positive_confirmation,"Hey, Theek hai call scheduling approved hai kal 3 PM meeting karte hain.!",,0,5
positive_confirmation_080,Bhai Theek hai call scheduling approved hai kal 3 PM meeting karte hain. jaldi batao,positive_confirmation,Bhai Theek hai call scheduling approved hai kal 3 PM meeting karte hain. jaldi batao,,0,5
positive_confirmation_080,Sir Theek hai call scheduling approved hai kal 3 PM meeting karte hain. kindly confirm,positive_confirmation,Sir Theek hai call scheduling approved hai kal 3 PM meeting karte hain. kindly confirm,,0,5
positive_confirmation_080,Sunna Theek hai call scheduling approved hai kal 3 PM meeting karte hain....,positive_confirmation,Sunna Theek hai call scheduling approved hai kal 3 PM meeting karte hain.,,1,5
positive_confirmation_080,Dekho Theek hai call scheduling approved hai kal 3 PM meeting karte hain. actually,positive_confirmation,Dekho Theek hai call scheduling approved hai kal 3 PM meeting karte hain. actually,,0,5
positive_confirmation_080,"Hello team, Theek hai call scheduling approved hai kal 3 PM meeting karte hain.",positive_confirmation,"Hello team, Theek hai call scheduling approved hai kal 3 PM meeting karte hain.",,0,5
positive_confirmation_081,"Yes I approve the estimate, go ahead with the car repair work.",positive_confirmation,"Yes I approve the estimate, go ahead with the car repair work.",,0,5
positive_confirmation_081,"Arre Yes I approve the estimate, go ahead with the car repair work. please",positive_confirmation,"Arre Yes I approve the estimate, go ahead with the car repair work. please",,0,5
positive_confirmation_081,"Hey, Yes I approve the estimate, go ahead with the car repair work.!",positive_confirmation,"Hey, Yes I approve the estimate, go ahead with the car repair work.!",,0,5
positive_confirmation_081,"Bhai Yes I approve the estimate, go ahead with the car repair work. jaldi batao",positive_confirmation,"Bhai Yes I approve the estimate, go ahead with the car repair work. jaldi batao",,0,5
positive_confirmation_081,"Sir Yes I approve the estimate, go ahead with the car repair work. kindly confirm",positive_confirmation,"Sir Yes I approve the estimate, go ahead with the car repair work. kindly confirm",,0,5
positive_confirmation_081,"Sunna Yes I approve the estimate, go ahead with the car repair work....",positive_confirmation,"Sunna Yes I approve the estimate, go ahead with the car repair work.",,1,5
positive_confirmation_081,"Dekho Yes I approve the estimate, go ahead with the car repair work. actually",positive_confirmation,"Dekho Yes I approve the estimate, go ahead with the car repair work. actually",,0,5
positive_confirmation_081,"Hello team, Yes I approve the estimate, go ahead with the car repair work.",positive_confirmation,"Hello team, Yes I approve the estimate, go ahead with the car repair work.",,0,5
positive_confirmation_082,Haan course join karna hai batch slot confirm kardo.,positive_confirmation,Haan course join karna hai batch slot confirm kardo.,,0,5
positive_confirmation_082,Arre Haan course join karna hai batch slot confirm kardo. please,positive_confirmation,Arre Haan course join karna hai batch slot confirm kardo. please,,0,5
positive_confirmation_082,"Hey, Haan course join karna hai batch slot confirm kardo.!",positive_confirmation,"Hey, Haan course join karna hai batch slot confirm kardo.!",,0,5
positive_confirmation_082,Bhai Haan course join karna hai batch slot confirm kardo. jaldi batao,positive_confirmation,Bhai Haan course join karna hai batch slot confirm kardo. jaldi batao,,0,5
positive_confirmation_082,Sir Haan course join karna hai batch slot confirm kardo. kindly confirm,positive_confirmation,Sir Haan course join karna hai batch slot confirm kardo. kindly confirm,,0,5
positive_confirmation_082,Sunna Haan course join karna hai batch slot confirm kardo....,positive_confirmation,Sunna Haan course join karna hai batch slot confirm kardo.,,1,5
positive_confirmation_082,Dekho Haan course join karna hai batch slot confirm kardo. actually,positive_confirmation,Dekho Haan course join karna hai batch slot confirm kardo. actually,,0,5
positive_confirmation_082,"Hello team, Haan course join karna hai batch slot confirm kardo.",positive_confirmation,"Hello team, Haan course join karna hai batch slot confirm kardo.",,0,5
positive_confirmation_083,"Sure proceed with KYC submission, Aadhar OTP entered.",positive_confirmation,"Sure proceed with KYC submission, Aadhar OTP entered.",,0,5
positive_confirmation_083,"Arre Sure proceed with KYC submission, Aadhar OTP entered. please",positive_confirmation,"Arre Sure proceed with KYC submission, Aadhar OTP entered. please",,0,5
positive_confirmation_083,"Hey, Sure proceed with KYC submission, Aadhar OTP entered.!",positive_confirmation,"Hey, Sure proceed with KYC submission, Aadhar OTP entered.!",,0,5
positive_confirmation_083,"Bhai Sure proceed with KYC submission, Aadhar OTP entered. jaldi batao",positive_confirmation,"Bhai Sure proceed with KYC submission, Aadhar OTP entered. jaldi batao",,0,5
positive_confirmation_083,"Sir Sure proceed with KYC submission, Aadhar OTP entered. kindly confirm",positive_confirmation,"Sir Sure proceed with KYC submission, Aadhar OTP entered. kindly confirm",,0,5
positive_confirmation_083,"Sunna Sure proceed with KYC submission, Aadhar OTP entered....",positive_confirmation,"Sunna Sure proceed with KYC submission, Aadhar OTP entered.",,1,5
positive_confirmation_083,"Dekho Sure proceed with KYC submission, Aadhar OTP entered. actually",positive_confirmation,"Dekho Sure proceed with KYC submission, Aadhar OTP entered. actually",,0,5
positive_confirmation_083,"Hello team, Sure proceed with KYC submission, Aadhar OTP entered.",positive_confirmation,"Hello team, Sure proceed with KYC submission, Aadhar OTP entered.",,0,5
positive_confirmation_084,"Bilkul ready hu subscription lene ke liye, invoice email karo.",positive_confirmation,"Bilkul ready hu subscription lene ke liye, invoice email karo.",,0,5
positive_confirmation_084,"Arre Bilkul ready hu subscription lene ke liye, invoice email karo. please",positive_confirmation,"Arre Bilkul ready hu subscription lene ke liye, invoice email karo. please",,0,5
positive_confirmation_084,"Hey, Bilkul ready hu subscription lene ke liye, invoice email karo.!",positive_confirmation,"Hey, Bilkul ready hu subscription lene ke liye, invoice email karo.!",,0,5
positive_confirmation_084,"Bhai Bilkul ready hu subscription lene ke liye, invoice email karo. jaldi batao",positive_confirmation,"Bhai Bilkul ready hu subscription lene ke liye, invoice email karo. jaldi batao",,0,5
positive_confirmation_084,"Sir Bilkul ready hu subscription lene ke liye, invoice email karo. kindly confirm",positive_confirmation,"Sir Bilkul ready hu subscription lene ke liye, invoice email karo. kindly confirm",,0,5
positive_confirmation_084,"Sunna Bilkul ready hu subscription lene ke liye, invoice email karo....",positive_confirmation,"Sunna Bilkul ready hu subscription lene ke liye, invoice email karo.",,1,5
positive_confirmation_084,"Dekho Bilkul ready hu subscription lene ke liye, invoice email karo. actually",positive_confirmation,"Dekho Bilkul ready hu subscription lene ke liye, invoice email karo. actually",,0,5
positive_confirmation_084,"Hello team, Bilkul ready hu subscription lene ke liye, invoice email karo.",positive_confirmation,"Hello team, Bilkul ready hu subscription lene ke liye, invoice email karo.",,0,5
positive_confirmation_085,"Theek hai deal lock karo sir, outstanding offer hai ye.",positive_confirmation,"Theek hai deal lock karo sir, outstanding offer hai ye.",,0,5
positive_confirmation_085,"Arre Theek hai deal lock karo sir, outstanding offer hai ye. please",positive_confirmation,"Arre Theek hai deal lock karo sir, outstanding offer hai ye. please",,0,5
positive_confirmation_085,"Hey, Theek hai deal lock karo sir, outstanding offer hai ye.!",positive_confirmation,"Hey, Theek hai deal lock karo sir, outstanding offer hai ye.!",,0,5
positive_confirmation_085,"Bhai Theek hai deal lock karo sir, outstanding offer hai ye. jaldi batao",positive_confirmation,"Bhai Theek hai deal lock karo sir, outstanding offer hai ye. jaldi batao",,0,5
positive_confirmation_085,"Sir Theek hai deal lock karo sir, outstanding offer hai ye. kindly confirm",positive_confirmation,"Sir Theek hai deal lock karo sir, outstanding offer hai ye. kindly confirm",,0,5
positive_confirmation_085,"Sunna Theek hai deal lock karo sir, outstanding offer hai ye....",positive_confirmation,"Sunna Theek hai deal lock karo sir, outstanding offer hai ye.",,1,5
positive_confirmation_085,"Dekho Theek hai deal lock karo sir, outstanding offer hai ye. actually",positive_confirmation,"Dekho Theek hai deal lock karo sir, outstanding offer hai ye. actually",,0,5
positive_confirmation_085,"Hello team, Theek hai deal lock karo sir, outstanding offer hai ye.",positive_confirmation,"Hello team, Theek hai deal lock karo sir, outstanding offer hai ye.",,0,5
positive_confirmation_086,Yes please book the hotel room for 3 nights from Friday.,positive_confirmation,Yes please book the hotel room for 3 nights from Friday.,,0,5
positive_confirmation_086,Arre Yes please book the hotel room for 3 nights from Friday. please,positive_confirmation,Arre Yes please book the hotel room for 3 nights from Friday. please,,0,5
positive_confirmation_086,"Hey, Yes please book the hotel room for 3 nights from Friday.!",positive_confirmation,"Hey, Yes please book the hotel room for 3 nights from Friday.!",,0,5
positive_confirmation_086,Bhai Yes please book the hotel room for 3 nights from Friday. jaldi batao,positive_confirmation,Bhai Yes please book the hotel room for 3 nights from Friday. jaldi batao,,0,5
positive_confirmation_086,Sir Yes please book the hotel room for 3 nights from Friday. kindly confirm,positive_confirmation,Sir Yes please book the hotel room for 3 nights from Friday. kindly confirm,,0,5
positive_confirmation_086,Sunna Yes please book the hotel room for 3 nights from Friday....,positive_confirmation,Sunna Yes please book the hotel room for 3 nights from Friday.,,1,5
positive_confirmation_086,Dekho Yes please book the hotel room for 3 nights from Friday. actually,positive_confirmation,Dekho Yes please book the hotel room for 3 nights from Friday. actually,,0,5
positive_confirmation_086,"Hello team, Yes please book the hotel room for 3 nights from Friday.",positive_confirmation,"Hello team, Yes please book the hotel room for 3 nights from Friday.",,0,5
positive_confirmation_087,Haan bilkul main training schedule follow karne ke liye ready hu.,positive_confirmation,Haan bilkul main training schedule follow karne ke liye ready hu.,,0,5
positive_confirmation_087,Arre Haan bilkul main training schedule follow karne ke liye ready hu. please,positive_confirmation,Arre Haan bilkul main training schedule follow karne ke liye ready hu. please,,0,5
positive_confirmation_087,"Hey, Haan bilkul main training schedule follow karne ke liye ready hu.!",positive_confirmation,"Hey, Haan bilkul main training schedule follow karne ke liye ready hu.!",,0,5
positive_confirmation_087,Bhai Haan bilkul main training schedule follow karne ke liye ready hu. jaldi batao,positive_confirmation,Bhai Haan bilkul main training schedule follow karne ke liye ready hu. jaldi batao,,0,5
positive_confirmation_087,Sir Haan bilkul main training schedule follow karne ke liye ready hu. kindly confirm,positive_confirmation,Sir Haan bilkul main training schedule follow karne ke liye ready hu. kindly confirm,,0,5
positive_confirmation_087,Sunna Haan bilkul main training schedule follow karne ke liye ready hu....,positive_confirmation,Sunna Haan bilkul main training schedule follow karne ke liye ready hu.,,1,5
positive_confirmation_087,Dekho Haan bilkul main training schedule follow karne ke liye ready hu. actually,positive_confirmation,Dekho Haan bilkul main training schedule follow karne ke liye ready hu. actually,,0,5
positive_confirmation_087,"Hello team, Haan bilkul main training schedule follow karne ke liye ready hu.",positive_confirmation,"Hello team, Haan bilkul main training schedule follow karne ke liye ready hu.",,0,5
positive_confirmation_088,Sure start the background verification process today.,positive_confirmation,Sure start the background verification process today.,,0,5
positive_confirmation_088,Arre Sure start the background verification process today. please,positive_confirmation,Arre Sure start the background verification process today. please,,0,5
positive_confirmation_088,"Hey, Sure start the background verification process today.!",positive_confirmation,"Hey, Sure start the background verification process today.!",,0,5
positive_confirmation_088,Bhai Sure start the background verification process today. jaldi batao,positive_confirmation,Bhai Sure start the background verification process today. jaldi batao,,0,5
positive_confirmation_088,Sir Sure start the background verification process today. kindly confirm,positive_confirmation,Sir Sure start the background verification process today. kindly confirm,,0,5
positive_confirmation_088,Sunna Sure start the background verification process today....,positive_confirmation,Sunna Sure start the background verification process today.,,1,5
positive_confirmation_088,Dekho Sure start the background verification process today. actually,positive_confirmation,Dekho Sure start the background verification process today. actually,,0,5
positive_confirmation_088,"Hello team, Sure start the background verification process today.",positive_confirmation,"Hello team, Sure start the background verification process today.",,0,5
positive_confirmation_091,Haan delivery slot 5 PM to 7 PM suitable hai lock kar dijiye.,positive_confirmation,Haan delivery slot 5 PM to 7 PM suitable hai lock kar dijiye.,,0,5
positive_confirmation_091,Arre Haan delivery slot 5 PM to 7 PM suitable hai lock kar dijiye. please,positive_confirmation,Arre Haan delivery slot 5 PM to 7 PM suitable hai lock kar dijiye. please,,0,5
positive_confirmation_091,"Hey, Haan delivery slot 5 PM to 7 PM suitable hai lock kar dijiye.!",positive_confirmation,"Hey, Haan delivery slot 5 PM to 7 PM suitable hai lock kar dijiye.!",,0,5
positive_confirmation_091,Bhai Haan delivery slot 5 PM to 7 PM suitable hai lock kar dijiye. jaldi batao,positive_confirmation,Bhai Haan delivery slot 5 PM to 7 PM suitable hai lock kar dijiye. jaldi batao,,0,5
positive_confirmation_091,Sir Haan delivery slot 5 PM to 7 PM suitable hai lock kar dijiye. kindly confirm,positive_confirmation,Sir Haan delivery slot 5 PM to 7 PM suitable hai lock kar dijiye. kindly confirm,,0,5
positive_confirmation_091,Sunna Haan delivery slot 5 PM to 7 PM suitable hai lock kar dijiye....,positive_confirmation,Sunna Haan delivery slot 5 PM to 7 PM suitable hai lock kar dijiye.,,1,5
positive_confirmation_091,Dekho Haan delivery slot 5 PM to 7 PM suitable hai lock kar dijiye. actually,positive_confirmation,Dekho Haan delivery slot 5 PM to 7 PM suitable hai lock kar dijiye. actually,,0,5
positive_confirmation_091,"Hello team, Haan delivery slot 5 PM to 7 PM suitable hai lock kar dijiye.",positive_confirmation,"Hello team, Haan delivery slot 5 PM to 7 PM suitable hai lock kar dijiye.",,0,5
positive_confirmation_093,"Bilkul agreed sir, send the technician for demo tomorrow.",positive_confirmation,"Bilkul agreed sir, send the technician for demo tomorrow.",,0,5
positive_confirmation_093,"Arre Bilkul agreed sir, send the technician for demo tomorrow. please",positive_confirmation,"Arre Bilkul agreed sir, send the technician for demo tomorrow. please",,0,5
positive_confirmation_093,"Hey, Bilkul agreed sir, send the technician for demo tomorrow.!",positive_confirmation,"Hey, Bilkul agreed sir, send the technician for demo tomorrow.!",,0,5
positive_confirmation_093,"Bhai Bilkul agreed sir, send the technician for demo tomorrow. jaldi batao",positive_confirmation,"Bhai Bilkul agreed sir, send the technician for demo tomorrow. jaldi batao",,0,5
positive_confirmation_093,"Sir Bilkul agreed sir, send the technician for demo tomorrow. kindly confirm",positive_confirmation,"Sir Bilkul agreed sir, send the technician for demo tomorrow. kindly confirm",,0,5
positive_confirmation_093,"Sunna Bilkul agreed sir, send the technician for demo tomorrow....",positive_confirmation,"Sunna Bilkul agreed sir, send the technician for demo tomorrow.",,1,5
positive_confirmation_093,"Dekho Bilkul agreed sir, send the technician for demo tomorrow. actually",positive_confirmation,"Dekho Bilkul agreed sir, send the technician for demo tomorrow. actually",,0,5
positive_confirmation_093,"Hello team, Bilkul agreed sir, send the technician for demo tomorrow.",positive_confirmation,"Hello team, Bilkul agreed sir, send the technician for demo tomorrow.",,0,5
positive_confirmation_095,Theek hai membership card dispatch karwa dijiye.,positive_confirmation,Theek hai membership card dispatch karwa dijiye.,,0,5
positive_confirmation_095,Arre Theek hai membership card dispatch karwa dijiye. please,positive_confirmation,Arre Theek hai membership card dispatch karwa dijiye. please,,0,5
positive_confirmation_095,"Hey, Theek hai membership card dispatch karwa dijiye.!",positive_confirmation,"Hey, Theek hai membership card dispatch karwa dijiye.!",,0,5
positive_confirmation_095,Bhai Theek hai membership card dispatch karwa dijiye. jaldi batao,positive_confirmation,Bhai Theek hai membership card dispatch karwa dijiye. jaldi batao,,0,5
positive_confirmation_095,Sir Theek hai membership card dispatch karwa dijiye. kindly confirm,positive_confirmation,Sir Theek hai membership card dispatch karwa dijiye. kindly confirm,,0,5
positive_confirmation_095,Sunna Theek hai membership card dispatch karwa dijiye....,positive_confirmation,Sunna Theek hai membership card dispatch karwa dijiye.,,1,5
positive_confirmation_095,Dekho Theek hai membership card dispatch karwa dijiye. actually,positive_confirmation,Dekho Theek hai membership card dispatch karwa dijiye. actually,,0,5
positive_confirmation_095,"Hello team, Theek hai membership card dispatch karwa dijiye.",positive_confirmation,"Hello team, Theek hai membership card dispatch karwa dijiye.",,0,5
positive_confirmation_097,Sure enroll me for the annual certification course.,positive_confirmation,Sure enroll me for the annual certification course.,,0,5
positive_confirmation_097,Arre Sure enroll me for the annual certification course. please,positive_confirmation,Arre Sure enroll me for the annual certification course. please,,0,5
positive_confirmation_097,"Hey, Sure enroll me for the annual certification course.!",positive_confirmation,"Hey, Sure enroll me for the annual certification course.!",,0,5
positive_confirmation_097,Bhai Sure enroll me for the annual certification course. jaldi batao,positive_confirmation,Bhai Sure enroll me for the annual certification course. jaldi batao,,0,5
positive_confirmation_097,Sir Sure enroll me for the annual certification course. kindly confirm,positive_confirmation,Sir Sure enroll me for the annual certification course. kindly confirm,,0,5
positive_confirmation_097,Sunna Sure enroll me for the annual certification course....,positive_confirmation,Sunna Sure enroll me for the annual certification course.,,1,5
positive_confirmation_097,Dekho Sure enroll me for the annual certification course. actually,positive_confirmation,Dekho Sure enroll me for the annual certification course. actually,,0,5
positive_confirmation_097,"Hello team, Sure enroll me for the annual certification course.",positive_confirmation,"Hello team, Sure enroll me for the annual certification course.",,0,5
positive_confirmation_098,"Yes approve the warranty extension request, payment completed.",positive_confirmation,"Yes approve the warranty extension request, payment completed.",,0,5
positive_confirmation_098,"Arre Yes approve the warranty extension request, payment completed. please",positive_confirmation,"Arre Yes approve the warranty extension request, payment completed. please",,0,5
positive_confirmation_098,"Hey, Yes approve the warranty extension request, payment completed.!",positive_confirmation,"Hey, Yes approve the warranty extension request, payment completed.!",,0,5
positive_confirmation_098,"Bhai Yes approve the warranty extension request, payment completed. jaldi batao",positive_confirmation,"Bhai Yes approve the warranty extension request, payment completed. jaldi batao",,0,5
positive_confirmation_098,"Sir Yes approve the warranty extension request, payment completed. kindly confirm",positive_confirmation,"Sir Yes approve the warranty extension request, payment completed. kindly confirm",,0,5
positive_confirmation_098,"Sunna Yes approve the warranty extension request, payment completed....",positive_confirmation,"Sunna Yes approve the warranty extension request, payment completed.",,1,5
positive_confirmation_098,"Dekho Yes approve the warranty extension request, payment completed. actually",positive_confirmation,"Dekho Yes approve the warranty extension request, payment completed. actually",,0,5
positive_confirmation_098,"Hello team, Yes approve the warranty extension request, payment completed.",positive_confirmation,"Hello team, Yes approve the warranty extension request, payment completed.",,0,5
positive_confirmation_100,Theek hai order dispatch initiate karo tracking number chahiye.,positive_confirmation,Theek hai order dispatch initiate karo tracking number chahiye.,,0,5
positive_confirmation_100,Arre Theek hai order dispatch initiate karo tracking number chahiye. please,positive_confirmation,Arre Theek hai order dispatch initiate karo tracking number chahiye. please,,0,5
positive_confirmation_100,"Hey, Theek hai order dispatch initiate karo tracking number chahiye.!",positive_confirmation,"Hey, Theek hai order dispatch initiate karo tracking number chahiye.!",,0,5
positive_confirmation_100,Bhai Theek hai order dispatch initiate karo tracking number chahiye. jaldi batao,positive_confirmation,Bhai Theek hai order dispatch initiate karo tracking number chahiye. jaldi batao,,0,5
positive_confirmation_100,Sir Theek hai order dispatch initiate karo tracking number chahiye. kindly confirm,positive_confirmation,Sir Theek hai order dispatch initiate karo tracking number chahiye. kindly confirm,,0,5
positive_confirmation_100,Sunna Theek hai order dispatch initiate karo tracking number chahiye....,positive_confirmation,Sunna Theek hai order dispatch initiate karo tracking number chahiye.,,1,5
positive_confirmation_100,Dekho Theek hai order dispatch initiate karo tracking number chahiye. actually,positive_confirmation,Dekho Theek hai order dispatch initiate karo tracking number chahiye. actually,,0,5
positive_confirmation_100,"Hello team, Theek hai order dispatch initiate karo tracking number chahiye.",positive_confirmation,"Hello team, Theek hai order dispatch initiate karo tracking number chahiye.",,0,5
positive_confirmation_102,"Sure thing, mark my attendance for tomorrow's webinar.",positive_confirmation,"Sure thing, mark my attendance for tomorrow's webinar.",,0,5
positive_confirmation_102,"Arre Sure thing, mark my attendance for tomorrow's webinar. please",positive_confirmation,"Arre Sure thing, mark my attendance for tomorrow's webinar. please",,0,5
positive_confirmation_102,"Hey, Sure thing, mark my attendance for tomorrow's webinar.!",positive_confirmation,"Hey, Sure thing, mark my attendance for tomorrow's webinar.!",,0,5
positive_confirmation_102,"Bhai Sure thing, mark my attendance for tomorrow's webinar. jaldi batao",positive_confirmation,"Bhai Sure thing, mark my attendance for tomorrow's webinar. jaldi batao",,0,5
positive_confirmation_102,"Sir Sure thing, mark my attendance for tomorrow's webinar. kindly confirm",positive_confirmation,"Sir Sure thing, mark my attendance for tomorrow's webinar. kindly confirm",,0,5
positive_confirmation_102,"Sunna Sure thing, mark my attendance for tomorrow's webinar....",positive_confirmation,"Sunna Sure thing, mark my attendance for tomorrow's webinar.",,1,5
positive_confirmation_102,"Dekho Sure thing, mark my attendance for tomorrow's webinar. actually",positive_confirmation,"Dekho Sure thing, mark my attendance for tomorrow's webinar. actually",,0,5
positive_confirmation_102,"Hello team, Sure thing, mark my attendance for tomorrow's webinar.",positive_confirmation,"Hello team, Sure thing, mark my attendance for tomorrow's webinar.",,0,5
positive_confirmation_105,Theek hai vehicle insurance policy activate kar dijiye payment is done.,positive_confirmation,Theek hai vehicle insurance policy activate kar dijiye payment is done.,,0,5
positive_confirmation_105,Arre Theek hai vehicle insurance policy activate kar dijiye payment is done. please,positive_confirmation,Arre Theek hai vehicle insurance policy activate kar dijiye payment is done. please,,0,5
positive_confirmation_105,"Hey, Theek hai vehicle insurance policy activate kar dijiye payment is done.!",positive_confirmation,"Hey, Theek hai vehicle insurance policy activate kar dijiye payment is done.!",,0,5
positive_confirmation_105,Bhai Theek hai vehicle insurance policy activate kar dijiye payment is done. jaldi batao,positive_confirmation,Bhai Theek hai vehicle insurance policy activate kar dijiye payment is done. jaldi batao,,0,5
positive_confirmation_105,Sir Theek hai vehicle insurance policy activate kar dijiye payment is done. kindly confirm,positive_confirmation,Sir Theek hai vehicle insurance policy activate kar dijiye payment is done. kindly confirm,,0,5
positive_confirmation_105,Sunna Theek hai vehicle insurance policy activate kar dijiye payment is done....,positive_confirmation,Sunna Theek hai vehicle insurance policy activate kar dijiye payment is done.,,1,5
positive_confirmation_105,Dekho Theek hai vehicle insurance policy activate kar dijiye payment is done. actually,positive_confirmation,Dekho Theek hai vehicle insurance policy activate kar dijiye payment is done. actually,,0,5
positive_confirmation_105,"Hello team, Theek hai vehicle insurance policy activate kar dijiye payment is done.",positive_confirmation,"Hello team, Theek hai vehicle insurance policy activate kar dijiye payment is done.",,0,5
positive_confirmation_107,"Sure proceed with the gold loan processing, documents given.",positive_confirmation,"Sure proceed with the gold loan processing, documents given.",,0,5
positive_confirmation_107,"Arre Sure proceed with the gold loan processing, documents given. please",positive_confirmation,"Arre Sure proceed with the gold loan processing, documents given. please",,0,5
positive_confirmation_107,"Hey, Sure proceed with the gold loan processing, documents given.!",positive_confirmation,"Hey, Sure proceed with the gold loan processing, documents given.!",,0,5
positive_confirmation_107,"Bhai Sure proceed with the gold loan processing, documents given. jaldi batao",positive_confirmation,"Bhai Sure proceed with the gold loan processing, documents given. jaldi batao",,0,5
positive_confirmation_107,"Sir Sure proceed with the gold loan processing, documents given. kindly confirm",positive_confirmation,"Sir Sure proceed with the gold loan processing, documents given. kindly confirm",,0,5
positive_confirmation_107,"Sunna Sure proceed with the gold loan processing, documents given....",positive_confirmation,"Sunna Sure proceed with the gold loan processing, documents given.",,1,5
positive_confirmation_107,"Dekho Sure proceed with the gold loan processing, documents given. actually",positive_confirmation,"Dekho Sure proceed with the gold loan processing, documents given. actually",,0,5
positive_confirmation_107,"Hello team, Sure proceed with the gold loan processing, documents given.",positive_confirmation,"Hello team, Sure proceed with the gold loan processing, documents given.",,0,5
positive_confirmation_110,Theek hai parcel pack karke fast delivery se bhej do.,positive_confirmation,Theek hai parcel pack karke fast delivery se bhej do.,,0,5
positive_confirmation_110,Arre Theek hai parcel pack karke fast delivery se bhej do. please,positive_confirmation,Arre Theek hai parcel pack karke fast delivery se bhej do. please,,0,5
positive_confirmation_110,"Hey, Theek hai parcel pack karke fast delivery se bhej do.!",positive_confirmation,"Hey, Theek hai parcel pack karke fast delivery se bhej do.!",,0,5
positive_confirmation_110,Bhai Theek hai parcel pack karke fast delivery se bhej do. jaldi batao,positive_confirmation,Bhai Theek hai parcel pack karke fast delivery se bhej do. jaldi batao,,0,5
positive_confirmation_110,Sir Theek hai parcel pack karke fast delivery se bhej do. kindly confirm,positive_confirmation,Sir Theek hai parcel pack karke fast delivery se bhej do. kindly confirm,,0,5
positive_confirmation_110,Sunna Theek hai parcel pack karke fast delivery se bhej do....,positive_confirmation,Sunna Theek hai parcel pack karke fast delivery se bhej do.,,1,5
positive_confirmation_110,Dekho Theek hai parcel pack karke fast delivery se bhej do. actually,positive_confirmation,Dekho Theek hai parcel pack karke fast delivery se bhej do. actually,,0,5
positive_confirmation_110,"Hello team, Theek hai parcel pack karke fast delivery se bhej do.",positive_confirmation,"Hello team, Theek hai parcel pack karke fast delivery se bhej do.",,0,5
positive_confirmation_111,"Haan registration successful ho gaya hai, welcome kit send karo.",positive_confirmation,"Haan registration successful ho gaya hai, welcome kit send karo.",,0,5
positive_confirmation_111,"Arre Haan registration successful ho gaya hai, welcome kit send karo. please",positive_confirmation,"Arre Haan registration successful ho gaya hai, welcome kit send karo. please",,0,5
positive_confirmation_111,"Hey, Haan registration successful ho gaya hai, welcome kit send karo.!",positive_confirmation,"Hey, Haan registration successful ho gaya hai, welcome kit send karo.!",,0,5
positive_confirmation_111,"Bhai Haan registration successful ho gaya hai, welcome kit send karo. jaldi batao",positive_confirmation,"Bhai Haan registration successful ho gaya hai, welcome kit send karo. jaldi batao",,0,5
positive_confirmation_111,"Sir Haan registration successful ho gaya hai, welcome kit send karo. kindly confirm",positive_confirmation,"Sir Haan registration successful ho gaya hai, welcome kit send karo. kindly confirm",,0,5
positive_confirmation_111,"Sunna Haan registration successful ho gaya hai, welcome kit send karo....",positive_confirmation,"Sunna Haan registration successful ho gaya hai, welcome kit send karo.",,1,5
positive_confirmation_111,"Dekho Haan registration successful ho gaya hai, welcome kit send karo. actually",positive_confirmation,"Dekho Haan registration successful ho gaya hai, welcome kit send karo. actually",,0,5
positive_confirmation_111,"Hello team, Haan registration successful ho gaya hai, welcome kit send karo.",positive_confirmation,"Hello team, Haan registration successful ho gaya hai, welcome kit send karo.",,0,5
positive_confirmation_112,Sure go ahead with domain registration and hosting setup.,positive_confirmation,Sure go ahead with domain registration and hosting setup.,,0,5
positive_confirmation_112,Arre Sure go ahead with domain registration and hosting setup. please,positive_confirmation,Arre Sure go ahead with domain registration and hosting setup. please,,0,5
positive_confirmation_112,"Hey, Sure go ahead with domain registration and hosting setup.!",positive_confirmation,"Hey, Sure go ahead with domain registration and hosting setup.!",,0,5
positive_confirmation_112,Bhai Sure go ahead with domain registration and hosting setup. jaldi batao,positive_confirmation,Bhai Sure go ahead with domain registration and hosting setup. jaldi batao,,0,5
positive_confirmation_112,Sir Sure go ahead with domain registration and hosting setup. kindly confirm,positive_confirmation,Sir Sure go ahead with domain registration and hosting setup. kindly confirm,,0,5
positive_confirmation_112,Sunna Sure go ahead with domain registration and hosting setup....,positive_confirmation,Sunna Sure go ahead with domain registration and hosting setup.,,1,5
positive_confirmation_112,Dekho Sure go ahead with domain registration and hosting setup. actually,positive_confirmation,Dekho Sure go ahead with domain registration and hosting setup. actually,,0,5
positive_confirmation_112,"Hello team, Sure go ahead with domain registration and hosting setup.",positive_confirmation,"Hello team, Sure go ahead with domain registration and hosting setup.",,0,5
positive_confirmation_117,"Sure lock the property deal, token cheque ready hai.",positive_confirmation,"Sure lock the property deal, token cheque ready hai.",,0,5
positive_confirmation_117,"Arre Sure lock the property deal, token cheque ready hai. please",positive_confirmation,"Arre Sure lock the property deal, token cheque ready hai. please",,0,5
positive_confirmation_117,"Hey, Sure lock the property deal, token cheque ready hai.!",positive_confirmation,"Hey, Sure lock the property deal, token cheque ready hai.!",,0,5
positive_confirmation_117,"Bhai Sure lock the property deal, token cheque ready hai. jaldi batao",positive_confirmation,"Bhai Sure lock the property deal, token cheque ready hai. jaldi batao",,0,5
positive_confirmation_117,"Sir Sure lock the property deal, token cheque ready hai. kindly confirm",positive_confirmation,"Sir Sure lock the property deal, token cheque ready hai. kindly confirm",,0,5
positive_confirmation_117,"Sunna Sure lock the property deal, token cheque ready hai....",positive_confirmation,"Sunna Sure lock the property deal, token cheque ready hai.",,1,5
positive_confirmation_117,"Dekho Sure lock the property deal, token cheque ready hai. actually",positive_confirmation,"Dekho Sure lock the property deal, token cheque ready hai. actually",,0,5
positive_confirmation_117,"Hello team, Sure lock the property deal, token cheque ready hai.",positive_confirmation,"Hello team, Sure lock the property deal, token cheque ready hai.",,0,5
positive_confirmation_118,"Yes confirmed, please dispatch the order to my office address.",positive_confirmation,"Yes confirmed, please dispatch the order to my office address.",,0,5
positive_confirmation_118,"Arre Yes confirmed, please dispatch the order to my office address. please",positive_confirmation,"Arre Yes confirmed, please dispatch the order to my office address. please",,0,5
positive_confirmation_118,"Hey, Yes confirmed, please dispatch the order to my office address.!",positive_confirmation,"Hey, Yes confirmed, please dispatch the order to my office address.!",,0,5
positive_confirmation_118,"Bhai Yes confirmed, please dispatch the order to my office address. jaldi batao",positive_confirmation,"Bhai Yes confirmed, please dispatch the order to my office address. jaldi batao",,0,5
positive_confirmation_118,"Sir Yes confirmed, please dispatch the order to my office address. kindly confirm",positive_confirmation,"Sir Yes confirmed, please dispatch the order to my office address. kindly confirm",,0,5
positive_confirmation_118,"Sunna Yes confirmed, please dispatch the order to my office address....",positive_confirmation,"Sunna Yes confirmed, please dispatch the order to my office address.",,1,5
positive_confirmation_118,"Dekho Yes confirmed, please dispatch the order to my office address. actually",positive_confirmation,"Dekho Yes confirmed, please dispatch the order to my office address. actually",,0,5
positive_confirmation_118,"Hello team, Yes confirmed, please dispatch the order to my office address.",positive_confirmation,"Hello team, Yes confirmed, please dispatch the order to my office address.",,0,5
positive_confirmation_119,"Bilkul satisfied hu terms se, initiate the service today.",positive_confirmation,"Bilkul satisfied hu terms se, initiate the service today.",,0,5
positive_confirmation_119,"Arre Bilkul satisfied hu terms se, initiate the service today. please",positive_confirmation,"Arre Bilkul satisfied hu terms se, initiate the service today. please",,0,5
positive_confirmation_119,"Hey, Bilkul satisfied hu terms se, initiate the service today.!",positive_confirmation,"Hey, Bilkul satisfied hu terms se, initiate the service today.!",,0,5
positive_confirmation_119,"Bhai Bilkul satisfied hu terms se, initiate the service today. jaldi batao",positive_confirmation,"Bhai Bilkul satisfied hu terms se, initiate the service today. jaldi batao",,0,5
positive_confirmation_119,"Sir Bilkul satisfied hu terms se, initiate the service today. kindly confirm",positive_confirmation,"Sir Bilkul satisfied hu terms se, initiate the service today. kindly confirm",,0,5
positive_confirmation_119,"Sunna Bilkul satisfied hu terms se, initiate the service today....",positive_confirmation,"Sunna Bilkul satisfied hu terms se, initiate the service today.",,1,5
positive_confirmation_119,"Dekho Bilkul satisfied hu terms se, initiate the service today. actually",positive_confirmation,"Dekho Bilkul satisfied hu terms se, initiate the service today. actually",,0,5
positive_confirmation_119,"Hello team, Bilkul satisfied hu terms se, initiate the service today.",positive_confirmation,"Hello team, Bilkul satisfied hu terms se, initiate the service today.",,0,5
positive_confirmation_121,"Haan loan approval accept karta hu, disbursement account me dalo.",positive_confirmation,"Haan loan approval accept karta hu, disbursement account me dalo.",,0,5
positive_confirmation_121,"Arre Haan loan approval accept karta hu, disbursement account me dalo. please",positive_confirmation,"Arre Haan loan approval accept karta hu, disbursement account me dalo. please",,0,5
positive_confirmation_121,"Hey, Haan loan approval accept karta hu, disbursement account me dalo.!",positive_confirmation,"Hey, Haan loan approval accept karta hu, disbursement account me dalo.!",,0,5
positive_confirmation_121,"Bhai Haan loan approval accept karta hu, disbursement account me dalo. jaldi batao",positive_confirmation,"Bhai Haan loan approval accept karta hu, disbursement account me dalo. jaldi batao",,0,5
positive_confirmation_121,"Sir Haan loan approval accept karta hu, disbursement account me dalo. kindly confirm",positive_confirmation,"Sir Haan loan approval accept karta hu, disbursement account me dalo. kindly confirm",,0,5
positive_confirmation_121,"Sunna Haan loan approval accept karta hu, disbursement account me dalo....",positive_confirmation,"Sunna Haan loan approval accept karta hu, disbursement account me dalo.",,1,5
positive_confirmation_121,"Dekho Haan loan approval accept karta hu, disbursement account me dalo. actually",positive_confirmation,"Dekho Haan loan approval accept karta hu, disbursement account me dalo. actually",,0,5
positive_confirmation_121,"Hello team, Haan loan approval accept karta hu, disbursement account me dalo.",positive_confirmation,"Hello team, Haan loan approval accept karta hu, disbursement account me dalo.",,0,5
positive_confirmation_123,"Yes that works great for me, schedule the delivery.",positive_confirmation,"Yes that works great for me, schedule the delivery.",,0,5
positive_confirmation_123,"Arre Yes that works great for me, schedule the delivery. please",positive_confirmation,"Arre Yes that works great for me, schedule the delivery. please",,0,5
positive_confirmation_123,"Hey, Yes that works great for me, schedule the delivery.!",positive_confirmation,"Hey, Yes that works great for me, schedule the delivery.!",,0,5
positive_confirmation_123,"Bhai Yes that works great for me, schedule the delivery. jaldi batao",positive_confirmation,"Bhai Yes that works great for me, schedule the delivery. jaldi batao",,0,5
positive_confirmation_123,"Sir Yes that works great for me, schedule the delivery. kindly confirm",positive_confirmation,"Sir Yes that works great for me, schedule the delivery. kindly confirm",,0,5
positive_confirmation_123,"Sunna Yes that works great for me, schedule the delivery....",positive_confirmation,"Sunna Yes that works great for me, schedule the delivery.",,1,5
positive_confirmation_123,"Dekho Yes that works great for me, schedule the delivery. actually",positive_confirmation,"Dekho Yes that works great for me, schedule the delivery. actually",,0,5
positive_confirmation_123,"Hello team, Yes that works great for me, schedule the delivery.",positive_confirmation,"Hello team, Yes that works great for me, schedule the delivery.",,0,5
positive_confirmation_124,"Bilkul okay hai mere side se, proceed immediately.",positive_confirmation,"Bilkul okay hai mere side se, proceed immediately.",,0,5
positive_confirmation_124,"Arre Bilkul okay hai mere side se, proceed immediately. please",positive_confirmation,"Arre Bilkul okay hai mere side se, proceed immediately. please",,0,5
positive_confirmation_124,"Hey, Bilkul okay hai mere side se, proceed immediately.!",positive_confirmation,"Hey, Bilkul okay hai mere side se, proceed immediately.!",,0,5
positive_confirmation_124,"Bhai Bilkul okay hai mere side se, proceed immediately. jaldi batao",positive_confirmation,"Bhai Bilkul okay hai mere side se, proceed immediately. jaldi batao",,0,5
positive_confirmation_124,"Sir Bilkul okay hai mere side se, proceed immediately. kindly confirm",positive_confirmation,"Sir Bilkul okay hai mere side se, proceed immediately. kindly confirm",,0,5
positive_confirmation_124,"Sunna Bilkul okay hai mere side se, proceed immediately....",positive_confirmation,"Sunna Bilkul okay hai mere side se, proceed immediately.",,1,5
positive_confirmation_124,"Dekho Bilkul okay hai mere side se, proceed immediately. actually",positive_confirmation,"Dekho Bilkul okay hai mere side se, proceed immediately. actually",,0,5
positive_confirmation_124,"Hello team, Bilkul okay hai mere side se, proceed immediately.",positive_confirmation,"Hello team, Bilkul okay hai mere side se, proceed immediately.",,0,5
positive_confirmation_125,Theek hai service engineer ko kal morning bhej dijiye.,positive_confirmation,Theek hai service engineer ko kal morning bhej dijiye.,,0,5
positive_confirmation_125,Arre Theek hai service engineer ko kal morning bhej dijiye. please,positive_confirmation,Arre Theek hai service engineer ko kal morning bhej dijiye. please,,0,5
positive_confirmation_125,"Hey, Theek hai service engineer ko kal morning bhej dijiye.!",positive_confirmation,"Hey, Theek hai service engineer ko kal morning bhej dijiye.!",,0,5
positive_confirmation_125,Bhai Theek hai service engineer ko kal morning bhej dijiye. jaldi batao,positive_confirmation,Bhai Theek hai service engineer ko kal morning bhej dijiye. jaldi batao,,0,5
positive_confirmation_125,Sir Theek hai service engineer ko kal morning bhej dijiye. kindly confirm,positive_confirmation,Sir Theek hai service engineer ko kal morning bhej dijiye. kindly confirm,,0,5
positive_confirmation_125,Sunna Theek hai service engineer ko kal morning bhej dijiye....,positive_confirmation,Sunna Theek hai service engineer ko kal morning bhej dijiye.,,1,5
positive_confirmation_125,Dekho Theek hai service engineer ko kal morning bhej dijiye. actually,positive_confirmation,Dekho Theek hai service engineer ko kal morning bhej dijiye. actually,,0,5
positive_confirmation_125,"Hello team, Theek hai service engineer ko kal morning bhej dijiye.",positive_confirmation,"Hello team, Theek hai service engineer ko kal morning bhej dijiye.",,0,5
positive_confirmation_126,"Haan membership upgrade confirm karo, fee deducted from card.",positive_confirmation,"Haan membership upgrade confirm karo, fee deducted from card.",,0,5
positive_confirmation_126,"Arre Haan membership upgrade confirm karo, fee deducted from card. please",positive_confirmation,"Arre Haan membership upgrade confirm karo, fee deducted from card. please",,0,5
positive_confirmation_126,"Hey, Haan membership upgrade confirm karo, fee deducted from card.!",positive_confirmation,"Hey, Haan membership upgrade confirm karo, fee deducted from card.!",,0,5
positive_confirmation_126,"Bhai Haan membership upgrade confirm karo, fee deducted from card. jaldi batao",positive_confirmation,"Bhai Haan membership upgrade confirm karo, fee deducted from card. jaldi batao",,0,5
positive_confirmation_126,"Sir Haan membership upgrade confirm karo, fee deducted from card. kindly confirm",positive_confirmation,"Sir Haan membership upgrade confirm karo, fee deducted from card. kindly confirm",,0,5
positive_confirmation_126,"Sunna Haan membership upgrade confirm karo, fee deducted from card....",positive_confirmation,"Sunna Haan membership upgrade confirm karo, fee deducted from card.",,1,5
positive_confirmation_126,"Dekho Haan membership upgrade confirm karo, fee deducted from card. actually",positive_confirmation,"Dekho Haan membership upgrade confirm karo, fee deducted from card. actually",,0,5
positive_confirmation_126,"Hello team, Haan membership upgrade confirm karo, fee deducted from card.",positive_confirmation,"Hello team, Haan membership upgrade confirm karo, fee deducted from card.",,0,5
positive_confirmation_127,Sure enroll me in this premium mentorship tier.,positive_confirmation,Sure enroll me in this premium mentorship tier.,,0,5
positive_confirmation_127,Arre Sure enroll me in this premium mentorship tier. please,positive_confirmation,Arre Sure enroll me in this premium mentorship tier. please,,0,5
positive_confirmation_127,"Hey, Sure enroll me in this premium mentorship tier.!",positive_confirmation,"Hey, Sure enroll me in this premium mentorship tier.!",,0,5
positive_confirmation_127,Bhai Sure enroll me in this premium mentorship tier. jaldi batao,positive_confirmation,Bhai Sure enroll me in this premium mentorship tier. jaldi batao,,0,5
positive_confirmation_127,Sir Sure enroll me in this premium mentorship tier. kindly confirm,positive_confirmation,Sir Sure enroll me in this premium mentorship tier. kindly confirm,,0,5
positive_confirmation_127,Sunna Sure enroll me in this premium mentorship tier....,positive_confirmation,Sunna Sure enroll me in this premium mentorship tier.,,1,5
positive_confirmation_127,Dekho Sure enroll me in this premium mentorship tier. actually,positive_confirmation,Dekho Sure enroll me in this premium mentorship tier. actually,,0,5
positive_confirmation_127,"Hello team, Sure enroll me in this premium mentorship tier.",positive_confirmation,"Hello team, Sure enroll me in this premium mentorship tier.",,0,5
positive_confirmation_129,"Bilkul confirm hai, payment gateway QR scan ho gaya successfully.",positive_confirmation,"Bilkul confirm hai, payment gateway QR scan ho gaya successfully.",,0,5
positive_confirmation_129,"Arre Bilkul confirm hai, payment gateway QR scan ho gaya successfully. please",positive_confirmation,"Arre Bilkul confirm hai, payment gateway QR scan ho gaya successfully. please",,0,5
positive_confirmation_129,"Hey, Bilkul confirm hai, payment gateway QR scan ho gaya successfully.!",positive_confirmation,"Hey, Bilkul confirm hai, payment gateway QR scan ho gaya successfully.!",,0,5
positive_confirmation_129,"Bhai Bilkul confirm hai, payment gateway QR scan ho gaya successfully. jaldi batao",positive_confirmation,"Bhai Bilkul confirm hai, payment gateway QR scan ho gaya successfully. jaldi batao",,0,5
positive_confirmation_129,"Sir Bilkul confirm hai, payment gateway QR scan ho gaya successfully. kindly confirm",positive_confirmation,"Sir Bilkul confirm hai, payment gateway QR scan ho gaya successfully. kindly confirm",,0,5
positive_confirmation_129,"Sunna Bilkul confirm hai, payment gateway QR scan ho gaya successfully....",positive_confirmation,"Sunna Bilkul confirm hai, payment gateway QR scan ho gaya successfully.",,1,5
positive_confirmation_129,"Dekho Bilkul confirm hai, payment gateway QR scan ho gaya successfully. actually",positive_confirmation,"Dekho Bilkul confirm hai, payment gateway QR scan ho gaya successfully. actually",,0,5
positive_confirmation_129,"Hello team, Bilkul confirm hai, payment gateway QR scan ho gaya successfully.",positive_confirmation,"Hello team, Bilkul confirm hai, payment gateway QR scan ho gaya successfully.",,0,5
positive_confirmation_130,"Theek hai sir deal close karte hain, receipts bhej dena.",positive_confirmation,"Theek hai sir deal close karte hain, receipts bhej dena.",,0,5
positive_confirmation_130,"Arre Theek hai sir deal close karte hain, receipts bhej dena. please",positive_confirmation,"Arre Theek hai sir deal close karte hain, receipts bhej dena. please",,0,5
positive_confirmation_130,"Hey, Theek hai sir deal close karte hain, receipts bhej dena.!",positive_confirmation,"Hey, Theek hai sir deal close karte hain, receipts bhej dena.!",,0,5
positive_confirmation_130,"Bhai Theek hai sir deal close karte hain, receipts bhej dena. jaldi batao",positive_confirmation,"Bhai Theek hai sir deal close karte hain, receipts bhej dena. jaldi batao",,0,5
positive_confirmation_130,"Sir Theek hai sir deal close karte hain, receipts bhej dena. kindly confirm",positive_confirmation,"Sir Theek hai sir deal close karte hain, receipts bhej dena. kindly confirm",,0,5
positive_confirmation_130,"Sunna Theek hai sir deal close karte hain, receipts bhej dena....",positive_confirmation,"Sunna Theek hai sir deal close karte hain, receipts bhej dena.",,1,5
positive_confirmation_130,"Dekho Theek hai sir deal close karte hain, receipts bhej dena. actually",positive_confirmation,"Dekho Theek hai sir deal close karte hain, receipts bhej dena. actually",,0,5
positive_confirmation_130,"Hello team, Theek hai sir deal close karte hain, receipts bhej dena.",positive_confirmation,"Hello team, Theek hai sir deal close karte hain, receipts bhej dena.",,0,5
positive_confirmation_131,Haan order pack karwa dijiye ready to receive.,positive_confirmation,Haan order pack karwa dijiye ready to receive.,,0,5
positive_confirmation_131,Arre Haan order pack karwa dijiye ready to receive. please,positive_confirmation,Arre Haan order pack karwa dijiye ready to receive. please,,0,5
positive_confirmation_131,"Hey, Haan order pack karwa dijiye ready to receive.!",positive_confirmation,"Hey, Haan order pack karwa dijiye ready to receive.!",,0,5
positive_confirmation_131,Bhai Haan order pack karwa dijiye ready to receive. jaldi batao,positive_confirmation,Bhai Haan order pack karwa dijiye ready to receive. jaldi batao,,0,5
positive_confirmation_131,Sir Haan order pack karwa dijiye ready to receive. kindly confirm,positive_confirmation,Sir Haan order pack karwa dijiye ready to receive. kindly confirm,,0,5
positive_confirmation_131,Sunna Haan order pack karwa dijiye ready to receive....,positive_confirmation,Sunna Haan order pack karwa dijiye ready to receive.,,1,5
positive_confirmation_131,Dekho Haan order pack karwa dijiye ready to receive. actually,positive_confirmation,Dekho Haan order pack karwa dijiye ready to receive. actually,,0,5
positive_confirmation_131,"Hello team, Haan order pack karwa dijiye ready to receive.",positive_confirmation,"Hello team, Haan order pack karwa dijiye ready to receive.",,0,5
positive_confirmation_132,Sure activate the cloud backup subscription on my account.,positive_confirmation,Sure activate the cloud backup subscription on my account.,,0,5
positive_confirmation_132,Arre Sure activate the cloud backup subscription on my account. please,positive_confirmation,Arre Sure activate the cloud backup subscription on my account. please,,0,5
positive_confirmation_132,"Hey, Sure activate the cloud backup subscription on my account.!",positive_confirmation,"Hey, Sure activate the cloud backup subscription on my account.!",,0,5
positive_confirmation_132,Bhai Sure activate the cloud backup subscription on my account. jaldi batao,positive_confirmation,Bhai Sure activate the cloud backup subscription on my account. jaldi batao,,0,5
positive_confirmation_132,Sir Sure activate the cloud backup subscription on my account. kindly confirm,positive_confirmation,Sir Sure activate the cloud backup subscription on my account. kindly confirm,,0,5
positive_confirmation_132,Sunna Sure activate the cloud backup subscription on my account....,positive_confirmation,Sunna Sure activate the cloud backup subscription on my account.,,1,5
positive_confirmation_132,Dekho Sure activate the cloud backup subscription on my account. actually,positive_confirmation,Dekho Sure activate the cloud backup subscription on my account. actually,,0,5
positive_confirmation_132,"Hello team, Sure activate the cloud backup subscription on my account.",positive_confirmation,"Hello team, Sure activate the cloud backup subscription on my account.",,0,5
positive_confirmation_133,Yes go ahead and lock this booking slot for me.,positive_confirmation,Yes go ahead and lock this booking slot for me.,,0,5
positive_confirmation_133,Arre Yes go ahead and lock this booking slot for me. please,positive_confirmation,Arre Yes go ahead and lock this booking slot for me. please,,0,5
positive_confirmation_133,"Hey, Yes go ahead and lock this booking slot for me.!",positive_confirmation,"Hey, Yes go ahead and lock this booking slot for me.!",,0,5
positive_confirmation_133,Bhai Yes go ahead and lock this booking slot for me. jaldi batao,positive_confirmation,Bhai Yes go ahead and lock this booking slot for me. jaldi batao,,0,5
positive_confirmation_133,Sir Yes go ahead and lock this booking slot for me. kindly confirm,positive_confirmation,Sir Yes go ahead and lock this booking slot for me. kindly confirm,,0,5
positive_confirmation_133,Sunna Yes go ahead and lock this booking slot for me....,positive_confirmation,Sunna Yes go ahead and lock this booking slot for me.,,1,5
positive_confirmation_133,Dekho Yes go ahead and lock this booking slot for me. actually,positive_confirmation,Dekho Yes go ahead and lock this booking slot for me. actually,,0,5
positive_confirmation_133,"Hello team, Yes go ahead and lock this booking slot for me.",positive_confirmation,"Hello team, Yes go ahead and lock this booking slot for me.",,0,5
positive_confirmation_134,"Bilkul agreed terms par, start delivery process.",positive_confirmation,"Bilkul agreed terms par, start delivery process.",,0,5
positive_confirmation_134,"Arre Bilkul agreed terms par, start delivery process. please",positive_confirmation,"Arre Bilkul agreed terms par, start delivery process. please",,0,5
positive_confirmation_134,"Hey, Bilkul agreed terms par, start delivery process.!",positive_confirmation,"Hey, Bilkul agreed terms par, start delivery process.!",,0,5
positive_confirmation_134,"Bhai Bilkul agreed terms par, start delivery process. jaldi batao",positive_confirmation,"Bhai Bilkul agreed terms par, start delivery process. jaldi batao",,0,5
positive_confirmation_134,"Sir Bilkul agreed terms par, start delivery process. kindly confirm",positive_confirmation,"Sir Bilkul agreed terms par, start delivery process. kindly confirm",,0,5
positive_confirmation_134,"Sunna Bilkul agreed terms par, start delivery process....",positive_confirmation,"Sunna Bilkul agreed terms par, start delivery process.",,1,5
positive_confirmation_134,"Dekho Bilkul agreed terms par, start delivery process. actually",positive_confirmation,"Dekho Bilkul agreed terms par, start delivery process. actually",,0,5
positive_confirmation_134,"Hello team, Bilkul agreed terms par, start delivery process.",positive_confirmation,"Hello team, Bilkul agreed terms par, start delivery process.",,0,5
positive_confirmation_135,"Theek hai proposal accept ho gaya hai, let's initiate.",positive_confirmation,"Theek hai proposal accept ho gaya hai, let's initiate.",,0,5
positive_confirmation_135,"Arre Theek hai proposal accept ho gaya hai, let's initiate. please",positive_confirmation,"Arre Theek hai proposal accept ho gaya hai, let's initiate. please",,0,5
positive_confirmation_135,"Hey, Theek hai proposal accept ho gaya hai, let's initiate.!",positive_confirmation,"Hey, Theek hai proposal accept ho gaya hai, let's initiate.!",,0,5
positive_confirmation_135,"Bhai Theek hai proposal accept ho gaya hai, let's initiate. jaldi batao",positive_confirmation,"Bhai Theek hai proposal accept ho gaya hai, let's initiate. jaldi batao",,0,5
positive_confirmation_135,"Sir Theek hai proposal accept ho gaya hai, let's initiate. kindly confirm",positive_confirmation,"Sir Theek hai proposal accept ho gaya hai, let's initiate. kindly confirm",,0,5
positive_confirmation_135,"Sunna Theek hai proposal accept ho gaya hai, let's initiate....",positive_confirmation,"Sunna Theek hai proposal accept ho gaya hai, let's initiate.",,1,5
positive_confirmation_135,"Dekho Theek hai proposal accept ho gaya hai, let's initiate. actually",positive_confirmation,"Dekho Theek hai proposal accept ho gaya hai, let's initiate. actually",,0,5
positive_confirmation_135,"Hello team, Theek hai proposal accept ho gaya hai, let's initiate.",positive_confirmation,"Hello team, Theek hai proposal accept ho gaya hai, let's initiate.",,0,5
positive_confirmation_136,"Haan confirm hai booking, send invoice receipt.",positive_confirmation,"Haan confirm hai booking, send invoice receipt.",,0,5
positive_confirmation_136,"Arre Haan confirm hai booking, send invoice receipt. please",positive_confirmation,"Arre Haan confirm hai booking, send invoice receipt. please",,0,5
positive_confirmation_136,"Hey, Haan confirm hai booking, send invoice receipt.!",positive_confirmation,"Hey, Haan confirm hai booking, send invoice receipt.!",,0,5
positive_confirmation_136,"Bhai Haan confirm hai booking, send invoice receipt. jaldi batao",positive_confirmation,"Bhai Haan confirm hai booking, send invoice receipt. jaldi batao",,0,5
positive_confirmation_136,"Sir Haan confirm hai booking, send invoice receipt. kindly confirm",positive_confirmation,"Sir Haan confirm hai booking, send invoice receipt. kindly confirm",,0,5
positive_confirmation_136,"Sunna Haan confirm hai booking, send invoice receipt....",positive_confirmation,"Sunna Haan confirm hai booking, send invoice receipt.",,1,5
positive_confirmation_136,"Dekho Haan confirm hai booking, send invoice receipt. actually",positive_confirmation,"Dekho Haan confirm hai booking, send invoice receipt. actually",,0,5
positive_confirmation_136,"Hello team, Haan confirm hai booking, send invoice receipt.",positive_confirmation,"Hello team, Haan confirm hai booking, send invoice receipt.",,0,5
positive_confirmation_137,Sure proceed with doorstep document verification.,positive_confirmation,Sure proceed with doorstep document verification.,,0,5
positive_confirmation_137,Arre Sure proceed with doorstep document verification. please,positive_confirmation,Arre Sure proceed with doorstep document verification. please,,0,5
positive_confirmation_137,"Hey, Sure proceed with doorstep document verification.!",positive_confirmation,"Hey, Sure proceed with doorstep document verification.!",,0,5
positive_confirmation_137,Bhai Sure proceed with doorstep document verification. jaldi batao,positive_confirmation,Bhai Sure proceed with doorstep document verification. jaldi batao,,0,5
positive_confirmation_137,Sir Sure proceed with doorstep document verification. kindly confirm,positive_confirmation,Sir Sure proceed with doorstep document verification. kindly confirm,,0,5
positive_confirmation_137,Sunna Sure proceed with doorstep document verification....,positive_confirmation,Sunna Sure proceed with doorstep document verification.,,1,5
positive_confirmation_137,Dekho Sure proceed with doorstep document verification. actually,positive_confirmation,Dekho Sure proceed with doorstep document verification. actually,,0,5
positive_confirmation_137,"Hello team, Sure proceed with doorstep document verification.",positive_confirmation,"Hello team, Sure proceed with doorstep document verification.",,0,5
positive_confirmation_138,"Yes approved from my side, execute the order.",positive_confirmation,"Yes approved from my side, execute the order.",,0,5
positive_confirmation_138,"Arre Yes approved from my side, execute the order. please",positive_confirmation,"Arre Yes approved from my side, execute the order. please",,0,5
positive_confirmation_138,"Hey, Yes approved from my side, execute the order.!",positive_confirmation,"Hey, Yes approved from my side, execute the order.!",,0,5
positive_confirmation_138,"Bhai Yes approved from my side, execute the order. jaldi batao",positive_confirmation,"Bhai Yes approved from my side, execute the order. jaldi batao",,0,5
positive_confirmation_138,"Sir Yes approved from my side, execute the order. kindly confirm",positive_confirmation,"Sir Yes approved from my side, execute the order. kindly confirm",,0,5
positive_confirmation_138,"Sunna Yes approved from my side, execute the order....",positive_confirmation,"Sunna Yes approved from my side, execute the order.",,1,5
positive_confirmation_138,"Dekho Yes approved from my side, execute the order. actually",positive_confirmation,"Dekho Yes approved from my side, execute the order. actually",,0,5
positive_confirmation_138,"Hello team, Yes approved from my side, execute the order.",positive_confirmation,"Hello team, Yes approved from my side, execute the order.",,0,5
positive_confirmation_139,"Bilkul ready hu, payment link WhatsApp kar do.",positive_confirmation,"Bilkul ready hu, payment link WhatsApp kar do.",,0,5
positive_confirmation_139,"Arre Bilkul ready hu, payment link WhatsApp kar do. please",positive_confirmation,"Arre Bilkul ready hu, payment link WhatsApp kar do. please",,0,5
positive_confirmation_139,"Hey, Bilkul ready hu, payment link WhatsApp kar do.!",positive_confirmation,"Hey, Bilkul ready hu, payment link WhatsApp kar do.!",,0,5
positive_confirmation_139,"Bhai Bilkul ready hu, payment link WhatsApp kar do. jaldi batao",positive_confirmation,"Bhai Bilkul ready hu, payment link WhatsApp kar do. jaldi batao",,0,5
positive_confirmation_139,"Sir Bilkul ready hu, payment link WhatsApp kar do. kindly confirm",positive_confirmation,"Sir Bilkul ready hu, payment link WhatsApp kar do. kindly confirm",,0,5
positive_confirmation_139,"Sunna Bilkul ready hu, payment link WhatsApp kar do....",positive_confirmation,"Sunna Bilkul ready hu, payment link WhatsApp kar do.",,1,5
positive_confirmation_139,"Dekho Bilkul ready hu, payment link WhatsApp kar do. actually",positive_confirmation,"Dekho Bilkul ready hu, payment link WhatsApp kar do. actually",,0,5
positive_confirmation_139,"Hello team, Bilkul ready hu, payment link WhatsApp kar do.",positive_confirmation,"Hello team, Bilkul ready hu, payment link WhatsApp kar do.",,0,5
positive_confirmation_140,"Theek hai deal pakki, send technician for setup.",positive_confirmation,"Theek hai deal pakki, send technician for setup.",,0,5
positive_confirmation_140,"Arre Theek hai deal pakki, send technician for setup. please",positive_confirmation,"Arre Theek hai deal pakki, send technician for setup. please",,0,5
positive_confirmation_140,"Hey, Theek hai deal pakki, send technician for setup.!",positive_confirmation,"Hey, Theek hai deal pakki, send technician for setup.!",,0,5
positive_confirmation_140,"Bhai Theek hai deal pakki, send technician for setup. jaldi batao",positive_confirmation,"Bhai Theek hai deal pakki, send technician for setup. jaldi batao",,0,5
positive_confirmation_140,"Sir Theek hai deal pakki, send technician for setup. kindly confirm",positive_confirmation,"Sir Theek hai deal pakki, send technician for setup. kindly confirm",,0,5
positive_confirmation_140,"Sunna Theek hai deal pakki, send technician for setup....",positive_confirmation,"Sunna Theek hai deal pakki, send technician for setup.",,1,5
positive_confirmation_140,"Dekho Theek hai deal pakki, send technician for setup. actually",positive_confirmation,"Dekho Theek hai deal pakki, send technician for setup. actually",,0,5
positive_confirmation_140,"Hello team, Theek hai deal pakki, send technician for setup.",positive_confirmation,"Hello team, Theek hai deal pakki, send technician for setup.",,0,5
